date,adj close,close,high,low,open,volume,ema_20,ema_50,ema_200,rsi_14,atr_14,trend
2024-01-16,171.36297607421875,174.0500030517578,179.5,169.35000610351562,171.0,14606264,174.0500030517578,174.0500030517578,174.0500030517578,,,SIDEWAYS
2024-01-17,168.55697631835938,171.1999969482422,176.60000610351562,168.35000610351562,171.0500030517578,6900079,173.77857389904202,173.93823810652194,174.0216447820711,,,DOWN
2024-01-18,174.85816955566406,177.60000610351562,179.75,164.0,171.1999969482422,8865480,174.14251982327758,174.0818368515021,174.0572503673591,,,UP
2024-01-19,174.26744079589844,177.0,181.3999938964844,175.5500030517578,180.0,7352246,174.41466079248926,174.1962746220314,174.08653145823115,,,UP
2024-01-23,168.2615966796875,170.89999389648438,178.89999389648438,160.5500030517578,169.8000030517578,12034231,174.07993061191735,174.06700871122564,174.05482461682075,,,UP
2024-01-24,169.09848022460938,171.75,173.5,165.9499969482422,170.89999389648438,3519120,173.85803245840142,173.97614562451093,174.03189103854393,,,DOWN
2024-01-25,171.7075653076172,174.39999389648438,177.5500030517578,171.25,171.64999389648438,3270472,173.90964783345694,173.99276712537264,174.03555375354833,,,DOWN
2024-01-29,176.82730102539062,179.60000610351562,184.25,173.0,175.4499969482422,10262174,174.45158671631967,174.2126588500057,174.09092143862262,,,UP
2024-01-30,176.5319366455078,179.3000030517578,184.1000061035156,176.64999389648438,181.0500030517578,4830130,174.9133406530281,174.41216254419206,174.14275309646476,,,UP
2024-01-31,174.31666564941406,177.0500030517578,180.6999969482422,176.0,179.3000030517578,1877284,175.11683231004997,174.51560726997894,174.17168095671644,,,UP
2024-02-01,175.89195251464844,178.64999389648438,182.3500061035156,176.0,178.39999389648438,3964871,175.4533238897104,174.67774007886152,174.21624128447536,,,UP
2024-02-02,189.70391845703125,191.6000061035156,198.8000030517578,180.0,181.0,21839790,176.99110314816804,175.34135835433815,174.38921406874442,,,UP
2024-02-05,195.0504608154297,197.0,206.3500061035156,192.5,193.1499938964844,14970646,178.89671237215202,176.19071685024647,174.61419701333404,,,UP
2024-02-06,192.17916870117188,194.1000061035156,198.8500061035156,187.8500061035156,198.25,6303984,180.34464510847238,176.89304191900214,174.80808566099753,,10.560714721679686,UP
2024-02-07,200.59506225585935,202.6000061035156,203.6999969482422,195.3999938964844,195.3999938964844,7860261,182.4642032984765,177.9011581615321,175.08462218281363,74.38085967785858,10.521428789411273,UP
2024-02-08,198.8623809814453,200.8500061035156,206.8000030517578,198.5,203.8000030517578,4596283,184.21523213705166,178.80111298278638,175.3409941621241,75.80504349881605,10.525000435965401,UP
2024-02-09,187.7237091064453,189.6000061035156,202.0,176.64999389648438,200.8500061035156,7116572,184.72806775290536,179.22459898752086,175.48287487795886,59.6308157889967,11.210715157645089,UP
2024-02-12,183.1197204589844,184.9499969482422,195.1499938964844,174.64999389648438,188.6999969482422,9104566,184.74920386674697,179.44912439774524,175.5770750975637,55.99095281735569,12.257144383021764,UP
2024-02-13,180.89198303222656,182.6999969482422,187.6999969482422,179.0,183.9499969482422,3048091,184.55404130307983,179.57660959580394,175.64794994184905,59.44000013671872,11.567859104701451,UP
2024-02-14,201.9316864013672,203.9499969482422,209.0,176.75,178.0,21364386,186.40127517404767,180.53242870766428,175.92956234987287,69.42098515811435,13.332144601004464,UP
2024-02-15,241.98138427734372,244.3999938964844,244.6999969482422,203.1999969482422,205.3500061035156,65831941,191.92496267142258,183.03703910722587,176.61086017620732,78.9975115660851,15.846430097307477,UP
2024-02-16,238.66455078125,241.0500030517578,248.6499938964844,231.0500030517578,239.6999969482422,35332362,196.60353794574024,185.3120573011291,177.25204567745658,75.85191488509429,16.300000871930806,UP
2024-02-19,283.26873779296875,286.1000061035156,289.25,247.8000030517578,252.0,46170497,205.1270111036236,189.26452588161487,178.33510996030296,82.6405895563656,19.21071406773159,UP
2024-02-20,270.49639892578125,273.20001220703125,286.8999938964844,268.54998779296875,286.8999938964844,13275282,211.6101540658529,192.55611358065082,179.2790393358923,77.58967505738136,20.18571472167969,UP
2024-02-21,249.7041931152344,252.1999969482422,285.0,248.0,276.0,14377886,215.4758533879852,194.89508939898772,180.00462100367687,68.9904465722962,22.375000000000007,UP
2024-02-22,250.54579162597656,253.0500030517578,259.8999938964844,242.75,256.79998779296875,10444602,219.05434383215405,197.17567424811597,180.73144072554834,66.92371135095037,22.16071319580079,UP
2024-02-23,243.41705322265625,245.8500061035156,255.8000030517578,244.1999969482422,255.8000030517578,5802449,221.6063116675218,199.0844715757787,181.37938664970721,63.32151744678315,21.93571363176619,UP
2024-02-26,241.13980102539065,243.5500030517578,251.25,236.6000061035156,246.1000061035156,5913775,223.69618703744902,200.82821790817005,181.9979997482351,63.5294098001078,22.196427481515077,UP
2024-02-27,233.2684783935547,235.6000061035156,247.25,234.5,244.0,3932890,224.8298840913601,202.19181744524244,182.53135304530255,59.05598183015009,22.421428135463177,UP
2024-02-28,227.87240600585935,230.1499938964844,251.3999938964844,228.0,236.0,11976447,225.33656121565764,203.2882165217617,183.00517036720487,57.880576639330556,23.499998910086504,UP
2024-02-29,225.5456695556641,227.8000030517578,235.6499938964844,225.6499938964844,232.0,3609539,225.57117472385767,204.2494630523498,183.45089009540936,60.79095865963361,22.40356990269253,UP
2024-03-01,226.8823089599609,229.1499938964844,237.8999938964844,228.0500030517578,230.3999938964844,4075258,225.91201464506022,205.22595445800215,183.90560754616632,62.72308512515765,21.660712105887285,UP
2024-03-04,226.8823089599609,229.1499938964844,234.3999938964844,226.0500030517578,234.0500030517578,3067083,226.22039362138634,206.16415208304068,184.35580044517445,63.54622273987694,21.635711669921886,UP
2024-03-05,237.3278961181641,239.6999969482422,248.3999938964844,228.6999969482422,229.3000030517578,13556465,227.5041653668012,207.47928325422507,184.90648896759305,61.11975116640747,20.73928288051061,UP
2024-03-06,232.27838134765625,234.6000061035156,243.6999969482422,228.25,239.8500061035156,4397666,228.17995972267877,208.5428410130208,185.40095182466692,46.09250866429127,18.87856837681363,UP
2024-03-07,230.8922271728516,233.1999969482422,237.1000061035156,231.1499938964844,234.6499938964844,2873368,228.65805850606577,209.5097883045981,185.87656421395624,46.820572973961795,18.04642704554967,UP
2024-03-11,216.6842498779297,218.8500061035156,234.4499969482422,217.0,233.6999969482422,3025137,227.72395827725148,209.87607135553603,186.2046581631061,13.746630727762792,15.849998474121099,UP
2024-03-12,207.92181396484372,210.0,221.6000061035156,205.5500030517578,218.8500061035156,5119228,226.03596225084658,209.88093130237775,186.44142773362248,14.37429339946506,15.685712541852682,UP
2024-03-13,187.129638671875,189.0,214.1999969482422,189.0,210.0,5564331,222.50872775076596,209.0620712513041,186.4668861641337,14.374295872230775,14.842855181012839,UP
2024-03-14,205.84259033203125,207.8999938964844,207.8999938964844,182.1000061035156,187.0,5621377,221.1174197646439,209.01649959033077,186.68015091768947,28.85245170538971,15.460711887904584,UP
2024-03-15,213.51589965820312,215.6499938964844,218.5,196.6499938964844,207.5,8757494,220.59671253910489,209.27663662194465,186.96840806175712,35.92729932770311,16.192854745047438,UP
2024-03-18,209.80300903320312,211.8999938964844,221.9499969482422,208.25,208.25,5533738,219.76845362076006,209.37951337780893,187.2164835426997,35.448269610984326,16.124997820172997,UP
2024-03-19,217.82286071777344,220.0,232.1999969482422,209.0500030517578,212.8500061035156,16535076,219.79050565687817,209.7960030492674,187.54268768655345,42.837462360950965,16.867854527064736,UP
2024-03-20,216.63473510742188,218.8000030517578,227.0,215.1499938964844,222.0,8298617,219.69617207543814,210.14910108858075,187.85370574988883,44.57716523573264,16.042855398995535,UP
2024-03-21,215.7931365966797,217.9499969482422,226.0,216.3000030517578,221.3500061035156,4241829,219.52986968237187,210.45501857327335,188.15317133395206,45.22539666197143,16.021426609584264,UP
2024-03-22,219.2584991455078,221.4499969482422,225.6999969482422,216.3999938964844,218.5,4627479,219.7127389457881,210.88619419582116,188.4844830316067,46.34378123215369,15.964284624372207,UP
2024-03-26,221.53575134277344,223.75,230.3999938964844,217.8000030517578,222.5,7148180,220.09723999857016,211.39065716853406,188.83538369795886,47.49070929824605,16.267856052943635,UP
2024-03-27,217.52581787109372,219.6999969482422,227.5500030517578,218.0500030517578,224.0,3949031,220.05940732711034,211.7165136304834,189.14249427756369,40.108803762325124,15.539284842354904,UP
2024-03-28,216.38720703125,218.5500030517578,222.6000061035156,216.6999969482422,219.6999969482422,2480435,219.91565453898153,211.9844936077883,189.4351063051676,41.73957718001586,14.857142857142849,UP
2024-04-01,226.48626708984372,228.75,229.5,219.0,219.0,4538462,220.75702077336425,212.64196444669855,189.8262992772555,47.8999541876268,15.214284624372207,UP
2024-04-02,235.44671630859372,237.8000030517578,239.8999938964844,231.0,231.1999969482422,7370309,222.38016194273507,213.62855419591656,190.30364956356897,59.4138078611637,14.764284406389507,UP
2024-04-03,235.34768676757807,237.6999969482422,244.8999938964844,236.0,238.9499969482422,5978189,223.83919384802147,214.5725323430666,190.77525501018266,65.07072589157228,14.253569466727123,UP
2024-04-04,232.6249084472656,234.9499969482422,239.8000030517578,232.5,239.0,2284008,224.89736557185202,215.3716486020931,191.21480468120814,81.19483451208241,12.974998474121096,UP
2024-04-05,235.8922576904297,238.25,242.6000061035156,230.0500030517578,235.5500030517578,4515447,226.16904504119947,216.26883885299142,191.68281657492747,76.14125454806398,12.028570992606022,UP
2024-04-08,230.84271240234372,233.1499938964844,241.3500061035156,232.3500061035156,240.3000030517578,2431771,226.8338973131314,216.9308449331284,192.0954253044952,65.794216866408,11.11071341378348,UP
2024-04-09,224.95159912109372,227.1999969482422,235.3000030517578,225.0,234.0,2256475,226.8687639450467,217.3335567768584,192.444724524831,63.281247723434525,10.86785670689174,UP
2024-04-10,221.2882232666016,223.5,229.3999938964844,222.3999938964844,227.25,2405692,226.54792928361368,217.57537807972668,192.75373224100184,53.289472929422956,9.714285714285712,UP
2024-04-12,219.7040557861328,221.8999938964844,230.8999938964844,220.8000030517578,223.4499969482422,4528615,226.10526877055375,217.74497085685442,193.04374479478776,52.89178135188834,9.589284624372212,UP
2024-04-15,220.69415283203125,222.8999938964844,229.8000030517578,209.1000061035156,217.8000030517578,7422162,225.80000449683286,217.94712862311442,193.3408219002773,54.60464701675858,10.3749989100865,UP
2024-04-16,223.1694183349609,225.3999938964844,228.3999938964844,221.0500030517578,222.6000061035156,2884823,225.76190824918064,218.23939784952108,193.65981863655796,53.744071853689256,10.235712323869986,UP
2024-04-18,220.94168090820312,223.1499938964844,233.6999969482422,221.8000030517578,225.3999938964844,3214220,225.5131545013048,218.43197024351966,193.95325321625873,49.430734378999304,10.185712541852684,UP
2024-04-19,224.7535858154297,227.0,229.0,215.75,221.8999938964844,4323901,225.65475883451387,218.76797141044045,194.28207656734074,56.952381838151666,10.453569684709828,UP
2024-04-22,220.99118041992188,223.1999969482422,230.0,222.3500061035156,229.0,2197288,225.42097198820227,218.9417763334915,194.56981706864326,54.21576775884318,10.578568594796327,UP
2024-04-23,222.3278350830078,224.5500030517578,228.8999938964844,223.0,224.8000030517578,1921727,225.33802256568376,219.16170679303136,194.86812737693296,45.46436943511871,10.217854091099342,UP
2024-04-24,246.23883056640625,248.6999969482422,253.6999969482422,225.1000061035156,226.25,39849649,227.5629725068798,220.32007111284355,195.40376787017982,58.876212998693816,11.503568376813627,UP
2024-04-25,247.5754852294922,250.0500030517578,256.70001220703125,246.1499938964844,250.9499969482422,16189162,229.70459446353482,221.48595079672253,195.94751150382737,59.85634580275083,11.621427263532372,UP
2024-04-26,248.4665679931641,250.9499969482422,259.20001220703125,245.6499938964844,251.1000061035156,13778089,231.72796612874504,222.6414035869782,196.49479991620962,63.157890774207644,12.067856924874446,UP
2024-04-29,247.9715118408203,250.4499969482422,256.8999938964844,248.5,252.4499969482422,5756512,233.51101668298287,223.73193665996897,197.03166754836914,60.517235981583184,11.771427699497774,UP
2024-04-30,247.6744842529297,250.1499938964844,259.8999938964844,248.0,251.75,7059373,235.09568117950684,224.7679389045382,197.56020810904693,65.9774399429115,11.97857012067523,UP
2024-05-02,251.5359039306641,254.0500030517578,257.1499938964844,246.1499938964844,251.3999938964844,5786927,236.9008546911498,225.91625514560565,198.1222956209147,76.24632774968325,12.028569902692526,UP
2024-05-03,249.01112365722656,251.5,258.6000061035156,248.0,255.3500061035156,5741569,238.29124948246886,226.9195392575427,198.65341705752255,77.99998291016675,12.285713195800785,UP
2024-05-06,226.7832946777344,229.0500030517578,256.5,228.0,254.0,11818155,237.41113077478207,227.00308685731588,198.955870649505,55.04587649925363,13.5999995640346,UP
2024-05-07,212.57530212402344,214.6999969482422,233.8999938964844,214.0,231.1499938964844,8075118,235.2481656484449,226.52061274323455,199.11252862262677,45.130644730744955,13.542856488909042,UP
2024-05-08,219.5555419921875,221.75,227.3500061035156,215.5,215.8000030517578,6688582,233.96262606287874,226.33352989055868,199.33777709404342,47.94366611752236,13.921429225376672,UP
2024-05-09,212.3277740478516,214.4499969482422,222.6499938964844,213.1499938964844,222.0,3380710,232.10428043291336,225.86750899086002,199.48814744085138,45.362476633970886,13.750001089913502,UP
2024-05-10,208.4663848876953,210.5500030517578,218.3500061035156,207.3999938964844,218.0,4939616,230.05149211089852,225.26682248344423,199.59821565588527,41.23601853816444,13.585716247558588,UP
2024-05-13,203.36734008789065,205.3999938964844,210.8000030517578,199.5,210.8000030517578,5939153,227.70373037619242,224.48773116630855,199.65594479260764,40.65126159855965,13.846431187220974,UP
2024-05-14,207.872314453125,209.9499969482422,214.4499969482422,204.5,206.0,6823380,226.01289862114956,223.91762394207066,199.75837317226572,42.581299552284904,14.135717119489387,UP
2024-05-15,208.3673553466797,210.4499969482422,213.6499938964844,209.6499938964844,210.6000061035156,3590719,224.5307175094441,223.38948170701858,199.86475748844458,24.414726164556384,12.339288984026217,UP
2024-05-16,206.6346740722656,208.6999969482422,216.8000030517578,208.0,211.8000030517578,3620949,223.02302983694867,222.81342348118423,199.95267031889034,22.488361496940485,12.214287894112715,UP
2024-05-17,207.12973022460935,209.1999969482422,211.3000030517578,207.3000030517578,210.0,3268675,221.7065505142147,222.2795636171473,200.0446835191824,22.073589996607296,11.532143729073654,SIDEWAYS
2024-05-21,209.8525238037109,211.9499969482422,216.4499969482422,210.0,214.0,3667361,220.77735493650303,221.87448257130788,200.1631443493223,25.000009908300612,11.4500013078962,SIDEWAYS
2024-05-22,207.5257873535156,209.6000061035156,214.75,208.5,213.6999969482422,3170858,219.7128455238376,221.3931305529631,200.25704347125458,24.3516898163965,11.046430315290172,SIDEWAYS
2024-05-23,209.75352478027344,211.8500061035156,216.8000030517578,210.1000061035156,210.3000030517578,4315317,218.9640036742831,221.01889037847496,200.37239633326712,22.73902328384476,10.775001525878904,SIDEWAYS
2024-05-24,216.4862060546875,218.6499938964844,222.6000061035156,210.5500030517578,212.8500061035156,10440953,218.93409798115943,220.92599247722043,200.55426297568718,29.883644483083046,10.87857273646763,SIDEWAYS
2024-05-27,216.09017944335935,218.25,222.5,216.1999969482422,220.6000061035156,4299274,218.86894579247758,220.82105159576082,200.73033996100375,40.93959336344982,9.292858668736045,SIDEWAYS
2024-05-28,211.78321838378903,213.8999938964844,220.0,211.5,220.0,3148044,218.39571227857346,220.54963756833823,200.8613812936951,49.193545161870894,8.47857339041573,SIDEWAYS
2024-05-29,213.5654144287109,215.6999969482422,216.3500061035156,210.25,212.6999969482422,2602678,218.13897748520856,220.3594555832364,201.00902921065577,43.1792510702658,8.010716029575887,SIDEWAYS
2024-05-30,205.2980499267578,207.3500061035156,216.3500061035156,206.0,214.0,2077745,217.1114564012378,219.8492810938356,201.07212350809715,42.18062314369514,8.071430751255573,SIDEWAYS
2024-05-31,201.1396026611328,203.1499938964844,210.6999969482422,201.3500061035156,208.0,3843161,215.781793305547,219.19440708609633,201.09279883534478,41.90370935510746,7.957143511090957,SIDEWAYS
2024-06-03,210.49609375,212.6000061035156,216.5,206.6499938964844,211.1000061035156,4637350,215.4787659529726,218.93580312599514,201.20729841015245,57.2000122070312,8.103572300502227,SIDEWAYS
2024-06-04,196.98117065429688,198.9499969482422,214.0,170.10000610351562,214.0,7035629,213.90459747633162,218.1520460209852,201.18483769908866,40.69374038580204,10.528572082519528,SIDEWAYS
2024-06-05,197.0306701660156,199.0,203.6999969482422,187.3999938964844,200.0,3186574,212.48511200239528,217.4009853927113,201.1630980204908,40.2387083027312,11.407143729073654,SIDEWAYS
2024-06-06,199.7534637451172,201.75,209.25,200.5,201.0500030517578,3289031,211.46272038311955,216.7872212596638,201.1689378411824,44.174353829392686,11.510714939662382,SIDEWAYS
2024-06-07,203.36734008789065,205.3999938964844,208.1999969482422,202.1499938964844,204.5,2212723,210.88531786058286,216.34066332385282,201.21103790143417,46.974520010272975,11.685714721679682,SIDEWAYS
2024-06-10,203.3772430419922,205.41000366210935,209.2400054931641,204.5,207.2899932861328,1612353,210.36385936549016,215.91201000378445,201.25281865527174,44.555451306663706,11.506429399762832,SIDEWAYS
2024-06-11,211.0802459716797,213.19000244140625,215.8999938964844,205.0200042724609,207.0,6699297,210.63301584891073,215.80526460918136,201.3715966033925,52.74087280525376,11.837142944335938,SIDEWAYS
2024-06-12,211.49609375,213.6100006103516,218.5,212.91000366210935,214.3999938964844,3286243,210.9165382071432,215.71917582491355,201.49337176764087,51.38233897560013,11.722142900739398,SIDEWAYS
2024-06-13,215.1594696044922,217.30999755859372,218.5,212.6199951171875,215.0,3644046,211.52543909775753,215.78156099094022,201.6507511287449,48.89366271742374,11.281428745814734,SIDEWAYS
2024-06-14,212.99114990234372,215.1199951171875,220.3000030517578,214.3500061035156,217.8000030517578,3180985,211.86777776627466,215.7556172311852,201.78477345698812,47.48997350087073,11.256428309849335,SIDEWAYS
2024-06-18,212.67431640625,214.8000030517578,220.3000030517578,214.0,216.3000030517578,2170953,212.14703731727306,215.7181421653253,201.9142782290754,50.771612488654654,11.099285670689179,SIDEWAYS
2024-06-19,212.44659423828125,214.57000732421875,219.8000030517578,208.3600006103516,215.8000030517578,3553040,212.3777963655536,215.67311726959565,202.04020588176337,49.00441469586351,11.480713980538509,SIDEWAYS
2024-06-20,210.5356903076172,212.63999938964844,215.94000244140625,212.0,214.66000366210935,1411542,212.40276808213406,215.55417147038202,202.14567646393138,55.25530487392639,11.022856576102127,SIDEWAYS
2024-06-21,210.5554962158203,212.66000366210935,217.8800048828125,211.3699951171875,213.1499938964844,2507593,212.42726670879836,215.44067469358703,202.25029663505757,60.30336374288803,10.820000784737728,SIDEWAYS
2024-06-24,222.13970947265625,224.3600006103516,230.0,208.80999755859372,210.6999969482422,20326064,213.56371755656534,215.79045218051897,202.47029368953812,62.14875235778204,11.38000052315849,SIDEWAYS
2024-06-25,213.81292724609372,215.9499969482422,224.6999969482422,215.3500061035156,224.3600006103516,4164226,213.79098226053458,215.79670883807677,202.60442009012226,69.69415958938447,8.912143162318648,SIDEWAYS
2024-06-26,216.40701293945312,218.57000732421875,219.8000030517578,213.58999633789065,216.5,3442543,214.24612750469498,215.9054656414549,202.76328165464062,71.39733503461171,8.191429138183604,SIDEWAYS
2024-06-27,211.93174743652344,214.0500030517578,219.3999938964844,212.1000061035156,218.1999969482422,1935897,214.22744898536763,215.83270240264326,202.8755873401841,62.94736747424719,7.9807139805385185,SIDEWAYS
2024-06-28,212.2089691162109,214.3300018310547,219.8000030517578,213.25,215.6499938964844,2024591,214.2372159230521,215.7737729684633,202.9895616137251,60.11783804529916,7.987857273646777,SIDEWAYS
2024-07-01,213.78323364257807,215.9199981689453,217.0,213.1999969482422,214.8999938964844,1491018,214.39748089885146,215.77950729005084,203.11822267397608,61.49638258929364,7.920714242117758,SIDEWAYS
2024-07-02,212.26837158203125,214.38999938964844,219.97999572753903,213.97999572753903,215.9199981689453,1910355,214.39676837416545,215.72501678415273,203.23037965622157,51.52052299045919,7.572143554687508,SIDEWAYS
2024-07-03,216.8426513671875,219.00999450683597,220.9900054931641,213.57000732421875,215.6000061035156,3101661,214.83612324394358,215.85383943994424,203.38739074926252,56.18414274340842,7.702857971191414,SIDEWAYS
2024-07-04,215.13966369628903,217.2899932861328,221.8000030517578,217.0,220.8000030517578,1771402,215.0698251527235,215.91015919861832,203.52572510286325,49.97600255679856,7.625714983258937,SIDEWAYS
2024-07-05,215.8030548095703,217.9600067138672,220.9499969482422,216.0,217.2899932861328,2302889,215.34508053949907,215.9905453756869,203.66934979551007,53.535869345920304,7.554286411830363,SIDEWAYS
2024-07-08,216.7139434814453,218.8800048828125,224.3500061035156,217.8000030517578,218.6000061035156,3729938,215.681740000767,216.10385751322124,203.8206995973738,55.00490594474718,7.572143554687504,SIDEWAYS
2024-07-09,230.5159912109375,232.82000732421875,244.52999877929688,219.5,219.5,55320068,217.31395593633385,216.75939279992704,204.10924992301406,66.75233097686444,8.587142944335943,UP
2024-07-10,227.50607299804688,229.77999877929688,238.8999938964844,224.1999969482422,236.5,11372488,218.50119811185417,217.270004799118,204.3646802598925,65.41920602180976,9.355713980538512,UP
2024-07-11,239.5160369873047,241.91000366210935,248.8000030517578,229.0,231.6000061035156,30364383,220.73060816425942,218.23627926433335,204.73826556737725,71.60583967932435,10.304999215262285,UP
2024-07-12,237.83287048339844,240.2100067138672,244.83999633789065,238.6999969482422,243.8000030517578,6374593,222.58578897850776,219.09799406627585,205.09121821560103,63.73721359700418,9.229998997279584,UP
2024-07-15,238.575439453125,240.9600067138672,248.0,235.2100067138672,242.6100006103516,10708332,224.33571447711344,219.95532789559314,205.448121583743,74.99499812124554,9.475713457380028,UP
2024-07-16,236.24868774414065,238.6100006103516,253.55999755859372,237.0,241.5,32391179,225.6951702993266,220.68688368832878,205.77809052928137,70.13663907554357,10.21499851771764,UP
2024-07-18,226.86251831054688,229.1300048828125,241.1999969482422,228.1100006103516,239.5,8308978,226.02229740251573,221.01798648026931,206.01044788603295,63.77923728943533,10.628570556640625,UP
2024-07-19,213.9713592529297,216.1100006103516,229.9199981689453,214.0,229.7400054931641,8167913,225.07826913659534,220.82551644615492,206.11094094796647,51.31929899164456,11.297855922154017,UP
2024-07-22,212.59510803222656,214.72000122070312,221.8500061035156,211.3600006103516,215.0,4328726,224.0917674303199,220.58608447652935,206.19660323923748,49.10794194039728,11.775713239397318,UP
2024-07-23,201.36734008789065,203.3800048828125,211.3500061035156,198.5,200.0,13020058,222.11921861627155,219.9113362571679,206.1685773849447,42.85714851388704,12.505713326590397,UP
2024-07-24,215.6248321533203,217.77999877929688,220.0,203.2899932861328,203.58999633789065,10065855,221.70595958417874,219.8277543952906,206.2841139162318,49.29188518998284,13.169285365513387,UP
2024-07-25,214.43670654296875,216.5800018310547,224.8999938964844,211.6100006103516,215.9900054931641,8699987,221.21777313150028,219.7003915496343,206.38656056215044,49.58879224225148,13.775713239397316,UP
2024-07-26,212.75352478027344,214.8800048828125,218.3999938964844,213.6199951171875,217.0,3223891,220.61417615543476,219.51135677838639,206.47107244593812,48.237178451501904,13.763570513044082,UP
2024-07-29,217.99118041992188,220.1699981689453,221.6499938964844,214.0,216.00999450683597,4877109,220.5718734900548,219.53718585252597,206.607380164575,50.7031469236979,13.842141287667411,UP
2024-07-30,216.79315185546875,218.9600067138672,224.3999938964844,218.0,220.0,5080158,220.41836236851313,219.51455137650015,206.73029187153313,41.22784602063258,12.467141287667413,UP
2024-07-31,218.3179168701172,220.5,222.1499938964844,217.22000122070312,219.72999572753903,3362677,220.4261373810357,219.55319642055898,206.8673038927119,44.01290165578599,11.769283839634488,UP
2024-08-01,219.06048583984372,221.25,223.3800048828125,217.75,221.8500061035156,3857246,220.50460048760374,219.61973773739982,207.01041529676453,34.376879368269186,10.757141113281252,UP
2024-08-02,215.8129425048828,217.97000122070312,219.7100067138672,213.1999969482422,218.3999938964844,3043392,220.26321008123224,219.55504218772543,207.1194659029729,33.57458159455551,10.893569946289062,UP
2024-08-05,206.8623962402344,208.92999267578125,213.8999938964844,203.16000366210935,212.0,3668179,219.18385604261786,219.13837357941392,207.13748109474216,28.924842356918433,11.03785596575056,UP
2024-08-06,196.92176818847656,198.88999938964844,214.58999633789065,197.8800048828125,210.0,6145635,217.2511077899541,218.3443196896192,207.05541660016414,26.26671893946991,11.048569815499448,SIDEWAYS
2024-08-07,201.82276916503903,203.83999633789065,206.3000030517578,200.8000030517578,204.8500061035156,2660210,215.97385908023375,217.77552269543378,207.02342236869876,34.02399226399281,10.642856052943646,SIDEWAYS
2024-08-08,200.1000061035156,202.1000061035156,205.6999969482422,201.1499938964844,204.25,1629434,214.65253974911775,217.16079655457423,206.97443315212976,39.67879404441395,9.83071354457311,SIDEWAYS
2024-08-09,204.9600067138672,204.9600067138672,208.6999969482422,202.67999267578125,202.9900054931641,3118191,213.72944136480817,216.68233420787985,206.95438910796796,42.96221411480807,9.552855355399007,SIDEWAYS
2024-08-12,207.13999938964844,207.13999938964844,210.9499969482422,198.5,201.00999450683597,4269388,213.101875462412,216.30812499932176,206.9562359764424,53.12395964150687,9.283569335937512,SIDEWAYS
2024-08-13,204.0399932861328,204.0399932861328,208.0,202.80999755859372,208.0,2379482,212.23883906467114,215.827021794883,206.92721863624033,35.9451544719559,8.46071188790459,SIDEWAYS
2024-08-14,203.8500061035156,203.8500061035156,208.0,200.7400054931641,204.3000030517578,3237291,211.43990259218012,215.35733490502545,206.89659960606397,36.70356256604207,8.029997689383382,SIDEWAYS
2024-08-16,203.6699981689453,203.6699981689453,207.83999633789065,202.1499938964844,206.0,1379563,210.69991169472917,214.89900797419878,206.86449411912747,37.90721002267919,8.094997950962622,SIDEWAYS
2024-08-19,211.5399932861328,211.5399932861328,216.0,205.8000030517578,205.8000030517578,6048514,210.77991946533905,214.76728190800014,206.91101649889868,41.18126756882679,8.429284232003356,SIDEWAYS
2024-08-20,212.22000122070312,212.22000122070312,214.1999969482422,210.3999938964844,214.0399932861328,2042065,210.91707010870707,214.66738854771398,206.9638422175236,43.03718133470958,8.243570600237168,SIDEWAYS
2024-08-21,213.2400054931641,213.2400054931641,214.9900054931641,211.0,213.0,1614082,211.13830205008392,214.61141274165323,207.02629160335087,42.418550459341326,8.176428658621656,SIDEWAYS
2024-08-22,212.7100067138672,212.7100067138672,215.3500061035156,212.0,212.8500061035156,1324750,211.28798820853947,214.53684779938712,207.08284598256,41.040709857224996,8.013571602957592,SIDEWAYS
2024-08-23,213.75,213.75,219.9900054931641,212.75,213.00999450683597,5600916,211.5224655220119,214.50599102294058,207.14918582352956,45.354466305006596,7.958571297781812,SIDEWAYS
2024-08-26,211.3999938964844,211.3999938964844,215.5,210.5,215.0,1325276,211.51080155767596,214.38418721405995,207.19148242127042,53.18874576078874,7.257857186453685,SIDEWAYS
2024-08-27,207.19000244140625,207.19000244140625,212.7899932861328,206.0500030517578,212.0,1632017,211.099296879936,214.10206232101473,207.19146769510263,62.61399459124268,6.545714242117746,SIDEWAYS
2024-08-28,208.4499969482422,208.4499969482422,211.0399932861328,204.0,207.75,2455446,210.84698260072707,213.88041269855304,207.20399037423837,57.89114064895606,6.519284929547991,SIDEWAYS
2024-08-29,210.1999969482422,210.1999969482422,211.0,206.66000366210935,209.0,1877341,210.78536491953804,213.73608266912908,207.233801384925,63.86036060264414,6.504284449986053,SIDEWAYS
2024-08-30,207.3699951171875,207.3699951171875,211.7899932861328,207.0,210.1999969482422,1136482,210.46009160502845,213.4864321768961,207.23515654644004,54.12810801910093,6.374998910086497,SIDEWAYS
2024-09-02,203.6000061035156,203.6000061035156,210.3500061035156,202.3999938964844,210.0,2920633,209.8067501286939,213.0987291936263,207.19898589526667,44.249520497997935,6.053571428571426,SIDEWAYS
2024-09-03,203.6999969482422,203.6999969482422,205.52999877929688,202.8000030517578,205.0,1128778,209.22515458769848,212.73015145851318,207.1641700848485,49.388054848213876,5.877856663295197,SIDEWAYS
2024-09-04,201.67999267578125,201.67999267578125,205.25,201.1999969482422,203.32000732421875,1324493,208.50656773894445,212.29681189840605,207.10960115540507,46.33567291241529,5.648571559361047,SIDEWAYS
2024-09-05,201.91000366210935,201.91000366210935,205.8000030517578,200.8999938964844,201.0,1593908,207.87832354115065,211.88948608521795,207.0578638669146,47.03304923302172,5.592143467494416,SIDEWAYS
2024-09-06,197.2100067138672,197.2100067138672,202.88999938964844,196.1499938964844,202.0,1644223,206.86229336712364,211.3138202275179,206.95987523852608,22.95207275374881,5.19285801478794,SIDEWAYS
2024-09-09,189.75999450683597,189.75999450683597,197.0,189.0,197.0,1899406,205.2335029994772,210.4685721600402,206.78873214666848,16.235702911419708,5.507858276367183,SIDEWAYS
2024-09-10,194.67999267578125,194.67999267578125,195.6499938964844,190.0,190.0,1705369,204.22840677817283,209.84941218026535,206.6682471768089,25.026885616944256,5.643572126116065,SIDEWAYS
2024-09-11,187.1699981689453,187.1699981689453,195.75,186.00999450683597,195.0,1613314,202.60379643443687,208.9600233955077,206.47423474886997,21.069304794939598,6.100000653948096,SIDEWAYS
2024-09-12,188.91000366210935,188.91000366210935,189.6999969482422,185.05999755859372,189.00999450683597,1336309,201.2996256942152,208.17374811184504,206.299466280345,22.30151832450035,5.911429268973208,SIDEWAYS
2024-09-13,190.97999572753903,190.97999572753903,193.6000061035156,188.0800018310547,189.6999969482422,1295825,200.31680379262698,207.49948331246048,206.14703373753102,27.087066561699586,5.948572431291844,SIDEWAYS
2024-09-16,189.4900054931641,189.4900054931641,192.6300048828125,188.6000061035156,192.0,667464,199.28568014505908,206.79322928033122,205.98129216296022,28.84798643338405,5.755001613071981,SIDEWAYS
2024-09-17,186.88999938964844,186.88999938964844,191.1999969482422,186.3999938964844,190.0,897883,198.10513912073424,206.01271046108877,205.79132905078797,25.034736897157515,5.595002310616621,SIDEWAYS
2024-09-18,190.42999267578125,190.42999267578125,195.8600006103516,187.25,189.33999633789065,6171306,197.3741727926435,205.40162348911593,205.63847993262868,28.018667507251863,5.925716945103228,DOWN
2024-09-19,183.9900054931641,183.9900054931641,190.8999938964844,182.0,190.5,1849584,196.09949019269308,204.56195219515703,205.42307222676337,25.93659589344216,6.2192884172711995,DOWN
2024-09-20,181.75,181.75,186.33999633789065,180.3600006103516,185.77999877929688,1771823,194.7328720791033,203.66736583456264,205.18751926928314,26.780008743401865,6.078572954450332,DOWN
2024-09-23,184.1100006103516,184.1100006103516,187.75,182.8999938964844,183.4900054931641,1746805,193.72117003446027,202.900410335574,204.97779271546295,30.135877805902965,6.3121446881975425,DOWN
2024-09-24,181.3300018310547,181.3300018310547,185.4499969482422,180.5,184.8999938964844,1368166,192.54105877699308,202.05451196284776,204.74249131362805,29.678456091890368,6.376429966517855,DOWN
2024-09-25,177.8800048828125,177.8800048828125,182.72999572753903,176.82000732421875,181.3500061035156,1533669,191.14476792992826,201.1064920773562,204.47520289143088,27.453547863195965,6.448571341378346,DOWN
2024-09-26,177.7899932861328,177.7899932861328,179.0,174.60000610351562,179.0,1462081,189.87288463051917,200.19211957573958,204.20967841774635,30.053393231716697,6.281427655901227,DOWN
2024-09-27,179.75999450683594,179.75999450683594,185.8999938964844,178.5500030517578,179.0,4971714,188.90975223778742,199.39085976911593,203.96639798082188,38.42592102019172,6.2742843627929705,DOWN
2024-09-30,182.17999267578125,182.17999267578125,183.6499938964844,178.3300018310547,180.9900054931641,1790903,188.2688227556916,198.71592380467143,203.74961782853293,34.64372773509231,6.233569553920205,DOWN
2024-10-01,180.8999938964844,180.8999938964844,186.4499969482422,180.1499938964844,183.0500030517578,2125412,187.5670295310052,198.01725988670333,203.522258386423,40.90512499861669,5.987855093819759,DOWN
2024-10-03,177.8000030517578,177.8000030517578,180.6000061035156,176.5,180.0,1152169,186.63683653298165,197.22442628533292,203.26631554727211,34.49621894314387,5.97071184430804,DOWN
2024-10-04,179.38999938964844,179.38999938964844,180.9199981689453,174.30999755859375,177.6999969482422,1908907,185.9466615669499,196.5250369953061,203.02874026212166,33.60678310835782,6.048568725585944,DOWN
2024-10-07,172.1699981689453,172.1699981689453,180.9900054931641,167.77000427246094,179.9499969482422,2088634,184.63459838618758,195.56993743348804,202.72168810199057,28.919166278510886,6.7049974714006755,DOWN
2024-10-08,175.1199951171875,175.1199951171875,176.1999969482422,168.5,172.17999267578125,1175310,183.72844569390188,194.76797891128018,202.447044390699,35.795304503794455,6.912139892578133,DOWN
2024-10-09,177.19000244140625,177.19000244140625,179.25999450683594,175.8800048828125,175.88999938964844,711934,183.10573681271183,194.0786465006969,202.1957305404573,33.433442110142835,6.5671397617885106,DOWN
2024-10-10,175.6999969482422,175.6999969482422,178.1999969482422,175.1999969482422,178.0,581679,182.4004282541909,193.35791514569866,201.9320914002363,38.1605166630637,6.145711626325339,DOWN
2024-10-11,174.72999572753906,174.72999572753906,179.60000610351562,174.0,175.77999877929688,1121622,181.66991087070025,192.62740850184926,201.6614237816025,39.59691296748125,6.118569510323665,DOWN
2024-10-14,172.47999572753906,172.47999572753906,175.36000061035156,171.61000061035156,175.0,800826,180.79468085706586,191.83731388324887,201.37106131340286,32.708886122171904,5.957855224609379,DOWN
2024-10-15,169.8800048828125,169.8800048828125,175.38999938964844,169.35000610351562,173.10000610351562,1206470,179.75518790713696,190.9762429420553,201.05771746832235,32.884905840262135,6.0357121058872805,DOWN
2024-10-16,169.9600067138672,169.9600067138672,172.77000427246094,168.8000030517578,169.8800048828125,1210555,178.82231350777795,190.1520768154597,200.74828751056657,36.83511022800423,5.897141592843198,DOWN
2024-10-17,168.77999877929688,168.77999877929688,176.64999389648438,167.72000122070312,169.9600067138672,3927867,177.86590258125594,189.3139561081592,200.4301950853798,35.547008283413064,6.220712934221546,DOWN
2024-10-18,165.52999877929688,165.52999877929688,168.77000427246094,164.57000732421875,167.91000366210938,1292952,176.69105460011698,188.3812518991842,200.0829294504934,28.0739644594791,5.942140851702013,DOWN
2024-10-21,158.25,158.25,161.8000030517578,156.50999450683594,159.47000122070312,3872796,174.93476368582014,187.1996341776476,199.66668139625963,17.93085735505582,6.206427437918529,DOWN
2024-10-22,147.13999938964844,147.13999938964844,158.9199981689453,146.35000610351562,158.36000061035156,3971959,172.28764327666093,185.62866810753,199.14402784395506,14.191774560937546,6.654283796037951,DOWN
2024-10-23,154.6199951171875,154.6199951171875,157.11000061035156,141.3699951171875,147.13999938964844,4603722,170.60501011861584,184.41264171575185,198.70100264269368,27.503876152664887,7.464284624372212,DOWN
2024-10-24,155.35000610351562,155.35000610351562,156.72999572753906,149.47000122070312,155.89999389648438,2375770,169.15215259336819,183.27293051527198,198.2696494432989,26.27320932936351,7.510712759835381,DOWN
2024-10-25,144.83999633789062,144.83999633789062,155.0,143.1999969482422,155.0,2639413,166.83670914046556,181.76575662596292,197.7380111039416,24.671002856885067,7.434284755161831,DOWN
2024-10-28,144.05999755859375,144.05999755859375,148.39999389648438,142.66000366210938,145.9499969482422,2525796,164.66749851362061,180.2870994076347,197.2039015164257,20.007744317297764,7.294284275599888,DOWN
2024-10-29,146.5800018310547,146.5800018310547,149.75,143.02000427246094,144.91000366210938,2138443,162.94487978194766,178.96525244384725,196.7001811215464,20.696931620618145,7.479284014020648,DOWN
2024-10-30,148.6999969482422,148.6999969482422,150.47999572753906,143.75,146.38999938964844,1914610,161.5882242739757,177.7783796793137,196.2225673486777,24.46084762172532,7.7457122802734375,DOWN
2024-10-31,147.75999450683594,147.75999450683594,149.72999572753906,146.22000122070312,148.66000366210938,1121987,160.2712500104386,176.60118810392242,195.74035269353502,24.474737368684345,7.59642573765346,DOWN
2024-11-01,151.5,151.5,151.99000549316406,148.61000061035156,148.61000061035156,471013,159.4358928665873,175.61682778612155,195.30015017917148,30.688524479643775,7.630712236676898,DOWN
2024-11-04,147.5800018310547,147.5800018310547,152.22000122070312,145.1300048828125,152.0,1477870,158.30676038701276,174.51734441533463,194.82532283242406,29.960468129743518,7.705712454659598,DOWN
2024-11-05,163.83999633789062,163.83999633789062,167.89999389648438,145.10000610351562,146.10000610351562,30378727,158.83373523947733,174.09862488288584,194.5170111260108,45.73934248704586,9.050711495535714,DOWN
2024-11-06,168.02000427246094,168.02000427246094,171.0,164.75999450683594,167.86000061035156,17037292,159.70861800452337,173.86024760404567,194.25335931652276,49.492118232126444,8.924283708844866,DOWN
2024-11-07,166.33999633789062,166.33999633789062,172.5,165.0,168.02000427246094,6730828,160.34017784579646,173.56533578968666,193.97561441126274,50.552899127051816,9.159284319196429,DOWN
2024-11-08,160.8000030517578,160.8000030517578,165.49000549316406,157.35000610351562,165.49000549316406,4035333,160.3839707225547,173.0647345058463,193.64550882559604,51.78296892700514,9.157140459333148,DOWN
2024-11-11,159.10000610351562,159.10000610351562,160.74000549316406,155.22999572753906,160.47999572753906,2537632,160.2616883778843,172.51709809791177,193.3017724801027,59.629631722741266,8.657141549246651,DOWN
2024-11-12,153.64999389648438,153.64999389648438,161.5500030517578,152.5500030517578,159.10000610351562,1671520,159.63200318917956,171.7772116586401,192.9072274195692,49.19260811583158,8.175712585449219,DOWN
2024-11-13,152.6199951171875,152.6199951171875,155.30999755859375,147.2100067138672,151.10000610351562,4018132,158.9641928966089,171.02594826485767,192.50635943646094,47.738935044649054,8.235712323869977,DOWN
2024-11-14,149.25999450683594,149.25999450683594,155.39999389648438,148.39999389648438,149.69000244140625,2350584,158.03998352615432,170.1723814508176,192.07604734760898,54.15257121411125,7.867854527064732,DOWN
2024-11-18,147.7100067138672,147.7100067138672,150.6699981689453,146.02000427246094,150.0,2182084,157.0561762106984,169.29150401015286,191.63459420697473,53.38026373764268,7.789997645786831,DOWN
2024-11-19,147.97000122070312,147.97000122070312,155.3800048828125,146.80999755859375,150.0,2897145,156.19082621165123,168.45536664586072,191.2001206449223,51.3435139227244,7.921427045549665,DOWN
2024-11-21,145.0500030517578,145.0500030517578,148.77000427246094,144.0500030517578,147.38999938964844,1490292,155.12979543451854,167.53750925001356,190.74091549474156,46.52580051275109,7.777856009347098,DOWN
2024-11-22,157.25,157.25,160.74000549316406,146.0,146.0,23773291,155.3317196788501,167.1340775147189,190.40767255449538,57.438475068178974,8.64785657610212,DOWN
2024-11-25,155.5500030517578,155.5500030517578,163.4199981689453,154.4499969482422,159.0,4237305,155.352508571508,166.67980008479887,190.06083007188107,53.279355508127686,8.986427307128906,DOWN
2024-11-26,153.55999755859375,153.55999755859375,157.85000610351562,153.08999633789062,154.83999633789062,1820039,155.18179323694474,166.1652980249477,189.6976377085648,54.99832541017248,8.819999694824219,DOWN
2024-11-27,154.33999633789062,154.33999633789062,155.4199981689453,152.3000030517578,153.69000244140625,1821730,155.1016221037015,165.70156070388666,189.3458203814934,39.287324329476995,7.414285932268415,DOWN
2024-11-28,154.5500030517578,154.5500030517578,157.99000549316406,153.60000610351562,154.0,2097311,155.04908695589734,165.26424471752867,188.9995933433866,33.31681589061144,7.216428484235491,DOWN
2024-11-29,154.55999755859375,154.55999755859375,155.5,152.5,154.5500030517578,1373542,155.002507013297,164.84447031913908,188.6569107982643,34.780356133208116,6.894999912806919,DOWN
2024-12-02,155.5500030517578,155.5500030517578,157.97999572753906,152.10000610351562,155.25,3338163,155.0546494931504,164.47998140669276,188.32748883063738,42.31332219866009,6.672857012067523,DOWN
2024-12-03,155.94000244140625,155.94000244140625,158.9499969482422,155.0,155.64999389648438,2095582,155.13896882155575,164.14508027079916,188.00522528447587,45.18878804127122,6.557141985212054,DOWN
2024-12-04,157.10000610351562,157.10000610351562,160.8000030517578,156.0,156.39999389648438,2932106,155.3257342769805,163.86880285247432,187.69771066575984,56.042055485363306,6.261427743094308,DOWN
2024-12-05,154.74000549316406,154.74000549316406,158.0399932861328,154.30999755859375,157.3000030517578,1687744,155.26995058328373,163.51081079916804,187.3697733008584,53.54754202168812,5.949285234723773,DOWN
2024-12-06,154.92999267578125,154.92999267578125,157.25999450683594,154.19000244140625,154.3000030517578,1778585,155.23757363971208,163.17430812766267,187.04698941404172,60.61400827780047,5.668570382254464,DOWN
2024-12-09,154.49000549316406,154.49000549316406,156.4499969482422,154.0,154.50999450683594,1460214,155.1663766733742,162.83374724003528,186.72303932527677,63.24219774455809,5.511427743094308,DOWN
2024-12-10,151.8699951171875,151.8699951171875,155.58999633789062,151.10000610351562,154.7899932861328,1680565,154.852435572785,162.4037961763942,186.3762428654948,56.974240143725176,5.219997950962612,DOWN
2024-12-11,153.00999450683594,153.00999450683594,154.19000244140625,151.7899932861328,152.0,1281609,154.67696499507556,162.03541179719585,186.04424039426436,65.20243254774056,5.054284232003348,DOWN
2024-12-12,150.9499969482422,150.9499969482422,153.89999389648438,150.47000122070312,153.6999969482422,1276828,154.32201565728192,161.60068964625648,185.69504394206513,30.361578276954745,4.178569248744419,DOWN
2024-12-13,149.39999389648438,149.39999389648438,150.99000549316406,147.39999389648438,150.0,1361130,153.85325168006312,161.12223098940268,185.3338991654922,30.648176867521258,3.7942842755998885,DOWN
2024-12-16,148.32000732421875,148.32000732421875,151.52999877929688,148.0,149.5,1274133,153.32627602712554,160.62018300253274,184.96560173423578,32.51002314286646,3.706426348005022,DOWN
2024-12-17,146.47000122070312,146.47000122070312,150.39999389648438,146.0,147.11000061035156,1663331,152.67329747413294,160.06527391304925,184.58256093310612,25.482862608047526,3.7978548322405135,DOWN
2024-12-18,146.35000610351562,146.35000610351562,147.0399932861328,144.5,145.0,1584354,152.07107924835987,159.5274202734597,184.20213750196595,24.31074818849413,3.6657115391322543,DOWN
2024-12-19,145.92999267578125,145.92999267578125,148.97999572753906,142.63999938964844,144.5,2293380,151.48621386049524,158.9941878186488,183.82132014051138,23.640783576802903,3.904282706124442,DOWN
2024-12-20,142.22000122070312,142.22000122070312,147.89999389648438,140.36000061035156,147.0,1168197,150.60371741861027,158.33637657951368,183.4073766686725,15.086393287085329,4.022854396275112,DOWN
2024-12-23,142.3800048828125,142.3800048828125,144.89999389648438,140.02000427246094,142.49000549316406,1762250,149.82050670091525,157.71063651297638,182.99914411358932,14.05087992957975,4.0892824445452005,DOWN
2024-12-24,148.72999572753906,148.72999572753906,149.89999389648438,142.0500030517578,142.3800048828125,6209398,149.71664851297467,157.35845452139063,182.65815756248435,32.59871115428271,4.302853175571987,DOWN
2024-12-26,145.63999938964844,145.63999938964844,149.85000610351562,145.14999389648438,149.0,1004089,149.32839621551503,156.8989072613223,182.28981768016757,31.638382246086778,4.372140066964286,DOWN
2024-12-27,145.35000610351562,145.35000610351562,147.3699951171875,144.14999389648438,146.0,1159993,148.94950191913415,156.44600917670243,181.92225736597203,30.747595572984068,4.3828550066266745,DOWN
2024-12-30,142.05999755859375,142.05999755859375,145.27000427246094,141.35000610351562,145.0,1067158,148.29335864670173,155.88185185834521,181.5256179649036,27.58743265469404,4.493569510323661,DOWN
2024-12-31,148.41000366210938,148.41000366210938,154.39999389648438,141.30999755859375,141.35000610351562,15515122,148.30446769578816,155.58883820359088,181.1961093648758,44.50096567887079,5.107855660574777,DOWN
2025-01-01,149.27000427246094,149.27000427246094,149.9499969482422,147.44000244140625,148.41000366210938,1264394,148.3964235602332,155.34104079452695,180.8784366773891,44.00257999855144,5.115711757114956,DOWN
2025-01-02,149.7100067138672,149.7100067138672,150.89999389648438,147.64999389648438,148.5,1387653,148.52152671772214,155.12021592861873,180.56830304591128,47.90258738703023,5.102855137416294,DOWN
2025-01-03,149.52999877929688,149.52999877929688,152.74000549316406,148.69000244140625,148.69000244140625,1462258,148.61757167596733,154.90099172668457,180.25946419748726,50.2305868597967,5.135711669921875,DOWN
2025-01-06,144.0,144.0,149.6999969482422,142.75,149.69000244140625,1742673,148.17780294492283,154.4735018550499,179.89867350895506,43.382344691402345,5.379997253417969,DOWN
2025-01-07,144.52000427246094,144.52000427246094,149.35000610351562,144.0,144.0,2204103,147.82944116659314,154.083168616517,179.54664694938796,46.88598506871326,5.447855268205915,DOWN
2025-01-08,148.47999572753906,148.47999572753906,154.5,144.61000061035156,145.0,17257510,147.8913987438261,153.86343634636103,179.2375260417079,53.02985642850661,5.979284014020648,DOWN
2025-01-09,145.99000549316406,145.99000549316406,149.5,145.10000610351562,149.1999969482422,1713107,147.71031367233448,153.554674352118,178.90670494172238,50.08061907578931,5.840712411063058,DOWN
2025-01-10,140.77999877929688,140.77999877929688,146.1999969482422,140.10000610351562,145.97999572753906,1831332,147.05028368252138,153.05370668259562,178.527334731151,48.14049277374984,5.737855093819754,DOWN
2025-01-13,134.1199951171875,134.1199951171875,144.44000244140625,132.50999450683594,139.0,3311980,145.81882762868008,152.31120818983453,178.0854706553902,40.866862513657665,6.241427830287388,DOWN
2025-01-14,136.80999755859375,136.80999755859375,137.6699981689453,133.11000061035156,134.99000549316406,1672464,144.9608438124814,151.7033175768447,177.67476943054646,35.65929440238325,6.006428309849331,DOWN
2025-01-15,137.55999755859375,137.55999755859375,143.5,136.55999755859375,137.60000610351562,3125849,144.25600131211112,151.148677576129,177.27561747162156,39.699135089247534,6.1664276123046875,DOWN
2025-01-16,138.57000732421875,138.57000732421875,140.67999267578125,138.11000061035156,138.5,1291515,143.71447807516898,150.65539638977955,176.89048702239367,41.512276934949625,6.159284319196429,DOWN
2025-01-17,140.52000427246094,140.52000427246094,144.41000366210938,137.57000732421875,138.57000732421875,3412519,143.41024247491106,150.25793003223765,176.5285916716481,48.005191147851654,6.362141200474331,DOWN
2025-01-20,143.8800048828125,143.8800048828125,148.5800018310547,140.02000427246094,140.75,9905243,143.45498175185404,150.0078153204955,176.2037301115602,43.639431675706525,6.038569859095982,DOWN
2025-01-21,140.97999572753906,140.97999572753906,145.74000549316406,140.0,145.0,2239313,143.21926879715738,149.65378317959525,175.8532451923162,38.99069964238123,6.269284929547991,DOWN
2025-01-22,137.69000244140625,137.69000244140625,140.99000549316406,135.3699951171875,140.99000549316406,1592277,142.69267200137156,149.18461530750943,175.4735114336007,35.16049414345291,6.438571384974888,DOWN
2025-01-23,137.02999877929688,137.02999877929688,139.63999938964844,136.08999633789062,137.5,1065943,142.1533697897454,148.70796367895207,175.09098891962753,34.748661970624795,6.402857099260602,DOWN
2025-01-24,133.58999633789062,133.58999633789062,139.1999969482422,132.72000122070312,137.39999389648438,1414305,141.3378104133783,148.11510221459673,174.67804371980927,36.61609701588577,6.369285583496094,DOWN
2025-01-27,126.93000030517578,126.93000030517578,131.9600067138672,126.0,131.9600067138672,1882719,139.9656380221209,147.28431390442336,174.20293881021092,30.46857487911656,6.5292848859514505,DOWN
2025-01-28,123.06999969482422,123.06999969482422,128.89999389648438,120.5999984741211,127.0999984741211,2192385,138.3565296099974,146.3347329550273,173.69415334637623,21.72269393437024,6.4092848641531805,DOWN
2025-01-29,126.1500015258789,126.1500015258789,126.8000030517578,123.25,123.25,1149446,137.19400312579566,145.54317485976657,173.22107720885884,28.20739001619235,6.36142839704241,DOWN
2025-01-30,126.38999938964844,126.38999938964844,129.22999572753906,125.7300033569336,127.20999908447266,1046473,136.16505038901974,144.79206993936978,172.75509633503586,32.256482254280925,6.175714220319475,DOWN
2025-01-31,129.5,129.5,129.97999572753906,125.72000122070312,126.0,1449847,135.53028368530357,144.1923809221396,172.32469736652806,43.75676592985991,5.627856118338448,DOWN
2025-02-01,128.1699981689453,128.1699981689453,132.3300018310547,126.77999877929688,130.0,1218213,134.82930411231706,143.56405218672023,171.8853471257561,37.878793717012094,5.698570796421595,DOWN
2025-02-03,121.87000274658205,121.87000274658205,126.4800033569336,120.51000213623048,126.0,1477953,133.595084934628,142.71330514985206,171.38768200755538,30.954126030750587,5.749998910086494,DOWN
2025-02-04,124.04000091552734,124.04000091552734,124.4000015258789,122.12999725341795,122.5500030517578,965398,132.6850769328089,141.9810187092903,170.9165608026596,32.84532829727219,5.707856314522877,DOWN
2025-02-05,127.1999969482422,127.1999969482422,128.72999572753906,125.29000091552734,126.0,1491817,132.16268836285016,141.40137079709234,170.48157011754103,34.71073453768949,5.554284776960097,DOWN
2025-02-06,126.04000091552734,126.04000091552734,129.08999633789062,125.1500015258789,129.0,961709,131.57957527262894,140.79896413507018,170.03936544886426,28.43326040275315,5.224284580775667,DOWN
2025-02-07,124.12999725341795,124.12999725341795,127.08999633789062,123.13999938964844,127.08999633789062,937701,130.87009165175172,140.14527915931913,169.58255581507873,29.130537903663964,5.096426827566961,DOWN
2025-02-10,121.3000030517578,121.3000030517578,126.0,120.86000061035156,125.8000030517578,998350,129.95865464222848,139.40624872372848,169.10213240449843,29.46629397130458,5.062140328543523,DOWN
2025-02-11,117.62999725341795,117.62999725341795,122.4800033569336,116.6500015258789,121.66999816894533,1354352,128.7844967956751,138.55227807783396,168.58997185573148,27.399806847578617,5.224997384207586,DOWN
2025-02-12,115.27999877929688,115.27999877929688,117.26000213623048,110.31999969482422,115.0,2211847,127.49835412744861,137.63963967396978,168.05952436243362,28.113789820418248,5.28428322928292,DOWN
2025-02-13,115.5199966430664,115.5199966430664,117.5999984741211,115.0,115.36000061035156,900499,126.35755817655507,136.77220269236574,167.53674299209166,33.88872154920067,4.9278548104422395,DOWN
2025-02-14,110.66999816894533,110.66999816894533,115.9000015258789,109.0,115.5,1257365,124.86350484249701,135.7485868287022,166.97090473514493,32.96702444488275,4.827855246407641,DOWN
2025-02-17,111.0,111.0,111.5999984741211,107.75,110.1999969482422,1472347,123.54317104797349,134.77805401189033,166.41398030991962,27.488844414929474,4.836426326206749,DOWN
2025-02-18,110.27999877929688,110.27999877929688,112.95999908447266,108.0,112.3000030517578,1220283,122.28001178429,133.81734596355335,165.85543323001292,26.399054339278123,4.940712520054405,DOWN
2025-02-19,114.06999969482422,114.06999969482422,114.5,108.5500030517578,109.5,1166924,121.49810587100755,133.04294022752475,165.34015528438917,27.836821647235183,5.061426980154853,DOWN
2025-02-20,117.37000274658205,117.37000274658205,120.83000183105467,113.45999908447266,114.48999786376952,3857420,121.10495319249084,132.4283152282721,164.86284033376424,35.31811035741379,5.1914269583565815,DOWN
2025-02-21,115.62999725341795,115.62999725341795,119.88999938964844,114.87000274658205,117.98999786376952,1442416,120.58352881734103,131.7695576606308,164.3729612981389,40.316565399205295,5.0028555733816935,DOWN
2025-02-24,114.3499984741211,114.3499984741211,115.45999908447266,112.63999938964844,114.4000015258789,914007,119.9898592608439,131.08643769253237,163.87522037451683,34.53558589996412,5.035712650844026,DOWN
2025-02-25,114.30999755859376,114.30999755859376,115.4800033569336,112.91999816894533,115.4800033569336,900557,119.4489200511058,130.42853807943675,163.38203407784098,27.153498188796775,4.883570534842351,DOWN
2025-02-27,110.48999786376952,110.48999786376952,114.56999969482422,109.80999755859376,114.06999969482422,772004,118.59568936659758,129.64663454156747,162.85574516028802,24.813738540465422,4.94214248657226,DOWN
2025-02-28,105.8000030517578,105.8000030517578,109.98999786376952,105.18000030517578,109.98999786376952,1174522,117.37705257470807,128.71147252235926,162.28802633333748,22.76375427863907,5.039285387311657,DOWN
2025-03-03,101.4000015258789,101.4000015258789,107.33000183105467,98.91999816894533,106.79000091552734,3132937,115.85542866529576,127.64043444406592,161.68217534022847,21.749011179161414,5.272857121058864,DOWN
2025-03-04,103.30999755859376,103.30999755859376,104.8000030517578,99.52999877929688,100.55999755859376,1991300,114.66062570275271,126.68629966424349,161.10135765085897,28.60131487351194,5.232857295445024,DOWN
2025-03-05,106.29000091552734,106.29000091552734,106.79000091552734,102.5999984741211,102.61000061035156,1538966,113.86342334206458,125.88644481135266,160.55597101667658,36.81431971613016,5.010000501360204,DOWN
2025-03-06,113.0999984741211,113.0999984741211,114.70999908447266,107.69000244140624,107.69000244140624,13510293,113.79071621178424,125.38501554322595,160.08377228490986,47.02410483154914,5.425714765276219,DOWN
2025-03-07,113.66999816894533,113.66999816894533,116.93000030517578,111.80999755859376,113.0,5071709,113.7792192553234,124.92560309717574,159.62194368674108,54.123144031540974,5.298571995326442,DOWN
2025-03-10,111.27999877929688,111.27999877929688,115.7300033569336,110.0999984741211,114.0,1372317,113.5411982576066,124.3904813592197,159.14092930955258,50.36420234327986,5.425715310232971,DOWN
2025-03-11,112.68000030517578,112.68000030517578,114.5,108.29000091552734,109.1999969482422,5063228,113.45917940499415,123.93124680808073,158.67863150851403,53.067486397465295,5.515001024518685,DOWN
2025-03-12,112.08999633789062,112.08999633789062,114.9800033569336,111.1999969482422,113.3000030517578,1270755,113.32878101765095,123.46688404454386,158.21506299935362,47.24387105050926,5.360001700265056,DOWN
2025-03-13,119.33000183105467,119.33000183105467,121.8000030517578,110.70999908447266,112.75,40026749,113.90032585702274,123.30465336950508,157.82814696782827,52.458603461248444,5.625716073172422,DOWN
2025-03-17,117.47000122070312,117.47000122070312,121.75,116.0,121.72000122070312,8211417,114.24029493927802,123.07584348131677,157.42657337830465,52.30115534365765,5.677859170096251,DOWN
2025-03-18,117.47000122070312,117.47000122070312,117.47000122070312,117.47000122070312,117.47000122070312,0,114.54788601369945,122.85600652992017,157.02899554589072,54.03101082368472,5.464287894112714,DOWN
2025-03-19,115.9499969482422,115.9499969482422,119.30999755859376,114.9499969482422,115.0,5333497,114.68142038841782,122.58518262475633,156.62024929118778,52.04081516399778,5.592858995710093,DOWN
2025-03-20,117.87999725341795,117.87999725341795,120.33999633789062,116.5199966430664,117.2300033569336,4073603,114.98604675651308,122.40066555137052,156.23477414653334,59.65003622417385,5.56643022809709,DOWN
2025-03-21,135.52999877929688,135.52999877929688,137.8000030517578,117.5199966430664,118.5,32575538,116.94261361582582,122.91554136423038,156.0287564811877,79.0048652448358,6.635716574532638,DOWN
2025-03-24,143.24000549316406,143.24000549316406,147.64999389648438,134.80999755859375,136.89999389648438,18892289,119.44712712795328,123.71257917320818,155.90150522757554,88.3430977707382,6.952144622802729,DOWN
2025-03-25,140.17999267578125,140.17999267578125,143.99000549316406,135.5,143.24000549316406,10020273,121.42168575155594,124.35836009487772,155.74507226686117,83.09098050321926,7.182144709995811,DOWN
2025-03-26,140.9199981689453,140.9199981689453,146.39999389648438,138.6199951171875,140.19000244140625,14997837,123.2786678865454,125.00783609778235,155.59755909175752,82.3826180632596,7.438573019845141,DOWN
2025-03-27,136.9199981689453,136.9199981689453,140.74000549316406,136.1999969482422,139.75,5260675,124.57784219915492,125.47497970841619,155.4117127144161,73.50965262187557,7.1742875235421275,DOWN
2025-03-28,134.44000244140625,134.44000244140625,140.6999969482422,133.50999450683594,137.8000030517578,3728253,125.51709555555979,125.82654922735698,155.2030389803563,69.75460274060077,7.322144644601002,DOWN
2025-04-01,134.6199951171875,134.6199951171875,136.35000610351562,130.80999755859375,133.7899932861328,3778788,126.38403837095291,126.17139024264446,154.9982325737576,73.17313533683091,7.315716334751671,SIDEWAYS
2025-04-02,138.35000610351562,138.35000610351562,140.19000244140625,131.3000030517578,134.97999572753906,4383305,127.5236543454827,126.64898302150216,154.83257857902885,74.35944773593658,7.507144927978513,SIDEWAYS
2025-04-03,136.72999572753906,136.72999572753906,139.85000610351562,135.11000061035156,136.0,3549244,128.4004487628214,127.04431685311145,154.6524533765265,72.93370982251024,7.575716291155132,SIDEWAYS
2025-04-04,134.89999389648438,134.89999389648438,141.89999389648438,132.6300048828125,137.39999389648438,10805830,129.0194530612655,127.35238261951824,154.45591149115296,66.11465338322523,7.445715223039898,SIDEWAYS
2025-04-07,129.17999267578125,129.17999267578125,131.14999389648438,118.01000213623048,120.0,6751442,129.03474254836223,127.42405360211679,154.20440981139802,61.22290740961728,8.24142892020089,SIDEWAYS
2025-04-08,134.91000366210938,134.91000366210938,135.97999572753906,129.60000610351562,130.1999969482422,3850788,129.59429122586198,127.71762027113611,154.01242567060908,65.06043687004848,8.727143423897877,SIDEWAYS
2025-04-09,132.24000549316406,132.24000549316406,136.0,131.25,135.5,2733956,129.8462640132241,127.89496871121564,153.7957846738186,63.79339125725082,8.75500052315848,SIDEWAYS
2025-04-11,130.80999755859375,130.80999755859375,135.60000610351562,129.5,134.6999969482422,3479712,129.93804816040216,128.00928356797556,153.56707037416462,61.041834190678394,8.87714385986328,SIDEWAYS
2025-04-15,132.5,132.5,133.44000244140625,131.25,131.94000244140625,2166198,130.1820435736972,128.1853900947216,153.35744778337693,46.44283317963501,7.616429465157644,SIDEWAYS
2025-04-16,137.5800018310547,137.5800018310547,140.4199981689453,132.5500030517578,133.0500030517578,10050157,130.88661102677887,128.5538062412445,153.20045827141354,42.9179226384993,7.265001024518694,SIDEWAYS
2025-04-17,136.2100067138672,136.2100067138672,137.97999572753906,135.41000366210938,137.5800018310547,2066086,131.39360109221585,128.85404939703363,153.03139905193547,44.813192640541615,6.842142922537667,SIDEWAYS
2025-04-21,141.0800018310547,141.0800018310547,144.3800048828125,135.94000244140625,136.99000549316406,7789651,132.31611544829573,129.33349851209329,152.9124796766033,50.188683455163655,6.889286041259765,SIDEWAYS
2025-04-22,143.07000732421875,143.07000732421875,143.60000610351562,139.8000030517578,142.5,3938388,133.34029562695505,129.87218513217664,152.8145446283209,57.61327630779135,6.8235718863351,SIDEWAYS
2025-04-23,141.25999450683594,141.25999450683594,145.25,138.35000610351562,143.9499969482422,4014711,134.09455266313418,130.31876589196722,152.69957398034595,58.58507552361748,6.802856990269251,SIDEWAYS
2025-04-24,141.1999969482422,141.1999969482422,142.5,140.22000122070312,141.25,2077768,134.7712616426683,130.74548083535055,152.58515032828524,58.308072235629304,6.569999149867465,SIDEWAYS
2025-04-25,137.11000061035156,137.11000061035156,141.89999389648438,134.0,141.75,4475928,134.99399868720957,130.99506984613492,152.43116873905208,48.44844302073338,6.499284471784319,SIDEWAYS
2025-04-28,135.66000366210938,135.66000366210938,136.89999389648438,130.6999969482422,133.0,4870594,135.05742773243813,131.17800842715354,152.2642914746049,48.655451840506444,6.618570055280412,SIDEWAYS
2025-04-29,133.89999389648438,133.89999389648438,138.42999267578125,132.50999450683594,137.1999969482422,3938421,134.9471959385378,131.2847529553626,152.08156214546938,48.74118932408075,6.3792849949428,SIDEWAYS
2025-04-30,134.2100067138672,134.2100067138672,136.47999572753906,132.89999389648438,134.2100067138672,2571950,134.8769874409501,131.39946878902944,151.90373572326436,57.33023562369054,5.428571428571429,SIDEWAYS
2025-05-02,134.1699981689453,134.1699981689453,136.1999969482422,132.64999389648438,134.8000030517578,1467137,134.8096551293306,131.50811700000654,151.7272806232214,48.70719001430442,5.196428571428571,SIDEWAYS
2025-05-05,133.33999633789062,133.33999633789062,139.35000610351562,132.5800018310547,136.1999969482422,6057710,134.66968762538392,131.57995540541376,151.54432257063104,52.053750960795014,5.340714590890067,SIDEWAYS
2025-05-06,127.9800033569336,127.9800033569336,134.3800048828125,127.3000030517578,133.85000610351562,2503518,134.03257483791245,131.43878081527728,151.30985173268382,45.39239421398803,5.4107142857142865,SIDEWAYS
2025-05-07,130.99000549316406,130.99000549316406,131.66000366210938,125.5999984741211,125.75,2354687,133.7428063288888,131.42118178303755,151.10766420791248,47.642845573383134,5.655714307512556,SIDEWAYS
2025-05-08,125.16000366210938,125.16000366210938,132.4600067138672,124.0999984741211,132.0,4028421,132.9253965511003,131.1756453861384,150.84947853083983,31.055541383958825,5.687143598284041,SIDEWAYS
2025-05-09,125.38999938964844,125.38999938964844,126.0500030517578,120.0,120.25,2371406,132.20773967858108,130.9487573078447,150.5961503801812,32.90139523264568,5.935715811593192,SIDEWAYS
2025-05-12,131.8300018310547,131.8300018310547,132.33999633789062,129.60000610351562,129.60000610351562,1750419,132.17176464548334,130.98331591659803,150.40942253392123,36.07348745872298,5.829286847795759,SIDEWAYS
2025-05-13,132.0399932861328,132.0399932861328,133.57000732421875,130.5,132.5500030517578,1385231,132.15921499221184,131.02475424481509,150.22664214339596,32.45306093121752,5.777144295828683,SIDEWAYS
2025-05-14,134.22999572753906,134.22999572753906,134.44000244140625,130.5,130.5,1485958,132.35643220510013,131.15044998923563,150.0674715322929,38.95002208949868,5.5657163347516745,SIDEWAYS
2025-05-15,135.86000061035156,135.86000061035156,139.0399932861328,134.27999877929688,134.9499969482422,2970746,132.69010538655266,131.33513824888723,149.92610366242283,42.001208634330055,5.746430533272879,SIDEWAYS
2025-05-16,138.0,138.0,139.27000427246094,135.10000610351562,136.10000610351562,3447927,133.1958096354524,131.59650537638186,149.80743596428928,51.41584271855784,5.480002267020089,SIDEWAYS
2025-05-19,137.75,137.75,141.8000030517578,137.1699981689453,138.6999969482422,2307576,133.6295420511236,131.83781889103355,149.68746147708242,53.456821904394154,5.3528594970703125,SIDEWAYS
2025-05-20,139.58999633789062,139.58999633789062,144.75999450683594,136.52000427246094,139.58999633789062,6959117,134.19720436414903,132.14182584973383,149.58698918714023,59.38634119966956,5.5185732160295755,SIDEWAYS
2025-05-21,139.72000122070312,139.72000122070312,141.89999389648438,137.39999389648438,139.9499969482422,2947744,134.72318501715418,132.43900919761498,149.48881020239958,59.14369998987137,5.584287370954241,SIDEWAYS
2025-05-22,137.19000244140625,137.19000244140625,140.8000030517578,136.13999938964844,139.5,1540432,134.9581200099401,132.62532265815582,149.3664340057728,54.62906916695045,5.663573128836496,SIDEWAYS
2025-05-23,141.24000549316406,141.24000549316406,143.25,136.1999969482422,137.3000030517578,3819113,135.5563948178662,132.9631533575679,149.2855740205727,61.02121925570821,5.683573041643415,SIDEWAYS
2025-05-26,141.99000549316406,141.99000549316406,143.5,140.85000610351562,142.3300018310547,2148675,136.16911964408504,133.31714755896382,149.21298129890695,72.43035643657721,5.36714390345982,SIDEWAYS
2025-05-27,140.63999938964844,140.63999938964844,142.6999969482422,139.25,142.5,1258556,136.59491771509107,133.60431821899067,149.12767799632726,66.31719902987771,5.180714743477957,SIDEWAYS
2025-05-28,148.8300018310547,148.8300018310547,151.8000030517578,140.0,140.63999938964844,16057629,137.76016382137334,134.20140385083633,149.12471604443402,87.0654436062918,5.426428658621651,SIDEWAYS
2025-05-29,149.97000122070312,149.97000122070312,153.0,147.67999267578125,150.50999450683594,7445404,138.92300547845238,134.8197802182821,149.13312684220784,87.42386289769135,5.3742861066545755,SIDEWAYS
2025-05-30,144.0399932861328,144.0399932861328,150.4199981689453,143.1999969482422,150.0,3141193,139.4103376506124,135.18135720133506,149.08244889637626,68.88336684318334,5.393572126116071,SIDEWAYS
2025-06-02,143.5,143.5,145.16000366210938,141.57000732421875,144.5,1705474,139.79982930293502,135.50757848755723,149.02690214118843,67.54439693011656,5.430714198521206,SIDEWAYS
2025-06-03,141.0399932861328,141.0399932861328,147.88999938964844,140.5,143.80999755859375,3186028,139.91794015847768,135.72453593063864,148.94743041128737,60.340104406557245,5.6771425519670755,SIDEWAYS
2025-06-04,141.6999969482422,141.6999969482422,143.6999969482422,138.5,141.19000244140625,2119109,140.08765985274096,135.95886773525055,148.87531664548592,59.13640851512414,5.704999651227679,SIDEWAYS
2025-06-05,141.33999633789062,141.33999633789062,143.25999450683594,140.58999633789062,142.1199951171875,1479564,140.20692999418378,136.16989238633448,148.80033833396757,55.53345555185911,5.597856794084821,SIDEWAYS
2025-06-06,141.07000732421875,141.07000732421875,142.0,140.60000610351562,141.60000610351562,1014149,140.28912783513948,136.36205375644758,148.72341961745266,55.49669864611144,5.3671417236328125,SIDEWAYS
2025-06-09,143.14999389648438,143.14999389648438,144.6999969482422,141.1999969482422,141.88999938964844,1836952,140.56159126955328,136.6282474874294,148.66796264510475,55.847564508981826,5.037855965750558,SIDEWAYS
2025-06-10,143.91000366210938,143.91000366210938,145.3300018310547,142.25,143.9499969482422,2317326,140.88048768789196,136.91380655310311,148.62061976965208,56.74284109057835,4.936427525111607,SIDEWAYS
2025-06-11,145.89999389648438,145.89999389648438,151.0,142.7100067138672,144.0,8599169,141.3585358982341,137.26620605676513,148.59354886544145,64.26464428977405,5.195712498256138,SIDEWAYS
2025-06-12,142.77999877929688,142.77999877929688,147.1999969482422,140.89999389648438,147.1999969482422,2921052,141.49391331547815,137.48243322235462,148.5357025959276,52.60134081495362,5.14214106968471,SIDEWAYS
2025-06-13,138.9199981689453,138.9199981689453,141.8000030517578,138.1199951171875,139.0,2043916,141.2487785396179,137.53880831829935,148.44002394491287,45.30723306908394,5.285713195800781,SIDEWAYS
2025-06-16,136.6699981689453,136.6699981689453,140.74000549316406,134.57000732421875,139.57000732421875,2716008,140.81270421860145,137.50473733205015,148.32290926057487,44.09401524699182,5.4799989972795755,SIDEWAYS
2025-06-17,137.69000244140625,137.69000244140625,140.10000610351562,136.3300018310547,137.67999267578125,1730302,140.51530404934476,137.5120026304563,148.21710919272246,28.933425132345818,4.906427655901227,SIDEWAYS
2025-06-18,135.64999389648438,135.64999389648438,137.69000244140625,134.63999938964844,137.25,1147792,140.05194117764378,137.43898268010446,148.0920632693768,23.81124864239176,4.744284493582589,SIDEWAYS
2025-06-19,132.77000427246094,132.77000427246094,137.3000030517578,131.6199951171875,136.0,1272512,139.3584233771502,137.25588548764787,147.93960497090006,26.801154367070637,4.634284973144531,SIDEWAYS
2025-06-20,135.0500030517578,135.0500030517578,135.9499969482422,131.89999389648438,132.77000427246094,1843799,138.94809763187473,137.16938029408357,147.81135022543594,33.768723976362054,4.667142595563616,SIDEWAYS
2025-06-23,145.74000549316406,145.74000549316406,147.0,133.77000427246094,133.89999389648438,22203082,139.59494599961656,137.50548324306712,147.79073983008996,56.85933312014366,5.084285191127232,SIDEWAYS
2025-06-24,141.74000549316406,141.74000549316406,145.58999633789062,141.1999969482422,144.10000610351562,3328739,139.7992373799544,137.67154293914936,147.73053351827974,50.0532028868349,5.037143162318638,SIDEWAYS
2025-06-25,141.22999572753906,141.22999572753906,143.8800048828125,139.6999969482422,142.0,2427555,139.93550007972436,137.81109010732152,147.66585155021266,49.854303768457584,5.1450010027204245,SIDEWAYS
2025-06-26,142.77000427246094,142.77000427246094,145.0,141.8000030517578,142.02000427246094,3227224,140.205452859985,138.00555732948385,147.6171366519266,52.17836591760959,5.314287458147321,SIDEWAYS
2025-06-27,143.41000366210938,143.41000366210938,144.8000030517578,142.4600067138672,143.1999969482422,1823581,140.51064817447303,138.21749640135153,147.57527463212742,50.34594152126566,5.222145080566406,SIDEWAYS
2025-06-30,143.3300018310547,143.3300018310547,144.94000244140625,142.66000366210938,143.8000030517578,1206354,140.77915804652844,138.41798681035948,147.53303311171874,49.21408985480998,5.165002005440848,SIDEWAYS
2025-07-01,142.7899932861328,142.7899932861328,147.6999969482422,142.14999389648438,143.89999389648438,2815609,140.970666164586,138.58943804470354,147.4858386855935,45.61354273512183,4.969288417271206,SIDEWAYS
2025-07-02,144.22999572753906,144.22999572753906,147.5,142.8000030517578,143.60000610351562,5979722,141.28107850391484,138.8106363852069,147.4534422382497,52.14686919521605,4.855717250279018,SIDEWAYS
2025-07-03,147.6199951171875,147.6199951171875,151.39999389648438,144.10000610351562,144.3000030517578,12948492,141.88478484803605,139.15610143351986,147.45509948082622,63.063045312142734,5.044287545340402,SIDEWAYS
2025-07-04,150.8699951171875,150.8699951171875,154.0,146.35000610351562,148.3000030517578,18070998,142.7405191593838,139.61546981327155,147.48907854188454,70.69968374744816,5.150001525878906,SIDEWAYS
2025-07-07,145.61000061035156,145.61000061035156,153.50999450683594,145.05999755859375,151.6199951171875,4197162,143.01380310709501,139.85054945237272,147.4703812490335,60.2750301988432,5.484286717006138,SIDEWAYS
2025-07-08,144.8300018310547,144.8300018310547,147.1199951171875,143.11000061035156,146.17999267578125,2367602,143.1867744141388,140.04582209467398,147.4441088170138,62.312237765243125,5.552857535226004,SIDEWAYS
2025-07-09,146.74000549316406,146.74000549316406,150.89999389648438,144.30999755859375,145.22000122070312,5663730,143.52517737404597,140.3083390906932,147.43710281379145,69.237111565153,5.617856706891741,SIDEWAYS
2025-07-10,145.55999755859375,145.55999755859375,147.69000244140625,145.00999450683594,147.5,1714211,143.71896977257433,140.51428648159128,147.41842514956065,64.92471370841054,5.519999912806919,SIDEWAYS
2025-07-11,142.44000244140625,142.44000244140625,145.85000610351562,142.0,145.3699951171875,1701975,143.5971633600821,140.58980475452523,147.3688886052009,44.030391676792256,4.850000653948102,SIDEWAYS
2025-07-14,141.97999572753906,141.97999572753906,143.7100067138672,141.14999389648438,142.3800048828125,1357590,143.44314739507803,140.6443220475846,147.31526778054757,50.497904293981335,4.7085723876953125,SIDEWAYS
2025-07-15,145.77999877929688,145.77999877929688,146.3000030517578,142.0800018310547,142.0800018310547,2471832,143.66570466976555,140.84572113510274,147.2999914720774,58.305947578679614,4.718572344098773,SIDEWAYS
2025-07-16,146.9600067138672,146.9600067138672,148.30999755859375,144.5399932861328,145.5,2096477,143.97944772158473,141.08549704015232,147.2966085391599,57.7506435442352,4.718572344098773,SIDEWAYS
2025-07-17,147.5,147.5,149.19000244140625,146.13999938964844,147.0,2160346,144.31473841476713,141.33704617583263,147.29863233479014,57.59374826476045,4.769287109375,SIDEWAYS
2025-07-18,149.2100067138672,149.2100067138672,150.25,147.1300048828125,148.16000366210938,5010602,144.78095444325285,141.6457897263438,147.3176509853282,60.29411607567412,4.829286847795759,SIDEWAYS
2025-07-21,139.14999389648438,139.14999389648438,142.60000610351562,136.77000427246094,140.94000244140625,7694176,144.24467248641776,141.54791538007478,147.23638076553874,45.2205930967662,5.3214296613420755,SIDEWAYS
2025-07-22,144.80999755859375,144.80999755859375,146.9499969482422,141.0,141.0,11041192,144.29851296948215,141.67584017138927,147.21223764905173,50.68558081650689,5.542143685477121,SIDEWAYS
2025-07-23,155.88999938964844,155.88999938964844,156.5,144.05999755859375,145.89999389648438,38817846,145.40246405711704,142.23325817994845,147.29858353701786,58.27165264562305,5.909287588936942,SIDEWAYS
2025-07-24,151.38999938964844,151.38999938964844,158.3000030517578,149.36000061035156,155.99000549316406,12543029,145.97270551735812,142.59234607052494,147.33929414251668,50.50741989364715,6.001431056431362,SIDEWAYS
2025-07-25,140.82000732421875,140.82000732421875,151.39999389648438,140.2100067138672,151.38999938964844,6797403,145.48197235610675,142.52284259027763,147.27442561696148,45.76481835306091,6.197144644601004,SIDEWAYS
2025-07-28,134.9600067138672,134.9600067138672,142.0500030517578,134.13999938964844,141.0,5158527,144.47988039017918,142.22626079120272,147.15189408558743,41.992544663437805,6.475716727120536,SIDEWAYS
2025-07-29,131.32000732421875,131.32000732421875,135.39999389648438,129.75999450683594,134.60000610351562,5268397,143.22655914580199,141.7985645768112,146.9943628740315,37.83144681714966,6.407859802246094,SIDEWAYS
2025-07-30,129.8699951171875,129.8699951171875,134.8000030517578,129.5,132.3000030517578,3580398,141.95450542879107,141.33077753917888,146.82397115505793,37.67091488895358,6.595002310616629,SIDEWAYS
2025-07-31,126.11000061035156,126.11000061035156,129.4600067138672,125.4000015258789,128.6999969482422,4210226,140.44550496989206,140.73388432628371,146.6178619954091,37.295788866147,6.63928713117327,DOWN
2025-08-01,123.5500030517578,123.5500030517578,127.36000061035156,123.0,126.1500015258789,1935692,138.83640954911738,140.06000662924347,146.3883310606464,36.11572581182842,6.767857687813895,DOWN
2025-08-04,126.93000030517578,126.93000030517578,127.48999786376952,122.83999633789062,124.4000015258789,2080001,137.70246581159913,139.54510442045648,146.1947158292487,35.70887581165685,6.791428702218191,DOWN
2025-08-05,126.91999816894533,126.91999816894533,129.2100067138672,125.86000061035156,127.88999938964844,1902724,136.6755641313464,139.05000221451488,146.00292759382282,34.532259800731296,6.761428833007812,DOWN
2025-08-06,125.06999969482422,125.06999969482422,127.83999633789062,123.33000183105467,127.0,1670100,135.57027228024904,138.50176682158585,145.7946397540318,33.03072039633591,6.865713936941964,DOWN
2025-08-07,123.66000366210938,123.66000366210938,125.4000015258789,120.4000015258789,125.1999969482422,1886937,134.43596098328337,137.91973689376326,145.5743946187888,30.582155545463948,7.0,DOWN
2025-08-08,125.7699966430664,125.7699966430664,129.0,123.18000030517578,124.36000061035156,3316455,133.61063104611983,137.44327649177515,145.3773359324632,38.43361007481267,6.527142660958426,DOWN
2025-08-11,125.86000061035156,125.86000061035156,126.4000015258789,123.8000030517578,126.4000015258789,1266217,132.87247576652285,136.98903037877815,145.1831335909497,31.872966394458615,6.155713762555805,DOWN
2025-08-12,126.29000091552734,126.29000091552734,128.38999938964844,125.68000030517578,126.5,1124759,132.24557339976138,136.56946059590558,144.995142221045,14.44016413651893,5.460713522774833,DOWN
2025-08-13,124.7300033569336,124.7300033569336,126.5,124.0,126.29000091552734,1818752,131.52980482425397,136.10516815516158,144.79349904826776,15.5377374102614,5.000713348388673,DOWN
2025-08-14,123.5999984741211,123.5999984741211,126.19000244140624,122.4000015258789,126.0,1604239,130.77458517186037,135.6147693441404,144.58261844553994,20.554018282890382,4.472142900739398,DOWN
2025-08-18,123.4499969482422,123.4499969482422,125.0,122.80999755859376,125.0,1202226,130.07700534103958,135.13771944626205,144.3723436047708,25.541839433174587,4.063571384974887,DOWN
2025-08-19,125.1500015258789,125.1500015258789,125.6999969482422,123.68000030517578,124.04000091552734,1453250,129.60776688245284,134.746044233698,144.18107651940872,35.71096650169885,3.8214285714285703,DOWN
2025-08-20,125.08000183105467,125.08000183105467,127.77999877929688,124.62000274658205,125.5,1753970,129.17655116327205,134.36698374731984,143.9910160747485,38.149442574531,3.6685709272112144,DOWN
2025-08-21,126.62999725341795,126.62999725341795,128.8000030517578,125.3499984741211,125.58999633789062,2518365,128.93402221947642,134.06357251226487,143.81826961881487,51.44443573186054,3.615000043596539,DOWN
2025-08-22,124.88999938964844,124.88999938964844,126.75,124.1500015258789,126.75,844374,128.5488771880642,133.70382454667205,143.62992862150975,53.899874590108645,3.489285605294363,DOWN
2025-08-25,123.48999786376952,123.48999786376952,126.12000274658205,123.0,125.8000030517578,939787,128.067079157179,133.30328232381314,143.42953130053723,38.68420022346094,3.379999978201731,DOWN
2025-08-26,123.9499969482422,123.9499969482422,124.5,121.56999969482422,123.04000091552734,1336562,127.6749760896612,132.93648681888877,143.2357050880766,40.51117450796482,3.3499995640345994,DOWN
2025-08-28,121.6500015258789,121.6500015258789,124.01000213623048,121.5,123.8000030517578,745333,127.10116898834859,132.49387955249622,143.02092196805472,39.37888163437838,3.207142966134209,DOWN
2025-08-29,122.0199966430664,122.0199966430664,122.6999969482422,120.4499969482422,122.0,870415,126.61724781260743,132.08313904624407,142.8119575369603,44.555085937131935,3.010714394705637,DOWN
2025-09-01,125.87000274658205,125.87000274658205,126.98999786376952,122.25,122.79000091552734,1923747,126.54608161584311,131.83948664233577,142.64338087237945,50.2976371587777,2.950000217982701,DOWN
2025-09-02,126.75,126.75,128.44000244140625,125.0500030517578,126.77999877929688,1719181,126.56550241433423,131.63989893087162,142.48523777912195,52.5298452954515,3.0064288548060825,DOWN
2025-09-03,127.25,127.25,128.39999389648438,126.73999786376952,126.98999786376952,725810,126.63069266058812,131.46774603162177,142.33364337335956,52.718004813518284,2.931428636823383,DOWN
2025-09-04,124.98999786376952,124.98999786376952,128.89999389648438,124.20999908447266,128.6300048828125,1282308,126.47443601327207,131.213716691706,142.16106978619945,50.70804601904353,3.0878568376813624,DOWN
2025-09-05,126.45999908447266,126.45999908447266,127.26000213623048,125.0500030517578,126.1999969482422,822238,126.47306106767212,131.02729639338312,142.0048402269783,57.647061703452295,2.979285648890908,DOWN
2025-09-08,126.69000244140624,126.69000244140624,128.39999389648438,126.5,126.8499984741211,692452,126.4937221508849,130.85720643448207,141.85245378135073,58.62621326880973,2.961427961077014,DOWN
2025-09-09,125.31999969482422,125.31999969482422,129.10000610351562,125.0,126.98999786376952,1475567,126.38193905983151,130.64006107214254,141.68795175063903,50.46069972104116,3.093571254185273,DOWN
2025-09-10,127.01000213623048,127.01000213623048,128.72999572753906,125.6500015258789,126.0,1347251,126.44175459091713,130.49770581975383,141.5419025007444,54.80817223348918,3.111428397042417,DOWN
2025-09-11,127.61000061035156,127.61000061035156,131.83999633789062,126.9000015258789,127.6500015258789,4302455,126.55301611657755,130.38446247820866,141.40327661128777,52.56276991672711,3.1985707964216012,DOWN
2025-09-12,126.48999786376952,126.48999786376952,128.60000610351562,126.01000213623048,128.0,1010837,126.54701437821488,130.23173837568163,141.25488577797913,54.32431841697959,3.197856903076176,DOWN
2025-09-15,126.9000015258789,126.9000015258789,128.60000610351562,126.19000244140624,126.9499969482422,1150630,126.58063220180193,130.10108202863054,141.112051108804,59.7372980019799,3.1471426827567006,DOWN
2025-09-16,127.87000274658205,127.87000274658205,128.74000549316406,126.98999786376952,127.8000030517578,698896,126.7034293965429,130.0135887234522,140.980289433558,60.87681245631198,3.0692858014787987,DOWN
2025-09-17,129.92999267578125,129.92999267578125,130.99000549316406,128.0500030517578,128.3800048828125,2622122,127.01072113742275,130.01031044707295,140.8703362319881,73.28455614575824,3.1128572736467652,DOWN
2025-09-18,131.08999633789062,131.08999633789062,132.1999969482422,130.25,131.5800018310547,2168871,127.39922353746731,130.05265107024226,140.77301941712147,74.42108882917027,3.114286150251118,DOWN
2025-09-19,129.80999755859375,129.80999755859375,132.1999969482422,129.5,131.10000610351562,1201776,127.62882106328887,130.04313524625604,140.66393462250926,62.312477916489584,2.9521429879324805,DOWN
2025-09-22,129.8800048828125,129.8800048828125,132.61000061035156,129.02999877929688,129.75999450683594,1665608,127.84321952229112,130.0367379771014,140.5566318390297,60.30283487678967,2.965714590890069,DOWN
2025-09-23,129.11000061035156,129.11000061035156,130.7100067138672,128.60000610351562,130.5,695274,127.96386534020164,130.00039533526808,140.44273501088367,56.015517357094616,2.9978577750069766,DOWN
2025-09-24,127.45999908447266,127.45999908447266,129.7899932861328,127.12999725341795,129.35000610351562,785037,127.91587807775126,129.90077195288396,140.3135535588796,58.316490463013714,2.8528578622000578,DOWN
2025-09-25,129.6999969482422,129.6999969482422,130.89999389648438,127.3499984741211,128.0,1782834,128.08579416065515,129.89289842329015,140.20794603041554,60.371300028768935,2.9442858014787947,DOWN
2025-09-26,127.38999938964844,127.38999938964844,130.58999633789062,126.0999984741211,129.1999969482422,1843966,128.01952799198784,129.79474552001008,140.080404272796,51.977391145425685,3.126428876604353,DOWN
2025-09-29,134.11000061035156,134.11000061035156,137.60000610351562,127.55999755859376,128.19000244140625,15577557,128.5995730032606,129.9639712098274,140.02099727117962,69.0672382696872,3.5628574916294644,DOWN
2025-09-30,132.7899932861328,132.7899932861328,135.47999572753906,131.6699981689453,135.39999389648438,2183300,128.99866064924842,130.07479560497666,139.94904698277122,62.742476153953504,3.5914290291922435,DOWN
2025-10-01,133.30999755859375,133.30999755859375,136.3000030517578,132.63999938964844,132.8000030517578,2150382,129.40926416442417,130.2016662698244,139.88298678949582,62.61060079737223,3.5000010899135043,DOWN
2025-10-03,143.39999389648438,143.39999389648438,146.77000427246094,132.14999389648438,134.49000549316406,17510619,130.74171461509658,130.71924774537968,139.91798188508773,76.78173586164148,4.3592872619628915,SIDEWAYS
2025-10-06,147.61000061035156,147.61000061035156,148.44000244140625,141.61000061035156,144.0,10653696,132.34821804321612,131.38163021067268,139.9945193848416,79.27620659018007,4.6750014168875555,SIDEWAYS
2025-10-07,149.27999877929688,149.27999877929688,154.1999969482422,146.8800048828125,148.0,18883831,133.9607685895095,132.0835270172854,140.08691221463718,79.67838530181994,5.066429138183594,SIDEWAYS
2025-10-08,146.74000549316406,146.74000549316406,149.2899932861328,146.25,148.8000030517578,3319283,135.17783877080996,132.65829087908457,140.15311214775687,72.99590204655536,5.060714176722937,SIDEWAYS
2025-10-09,145.33999633789062,145.33999633789062,148.32000732421875,144.41000366210938,146.8000030517578,1863295,136.1456633010081,133.15561266178287,140.20472293571842,69.36666319656285,5.1778569902692535,SIDEWAYS
2025-10-10,143.85000610351562,143.85000610351562,146.35000610351562,143.14999389648438,145.89999389648438,1533737,136.87941023458026,133.57500063989005,140.24099441002485,68.97297669571472,5.213572365897043,SIDEWAYS
2025-10-13,142.64999389648438,142.64999389648438,143.85000610351562,141.5,143.85000610351562,1228465,137.4289896309521,133.93088272838395,140.26496455416873,66.74532162092834,5.125715528215681,SIDEWAYS
2025-10-14,141.00999450683594,141.00999450683594,143.55999755859375,138.3000030517578,143.0,2609175,137.7700377143696,134.2084949549899,140.2723777875286,65.25639646230982,5.35071509225028,SIDEWAYS
2025-10-15,142.10000610351562,142.10000610351562,144.0,139.10000610351562,141.00999450683594,2588751,138.18241565619303,134.5179659804223,140.29056314390658,69.04266047370888,5.510714939662388,SIDEWAYS
2025-10-16,143.58999633789062,143.58999633789062,154.5,143.0,152.13999938964844,43781730,138.69742334016422,134.8737318767936,140.32339332494126,68.42662890229481,6.142857687813895,SIDEWAYS
2025-10-17,140.8699951171875,140.8699951171875,144.1999969482422,140.0,143.58999633789062,3174176,138.90433493797596,135.10887945484828,140.32883214874474,67.69027318824008,6.1221433367047995,SIDEWAYS
2025-10-20,151.52999877929688,151.52999877929688,153.39999389648438,139.3300018310547,141.0,31615782,140.10677911333985,135.75284491855214,140.4402865430786,70.71834955455904,6.397856576102121,SIDEWAYS
2025-10-21,150.4600067138672,150.4600067138672,152.07000732421875,149.60000610351562,151.25,1710720,141.09280078958054,136.32959636150568,140.53998525124564,71.14143313555454,6.3021425519670755,SIDEWAYS
2025-10-23,146.0,146.0,150.49000549316406,144.3000030517578,150.4600067138672,4940589,141.56015309533478,136.70882787674074,140.59431375620838,63.874917332952506,6.482856750488281,SIDEWAYS
2025-10-24,145.30999755859375,145.30999755859375,147.1999969482422,143.41000366210938,146.0,4510342,141.9172811394547,137.04612864857813,140.64123598309777,52.628685333929184,5.709284101213727,SIDEWAYS
2025-10-27,149.72000122070312,149.72000122070312,152.89999389648438,144.1999969482422,145.69000244140625,13234294,142.66039733766883,137.54314325924972,140.73157195561126,52.888036955244104,5.842855181012835,SIDEWAYS
2025-10-28,152.89999389648438,152.89999389648438,154.3000030517578,148.8800048828125,150.0,10108430,143.63559700993696,138.14537269600402,140.85265078089358,54.75814182969046,5.7071413312639505,SIDEWAYS
2025-10-29,159.4199981689453,159.4199981689453,163.49000549316406,152.2100067138672,153.0,31201335,145.1388733107949,138.9796717341586,141.03740050614783,65.08803757974366,6.295713152204241,SIDEWAYS
2025-10-30,162.5800018310547,162.5800018310547,168.75,158.13999938964844,160.0,28581922,146.79993316986724,139.90517487521333,141.2517547481867,69.68935583045533,6.774284362792969,SIDEWAYS
2025-10-31,166.39999389648438,166.39999389648438,171.38999938964844,159.32000732421875,161.69000244140625,27857587,148.66660562002127,140.94418738585142,141.50198598349314,74.45237479094044,7.407854352678571,SIDEWAYS
2025-11-03,168.58999633789062,168.58999633789062,173.0,164.60000610351562,166.39999389648438,16102581,150.5640714026755,142.02833675651962,141.77151842483045,77.53715401267223,7.839996337890625,UP
2025-11-04,175.9199981689453,175.9199981689453,180.3000030517578,167.0800018310547,168.0,40337240,152.97892157089166,143.3574215177912,142.1113042929311,83.06497254343364,8.408568246023995,UP
2025-11-05,175.9199981689453,175.9199981689453,175.9199981689453,175.9199981689453,175.9199981689453,0,155.1637860088015,144.63438530803253,142.4477092071203,82.707924624529,8.058568681989398,UP
2025-11-06,169.86000061035156,169.86000061035156,178.25,168.25,175.02000427246094,15743582,156.56342549466342,145.62362512380977,142.72046832556043,73.34281346884286,7.887140546526227,UP
2025-11-07,172.49000549316406,172.49000549316406,175.3000030517578,167.63999938964844,169.86000061035156,12549932,158.08024263737775,146.677208667706,143.0166826257356,78.14169269324651,8.134283883231026,UP
2025-11-10,170.57000732421875,170.57000732421875,178.36000061035156,168.8800048828125,173.35000610351562,8500922,159.2697440361245,147.61418116403982,143.2908450605464,70.0674615989306,7.806427001953125,UP
2025-11-11,178.35000610351562,178.35000610351562,179.8000030517578,169.27000427246094,170.5500030517578,15409648,161.08691185206652,148.81950763225456,143.63969243410827,75.7525343252249,8.38214111328125,UP
2025-11-12,174.50999450683594,174.50999450683594,182.1999969482422,173.0,178.7899932861328,9113334,162.36530067633026,149.82697770576755,143.94685961891156,76.62991502911939,8.597140720912389,UP
2025-11-13,173.6300048828125,173.6300048828125,178.1699981689453,172.5800018310547,174.60000610351562,4633087,163.4381296483762,150.76042975192615,144.24221429815435,76.35890420764224,8.725712367466517,UP
2025-11-14,171.8300018310547,171.8300018310547,175.36000061035156,171.10000610351562,173.57000732421875,2851039,164.23735557053607,151.58668748051943,144.51671964674043,71.62981837831705,8.4085693359375,UP
2025-11-17,183.5200042724609,183.5200042724609,185.0,172.17999267578125,172.17999267578125,23868096,166.07379830405273,152.83897441353673,144.90481203107595,75.67930648022384,8.962140764508929,UP
2025-11-18,178.38999938964844,178.38999938964844,183.6999969482422,177.57000732421875,183.6000061035156,8350448,167.24676983601424,153.84097539299208,145.23799797494235,66.28885251726737,8.594282967703682,UP
2025-11-19,174.08999633789062,174.08999633789062,178.5,173.10000610351562,178.5,3829133,167.89850569333578,154.63505464573322,145.5250825357677,59.69344154897886,8.222139630998884,UP
2025-11-20,174.22999572753906,174.22999572753906,180.88999938964844,173.69000244140625,174.10000610351562,11327871,168.50150474421227,155.40348370776485,145.81070356255148,57.02998684001786,7.8742828369140625,UP
2025-11-21,170.27999877929688,170.27999877929688,176.8000030517578,169.47999572753906,174.6999969482422,6951116,168.67088512850603,155.98687645566807,146.05417913684747,51.47084602464142,7.797140938895089,UP
2025-11-24,166.82000732421875,166.82000732421875,171.92999267578125,164.0,171.16000366210938,4621689,168.4946110519072,156.41170511717988,146.26080429294072,41.50803421636665,7.419283185686384,UP
2025-11-25,165.7899932861328,165.7899932861328,169.35000610351562,164.27000427246094,167.0,3788991,168.23702840754774,156.77948112380548,146.4551245814302,40.725140139963926,7.782140459333148,UP
2025-11-26,160.6199951171875,160.6199951171875,167.39999389648438,158.10000610351562,166.63999938964844,7942141,167.51159666560866,156.93008951570283,146.59606856686062,41.39984860513634,7.732139587402344,UP
2025-11-27,160.24000549316406,160.24000549316406,162.63999938964844,158.67999267578125,161.4199981689453,4033016,166.8190641729949,157.05989014226995,146.7318291332915,38.09986428067869,7.467854091099331,UP
2025-11-28,158.05999755859375,158.05999755859375,160.89999389648438,157.5800018310547,160.14999389648438,2743765,165.98486735257575,157.09911004094934,146.84454722707562,37.908363513656205,7.027853829520089,UP
2025-12-01,161.9600067138672,161.9600067138672,164.4499969482422,158.86000061035156,159.1999969482422,7051687,165.60154729174639,157.2897334398873,146.99494980903376,32.87357150214338,6.732139587402344,UP
2025-12-02,158.97999572753906,158.97999572753906,164.38999938964844,158.10000610351562,161.5,4799558,164.97092333325045,157.35601823548149,147.1142039972776,33.47521608760793,6.52428218296596,UP
2025-12-03,159.41000366210938,159.41000366210938,159.89999389648438,156.3000030517578,159.0,3343453,164.44131193599893,157.43656668358454,147.2365502625993,34.722830591518544,6.382138933454241,UP
2025-12-04,156.72999572753906,156.72999572753906,160.5399932861328,156.00999450683594,159.17999267578125,2099580,163.70690086852656,157.4088580186416,147.33101240652906,34.078456231578116,6.401424952915737,UP
2025-12-05,153.74000549316406,153.74000549316406,156.8300018310547,153.41000366210938,156.6999969482422,1552519,162.75767273753965,157.26498144901504,147.39478348201797,11.544454585435773,5.704996381487165,UP
2025-12-08,150.50999450683594,150.50999450683594,156.0,149.14999389648438,153.60000610351562,3340973,161.59122719175835,157.00008000030215,147.42578060664303,12.14017350742094,5.756426130022321,UP
2025-12-09,153.7100067138672,153.7100067138672,155.35000610351562,146.13999938964844,149.75999450683594,5266920,160.84063476529252,156.87105751848117,147.48831021965026,21.472616447432216,6.028569902692523,UP
2025-12-10,153.63999938964844,153.63999938964844,156.38999938964844,151.41000366210938,153.0,2215644,160.15485996761214,156.74434935656615,147.54952105716268,21.122069268375355,5.869998386928013,UP
2025-12-11,149.67999267578125,149.67999267578125,153.0500030517578,149.39999389648438,152.75999450683594,1659882,159.15725355886636,156.46731576124125,147.570719779736,21.11614031214137,5.649998256138393,UP
2025-12-12,148.9499969482422,148.9499969482422,151.36000061035156,148.39999389648438,150.1999969482422,2111817,158.18513388166406,156.17251894504523,147.58444393066642,22.866727985895025,5.294999258858817,UP
2025-12-15,149.75999450683594,149.75999450683594,153.3699951171875,148.8000030517578,149.1999969482422,3099048,157.38273965548996,155.9210473984488,147.60609120008104,25.496831159041022,5.258569989885602,UP
2025-12-16,148.7100067138672,148.7100067138672,154.39999389648438,147.64999389648438,150.25,6917759,156.55676508962114,155.63826148924954,147.61707543404907,29.1710897876208,5.0764280046735495,UP
2025-12-17,148.25,148.25,151.0,147.4199981689453,148.88999938964844,3299560,155.76564460489533,155.3485257445731,147.6233731909242,29.08967433968752,5.049284798758371,UP
2025-12-18,143.6999969482422,143.6999969482422,147.94000244140625,143.02000427246094,147.3000030517578,2369861,154.61653530426167,154.8917206937366,147.5843346213453,26.868596198778803,5.185713631766183,SIDEWAYS
2025-12-19,148.22000122070312,148.22000122070312,149.32000732421875,143.80999755859375,143.80999755859375,4187018,154.007341582018,154.6300846359706,147.59065966213493,28.30072009226589,5.130714416503906,SIDEWAYS
2025-12-22,148.8800048828125,148.8800048828125,150.4499969482422,147.8000030517578,150.0,1497087,153.5190238011413,154.40459131231734,147.60348896781332,32.78804303450801,4.870714460100446,SIDEWAYS
2025-12-23,146.66000366210938,146.66000366210938,150.6999969482422,146.1999969482422,148.5,1870727,152.86578378790014,154.10088199270135,147.59410105432372,29.521385318052012,4.935000828334263,SIDEWAYS
2025-12-24,146.0500030517578,146.0500030517578,148.4499969482422,145.5,146.69000244140625,1458854,152.21666181302945,153.78516124991927,147.5787368950942,31.624256095371024,4.8221435546875,SIDEWAYS
2025-12-25,146.0500030517578,146.0500030517578,146.0500030517578,146.0500030517578,146.0500030517578,0,151.62936097862263,153.4818217127365,147.56352561307096,35.25126336971168,4.577857971191406,SIDEWAYS
2025-12-26,145.00999450683594,145.00999450683594,146.9499969482422,144.41000366210938,144.57000732421875,1443674,150.99894512416677,153.14959319485806,147.5381173433572,38.48410417366878,4.269999912806919,SIDEWAYS
2025-12-29,144.2100067138672,144.2100067138672,146.60000610351562,143.5,145.00999450683594,1321523,150.35237956128108,152.79902117599568,147.50500181470557,27.88641726941694,3.833571297781808,SIDEWAYS
2025-12-30,141.75999450683594,141.75999450683594,144.82000732421875,141.22999572753906,144.49000549316406,1544027,149.53405717514346,152.36611816936198,147.44783756288598,25.10478419635605,3.7342867170061385,SIDEWAYS
2025-12-31,152.02999877929688,152.02999877929688,158.5,142.30999755859375,142.49000549316406,50277974,149.77176589934854,152.35293701681042,147.4934312068304,53.89460566390623,4.627143859863281,SIDEWAYS
2026-01-01,153.47999572753906,153.47999572753906,156.7899932861328,149.77000427246094,151.0,12509505,150.12493064489047,152.3971353976233,147.5529990130066,57.33246460199723,4.917142595563616,SIDEWAYS
2026-01-02,151.30999755859375,151.30999755859375,153.5800018310547,149.1999969482422,152.75,3886148,150.23779416048126,152.35450254119075,147.59038208311196,52.40310436959466,4.903572082519531,SIDEWAYS
2026-01-05,149.36000061035156,149.36000061035156,156.3699951171875,148.5,151.5,3402933,150.15419477475461,152.23707109292255,147.60799022766162,50.9803822289323,4.98357173374721,SIDEWAYS
2026-01-06,148.1699981689453,148.1699981689453,149.5,145.10000610351562,149.5,3784131,149.96522366943944,152.07757803708031,147.61358234648037,49.881933613497985,5.042142595563616,SIDEWAYS
2026-01-07,146.82000732421875,146.82000732421875,151.16000366210938,146.2100067138672,147.99000549316406,2180076,149.6656792556089,151.8713987934387,147.60568607760217,55.08476135767378,5.022142682756696,SIDEWAYS
2026-01-08,142.6199951171875,142.6199951171875,147.0,141.74000549316406,146.99000549316406,2839012,148.99466171861638,151.50859864927196,147.55607721232442,40.77733337220067,4.996427263532366,SIDEWAYS
2026-01-09,139.1999969482422,139.1999969482422,143.41000366210938,138.39999389648438,143.0,2403031,148.06183650239026,151.02590838648646,147.47293213506987,35.386466029624714,5.164999825613839,SIDEWAYS
2026-01-12,140.36000061035156,140.36000061035156,142.92999267578125,136.02000427246094,139.6999969482422,3942949,147.32832832219609,150.6076374933047,147.402156697013,40.17467165773874,5.337141854422433,SIDEWAYS
2026-01-13,145.17999267578125,145.17999267578125,147.0,142.25,147.0,11169983,147.12372492729943,150.39478867693126,147.38004561222465,48.80064754136638,5.600713457380023,SIDEWAYS
2026-01-14,158.35000610351562,158.35000610351562,162.3000030517578,144.3699951171875,145.0,23944802,148.19289456312956,150.7067579877777,147.48919944795887,62.439319021228044,6.881428309849331,SIDEWAYS
2026-01-15,158.35000610351562,158.35000610351562,158.35000610351562,158.35000610351562,158.35000610351562,0,149.16023851935682,151.00649320800272,147.59726717587483,63.78100110878411,6.7000002179827005,SIDEWAYS
2026-01-16,151.25999450683594,151.25999450683594,164.0,149.22000122070312,159.1300048828125,17579062,149.3602152800691,151.01643443540794,147.63371222394412,56.44540459342564,7.534285409109933,SIDEWAYS
