date_,adj close_360one.ns,close_360one.ns,high_360one.ns,low_360one.ns,open_360one.ns,volume_360one.ns
2024-01-16,645.04052734375,661.5999755859375,668.2000122070312,654.5499877929688,660.0,141899
2024-01-17,630.3671875,646.5499877929688,658.4500122070312,637.6500244140625,655.0,266993
2024-01-18,626.954833984375,643.0499877929688,654.5,638.0999755859375,646.5499877929688,229384
2024-01-19,613.0127563476562,628.75,659.0,626.0499877929688,650.0,277493
2024-01-23,603.5067138671875,619.0,644.9000244140625,610.0,644.0,448657
2024-01-24,601.5568237304688,617.0,627.0,591.5,620.0,332842
2024-01-25,614.426513671875,630.2000122070312,637.4000244140625,614.9500122070312,617.0,244105
2024-01-29,622.576904296875,634.0,643.5499877929688,626.0,633.0,899275
2024-01-30,617.274169921875,628.5999755859375,642.0,618.8499755859375,639.9500122070312,170252
2024-01-31,608.878173828125,620.0499877929688,640.6500244140625,616.1500244140625,630.3499755859375,347921
2024-02-01,606.3742065429688,617.5,624.7999877929688,609.7999877929688,621.0,364500
2024-02-02,594.0503540039062,604.9500122070312,620.5999755859375,601.0999755859375,620.0,290046
2024-02-05,604.4102783203125,615.5,621.2999877929688,597.25,610.0,381313
2024-02-06,617.1759643554688,628.5,639.0,615.0,623.4500122070312,1281972
2024-02-07,631.5130004882812,643.0999755859375,652.7000122070312,632.0499877929688,639.9000244140625,321124
2024-02-08,644.327880859375,656.1500244140625,669.7000122070312,643.0,644.75,791047
2024-02-09,642.5110473632812,654.2999877929688,659.5499877929688,644.0,654.5999755859375,410126
2024-02-12,636.5701904296875,648.25,666.0,641.0499877929688,651.8499755859375,1146649
2024-02-13,679.2373046875,691.7000122070312,698.0,647.0499877929688,650.75,1283704
2024-02-14,695.0962524414062,707.8499755859375,719.9500122070312,680.6500244140625,690.25,696379
2024-02-15,700.7427368164062,713.5999755859375,726.9500122070312,705.7000122070312,712.0,665907
2024-02-16,679.9247436523438,692.4000244140625,715.0,685.0499877929688,713.0499877929688,930453
2024-02-19,689.3517456054688,702.0,707.5999755859375,695.1500244140625,695.1500244140625,87428
2024-02-20,692.7886352539062,705.5,709.0,695.5499877929688,707.9500122070312,113402
2024-02-21,700.8410034179688,713.7000122070312,744.9000244140625,707.75,708.75,327025
2024-02-22,695.734619140625,708.5,721.0999755859375,689.0,719.0,220919
2024-02-23,708.69677734375,721.7000122070312,724.75,699.3499755859375,710.0,138055
2024-02-26,755.7337036132812,769.5999755859375,775.0,717.7999877929688,721.9000244140625,1134217
2024-02-27,734.3756103515625,747.8499755859375,788.9500122070312,737.4500122070312,773.7999877929688,837440
2024-02-28,703.39404296875,716.2999877929688,751.0999755859375,710.0499877929688,748.0499877929688,501982
2024-02-29,705.996337890625,718.9500122070312,743.9500122070312,707.9000244140625,723.4500122070312,824679
2024-03-01,718.5166015625,731.7000122070312,743.8499755859375,721.5499877929688,723.0,347110
2024-03-04,714.1958618164062,727.2999877929688,739.7000122070312,721.0499877929688,730.75,114655
2024-03-05,707.9603271484375,720.9500122070312,734.7999877929688,701.5499877929688,708.3499755859375,235044
2024-03-06,683.705322265625,696.25,717.5999755859375,692.2000122070312,710.1500244140625,247042
2024-03-07,667.5516967773438,679.7999877929688,705.0999755859375,675.8499755859375,702.5499877929688,298672
2024-03-11,697.8949584960938,710.7000122070312,722.6500244140625,672.0,681.0499877929688,743621
2024-03-12,695.685546875,708.4500122070312,731.4500122070312,690.0,713.5499877929688,594950
2024-03-13,685.0309448242188,697.5999755859375,707.1500244140625,674.75,704.9000244140625,472495
2024-03-14,684.147216796875,696.7000122070312,700.0,679.6500244140625,682.0,141794
2024-03-15,681.8395385742188,694.3499755859375,700.5499877929688,685.0999755859375,695.7999877929688,284769
2024-03-18,677.2243041992188,689.6500244140625,710.0,682.3499755859375,705.0,132046
2024-03-19,680.12109375,692.5999755859375,700.0,688.5499877929688,692.0,256540
2024-03-20,661.6107177734375,673.75,696.3499755859375,666.0499877929688,694.3499755859375,177154
2024-03-21,661.2670288085938,673.4000244140625,689.5499877929688,670.0,676.5499877929688,285163
2024-03-22,653.85302734375,665.8499755859375,682.4500122070312,659.0499877929688,675.7000122070312,802243
2024-03-26,638.5831909179688,650.2999877929688,666.0,647.0,665.7999877929688,264980
2024-03-27,655.9152221679688,667.9500122070312,674.0,650.8499755859375,652.5499877929688,530619
2024-03-28,663.4273681640625,675.5999755859375,681.0,658.3499755859375,667.0499877929688,481500
2024-04-01,684.245361328125,696.7999877929688,702.5,677.2999877929688,685.0,208800
2024-04-02,683.3125,695.8499755859375,704.5499877929688,680.9500122070312,696.7999877929688,272675
2024-04-03,708.35302734375,721.3499755859375,745.4500122070312,695.8499755859375,695.8499755859375,609168
2024-04-04,708.0093994140625,721.0,727.0,711.2000122070312,723.2999877929688,160014
2024-04-05,703.0013427734375,715.9000244140625,722.0,707.0999755859375,720.9500122070312,141185
2024-04-08,707.1255493164062,720.0999755859375,724.4500122070312,707.3499755859375,719.7000122070312,558348
2024-04-09,706.1927490234375,719.1500244140625,748.4000244140625,715.0,735.9500122070312,944127
2024-04-10,722.542724609375,735.7999877929688,741.4500122070312,722.7000122070312,729.9500122070312,1515257
2024-04-12,735.2103271484375,748.7000122070312,765.0,734.7000122070312,736.8499755859375,1420517
2024-04-15,726.5689086914062,739.9000244140625,756.7000122070312,730.0,745.0499877929688,257991
2024-04-16,737.2724609375,750.7999877929688,763.0,735.2999877929688,735.2999877929688,787154
2024-04-18,784.996826171875,799.4000244140625,900.9500122070312,754.2000122070312,757.5999755859375,2222350
2024-04-19,776.3553466796875,790.5999755859375,823.0,785.0999755859375,796.0,957760
2024-04-22,755.58642578125,769.4500122070312,810.0,765.0,800.0,507505
2024-04-23,752.2476806640625,766.0499877929688,813.0999755859375,760.0499877929688,778.2999877929688,793448
2024-04-24,786.9608764648438,801.4000244140625,870.0,794.0499877929688,870.0,5165029
2024-04-25,823.6378173828125,838.75,845.0,793.8499755859375,802.0,2685823
2024-04-26,793.4909057617188,808.0499877929688,841.8499755859375,800.0,840.0,2460020
2024-04-29,775.0296630859375,789.25,811.5,784.0,811.1500244140625,1356055
2024-04-30,769.9234008789062,784.0499877929688,793.0,774.4000244140625,792.0999755859375,424089
2024-05-02,763.5119018554688,774.0499877929688,791.75,765.0999755859375,784.0,530029
2024-05-03,781.168212890625,791.9500122070312,796.3499755859375,768.0499877929688,778.5,731424
2024-05-06,756.409912109375,766.8499755859375,799.9500122070312,756.4500122070312,799.9500122070312,815497
2024-05-07,739.049560546875,749.25,774.0,738.5999755859375,773.0,872091
2024-05-08,734.3641967773438,744.5,758.4000244140625,740.3499755859375,750.7999877929688,393318
2024-05-09,720.9000244140625,730.8499755859375,754.0,716.25,750.0,214799
2024-05-10,738.2111206054688,748.4000244140625,765.0,735.3499755859375,738.75,305148
2024-05-13,748.9133911132812,759.25,764.0,735.0499877929688,750.0,260125
2024-05-14,748.765380859375,759.0999755859375,768.9000244140625,744.3499755859375,759.3499755859375,349959
2024-05-15,744.6226806640625,754.9000244140625,769.8499755859375,752.2000122070312,761.0,152610
2024-05-16,754.1904907226562,764.5999755859375,768.5,746.0499877929688,752.0,270179
2024-05-17,776.87744140625,787.5999755859375,790.0,764.2999877929688,767.4500122070312,699051
2024-05-21,773.9182739257812,784.5999755859375,801.9500122070312,775.0499877929688,790.7999877929688,387691
2024-05-22,783.6834716796875,794.5,798.0,770.0,775.0,344761
2024-05-23,806.3704223632812,817.5,827.0,786.5,797.0,698627
2024-05-24,812.4860229492188,823.7000122070312,829.9000244140625,812.0499877929688,814.0,543175
2024-05-27,810.31591796875,821.5,827.5999755859375,808.0,826.0,225646
2024-05-28,785.01513671875,795.8499755859375,821.0999755859375,792.3499755859375,821.0999755859375,283678
2024-05-29,789.059326171875,799.9500122070312,807.0,776.5499877929688,795.0,239009
2024-05-30,770.9097900390625,781.5499877929688,799.5,771.5,799.5,168336
2024-05-31,765.5833740234375,776.1500244140625,786.7000122070312,765.9000244140625,781.5499877929688,594583
2024-06-03,769.3316040039062,779.9500122070312,809.0,776.8499755859375,809.0,758635
2024-06-04,729.5308837890625,739.5999755859375,793.9500122070312,691.4000244140625,785.6500244140625,514488
2024-06-05,758.8759155273438,769.3499755859375,777.75,721.1500244140625,741.0,564044
2024-06-06,780.9216918945312,791.7000122070312,800.0,770.0,770.0,662900
2024-06-07,788.960693359375,799.8499755859375,800.0,783.75,790.0,234660
2024-06-10,781.414794921875,792.2000122070312,814.9500122070312,785.0,800.0,540240
2024-06-11,770.1206665039062,780.75,800.0,778.0,800.0,363545
2024-06-12,779.6886596679688,790.4500122070312,794.0,778.1500244140625,790.0,403026
2024-06-13,771.5016479492188,782.1500244140625,819.7000122070312,780.0,816.0,900650
2024-06-14,791.1799926757812,802.0999755859375,807.0,780.5499877929688,788.0,503805
2024-06-18,798.8739013671875,809.9000244140625,815.0,787.1500244140625,810.0,1663594
2024-06-19,841.2884521484375,852.9000244140625,864.5,814.9500122070312,815.0,2526599
2024-06-20,829.7970581054688,841.25,861.0,834.0499877929688,852.9000244140625,389249
2024-06-21,826.1966552734375,837.5999755859375,861.0,831.0999755859375,849.5999755859375,520838
2024-06-24,836.8990478515625,848.4500122070312,856.8499755859375,826.0,837.5,281621
2024-06-25,825.2103271484375,836.5999755859375,853.9500122070312,831.5999755859375,850.9000244140625,1078900
2024-06-26,877.09423828125,889.2000122070312,899.5,837.75,837.75,2090959
2024-06-27,921.9747924804688,934.7000122070312,944.9000244140625,885.9500122070312,887.5,2813051
2024-06-28,966.8060913085938,980.1500244140625,1065.0,939.0,939.0,5166229
2024-07-01,959.7533569335938,973.0,1018.1500244140625,957.0,995.0,1429903
2024-07-02,939.680419921875,952.6500244140625,987.9500122070312,947.5,970.1500244140625,377222
2024-07-03,930.3097534179688,943.1500244140625,974.8499755859375,934.8499755859375,967.0,351385
2024-07-04,914.6754760742188,927.2999877929688,948.7000122070312,924.5499877929688,945.4500122070312,314006
2024-07-05,951.5663452148438,964.7000122070312,967.7000122070312,920.2000122070312,927.2999877929688,498527
2024-07-08,968.0390625,981.4000244140625,1034.949951171875,970.0,1034.949951171875,776000
2024-07-09,983.2786254882812,996.8499755859375,1011.7999877929688,971.0999755859375,984.0,741786
2024-07-10,994.47412109375,1008.2000122070312,1022.25,996.0,997.6500244140625,732777
2024-07-11,955.5119018554688,968.7000122070312,1008.5499877929688,961.25,1008.5499877929688,524099
2024-07-12,923.799560546875,936.5499877929688,969.6500244140625,929.0999755859375,969.1500244140625,490486
2024-07-15,973.9573364257812,987.4000244140625,1015.0,926.2999877929688,937.0499877929688,459178
2024-07-16,967.3978271484375,980.75,988.5499877929688,952.6500244140625,971.0499877929688,447511
2024-07-18,970.5050048828125,983.9000244140625,1003.4500122070312,974.2000122070312,980.0,1423067
2024-07-19,952.947265625,966.0999755859375,984.1500244140625,958.0,983.9000244140625,648174
2024-07-22,973.168212890625,986.5999755859375,1000.0,957.4000244140625,964.9500122070312,208099
2024-07-23,986.6817016601562,1000.2999877929688,1032.75,960.0,986.5999755859375,321889
2024-07-24,1007.297119140625,1021.2000122070312,1039.0,998.0,998.9500122070312,750738
2024-07-25,985.103515625,998.7000122070312,1017.0,991.2000122070312,1010.0,316835
2024-07-26,983.1307373046875,996.7000122070312,1008.5,992.7999877929688,998.7000122070312,171301
2024-07-29,1053.6080322265625,1068.1500244140625,1079.0,1008.0499877929688,1014.0,1283001
2024-07-30,1087.5396728515625,1102.550048828125,1113.0,1068.25,1077.5,827240
2024-07-31,1116.884765625,1132.300048828125,1139.0999755859375,1095.3499755859375,1095.3499755859375,1025229
2024-08-01,1084.18603515625,1099.1500244140625,1215.0,1090.5,1129.800048828125,4006661
2024-08-02,1041.9193115234375,1056.300048828125,1099.1500244140625,1051.0,1099.1500244140625,580705
2024-08-05,1002.4638061523438,1016.2999877929688,1039.0,1006.0499877929688,1019.3499755859375,775218
2024-08-06,980.664794921875,994.2000122070312,1042.949951171875,988.0499877929688,1023.0,268393
2024-08-07,990.0590209960938,1001.2000122070312,1010.4500122070312,982.4000244140625,999.75,607371
2024-08-08,1018.8846435546875,1030.3499755859375,1042.0,998.0,1011.2000122070312,317550
2024-08-09,1021.8511962890625,1033.3499755859375,1040.0,1011.2999877929688,1037.0,147180
2024-08-12,1023.7301635742188,1035.25,1047.449951171875,996.0,1000.0,638502
2024-08-13,1001.6288452148438,1012.9000244140625,1060.0,1005.75,1032.4000244140625,575666
2024-08-14,1015.3742065429688,1026.800048828125,1034.8499755859375,1000.0,1014.4000244140625,1346223
2024-08-16,1057.6978759765625,1069.5999755859375,1089.0,1027.0,1027.0,1240680
2024-08-19,1085.831298828125,1098.050048828125,1100.0,1078.25,1078.25,840353
2024-08-20,1086.5235595703125,1098.75,1112.8499755859375,1070.550048828125,1111.0,286388
2024-08-21,1081.8758544921875,1094.050048828125,1107.1500244140625,1073.6500244140625,1105.800048828125,449397
2024-08-22,1085.93017578125,1098.1500244140625,1109.9000244140625,1088.5,1098.75,885144
2024-08-23,1072.876953125,1084.949951171875,1108.800048828125,1076.9000244140625,1108.800048828125,608995
2024-08-26,1091.912841796875,1104.199951171875,1129.9000244140625,1084.949951171875,1084.949951171875,834862
2024-08-27,1088.0068359375,1100.25,1114.25,1092.1500244140625,1114.25,242583
2024-08-28,1085.2379150390625,1097.449951171875,1134.9000244140625,1094.0999755859375,1109.5,785486
2024-08-29,1068.9215087890625,1080.949951171875,1107.550048828125,1062.0,1097.9000244140625,346121
2024-08-30,1061.06005859375,1073.0,1094.3499755859375,1057.4000244140625,1094.3499755859375,443925
2024-09-02,1074.4097900390625,1086.5,1094.3499755859375,1062.300048828125,1080.0,342375
2024-09-03,1082.963623046875,1095.1500244140625,1104.9000244140625,1086.5999755859375,1100.0,430544
2024-09-04,1079.0574951171875,1091.199951171875,1114.0,1067.5999755859375,1081.5,557096
2024-09-05,1094.385009765625,1106.699951171875,1110.0,1080.4000244140625,1094.8499755859375,289992
2024-09-06,1077.7225341796875,1089.8499755859375,1119.6500244140625,1083.0,1119.6500244140625,430787
2024-09-09,1091.0723876953125,1103.3499755859375,1108.0,1054.5,1090.4000244140625,787547
2024-09-10,1059.1318359375,1071.050048828125,1108.0,1062.0,1107.9000244140625,387683
2024-09-11,1070.454345703125,1082.5,1087.0,1060.0,1080.0,301368
2024-09-12,1095.8189697265625,1108.1500244140625,1112.0,1080.0999755859375,1099.5999755859375,396046
2024-09-13,1080.6397705078125,1092.800048828125,1110.0,1072.0999755859375,1110.0,332268
2024-09-16,1091.9622802734375,1104.25,1111.8499755859375,1087.8499755859375,1106.949951171875,279159
2024-09-17,1073.4210205078125,1085.5,1109.0,1076.0,1104.9000244140625,245008
2024-09-18,1069.267822265625,1081.300048828125,1134.800048828125,1075.0,1094.449951171875,451443
2024-09-19,1053.742431640625,1065.5999755859375,1085.3499755859375,1038.6500244140625,1083.9000244140625,304224
2024-09-20,1077.1292724609375,1089.25,1108.8499755859375,1046.5,1071.0,1348962
2024-09-23,1062.0489501953125,1074.0,1093.3499755859375,1069.9000244140625,1089.25,263351
2024-09-24,1066.5484619140625,1078.550048828125,1088.0,1065.199951171875,1074.0,288547
2024-09-25,1022.8896484375,1034.4000244140625,1080.050048828125,1028.0,1079.949951171875,314248
2024-09-26,1067.7349853515625,1079.75,1105.0,1016.9500122070312,1028.050048828125,1269390
2024-09-27,1055.6707763671875,1067.550048828125,1100.0,1042.4000244140625,1075.199951171875,787984
2024-09-30,1028.0316162109375,1039.5999755859375,1083.949951171875,1036.0,1076.550048828125,396214
2024-10-01,1002.7660522460938,1014.0499877929688,1044.6500244140625,1007.0,1040.0,468834
2024-10-03,944.818115234375,955.4500122070312,998.4500122070312,940.0,994.0,1700571
2024-10-04,999.94775390625,1011.2000122070312,1025.0,951.5999755859375,962.9000244140625,1463077
2024-10-07,953.0751953125,963.7999877929688,1021.0499877929688,955.2000122070312,1007.5999755859375,449744
2024-10-08,965.683349609375,976.5499877929688,984.4500122070312,953.4000244140625,965.0,846742
2024-10-09,998.7611083984375,1010.0,1022.25,979.0,979.9500122070312,1013927
2024-10-10,1011.4680786132812,1022.8499755859375,1065.0,1012.0,1052.0,1653897
2024-10-11,1045.1392822265625,1056.9000244140625,1080.0,1023.9500122070312,1023.9500122070312,1462910
2024-10-14,1051.7646484375,1063.5999755859375,1098.3499755859375,1050.199951171875,1063.949951171875,341955
2024-10-15,1102.345458984375,1114.75,1119.8499755859375,1064.949951171875,1064.949951171875,1328383
2024-10-16,1109.7125244140625,1122.199951171875,1128.3499755859375,1107.0,1122.75,587748
2024-10-17,1096.066162109375,1108.4000244140625,1143.6500244140625,1101.0999755859375,1125.5999755859375,539214
2024-10-18,1057.351806640625,1069.25,1089.0,1047.5999755859375,1089.0,1002832
2024-10-21,1092.5555419921875,1104.8499755859375,1119.0,1070.0,1074.0,1266626
2024-10-22,1013.4458618164062,1024.8499755859375,1103.8499755859375,1013.4000244140625,1103.8499755859375,2259818
2024-10-23,996.7833862304688,1008.0,1054.0,992.0499877929688,1015.2000122070312,1548596
2024-10-24,1024.323486328125,1035.8499755859375,1051.949951171875,1017.0,1017.0,697426
2024-10-25,1000.88720703125,1012.1500244140625,1045.949951171875,982.0,1030.5,699929
2024-10-28,990.6029663085938,1001.75,1022.0499877929688,998.9500122070312,1016.8499755859375,472382
2024-10-29,1013.7919311523438,1025.199951171875,1037.6500244140625,994.6500244140625,1000.0,414668
2024-10-30,1049.5396728515625,1061.3499755859375,1070.0,1024.8499755859375,1025.5,331634
2024-10-31,1078.3653564453125,1090.5,1095.0,1048.0,1060.050048828125,464670
2024-11-01,1064.6199951171875,1076.5999755859375,1097.5,1068.0,1095.050048828125,48118
2024-11-04,1026.15283203125,1037.699951171875,1099.800048828125,1026.050048828125,1079.800048828125,435757
2024-11-05,1024.916748046875,1036.449951171875,1049.300048828125,1011.75,1035.5,560723
2024-11-06,1044.4468994140625,1056.199951171875,1060.0999755859375,1030.0999755859375,1035.8499755859375,162519
2024-11-07,1024.6201171875,1036.1500244140625,1075.0,1033.4000244140625,1060.4000244140625,211506
2024-11-08,1034.805419921875,1046.449951171875,1061.300048828125,1023.9500122070312,1046.0,359739
2024-11-11,1039.4532470703125,1051.1500244140625,1068.8499755859375,1030.050048828125,1042.5,238229
2024-11-12,1027.1912841796875,1038.75,1058.800048828125,1033.550048828125,1055.199951171875,191794
2024-11-13,1005.4854125976562,1016.7999877929688,1035.5,1005.0499877929688,1035.5,220799
2024-11-14,1038.711669921875,1050.4000244140625,1054.25,1001.0499877929688,1001.0499877929688,433088
2024-11-18,1036.3876953125,1048.050048828125,1060.0,1031.5,1051.0,282451
2024-11-19,1053.6435546875,1065.5,1075.5,1039.050048828125,1051.1500244140625,235557
2024-11-21,1079.552001953125,1091.699951171875,1110.0,1067.0,1073.949951171875,1287535
2024-11-22,1070.35546875,1082.4000244140625,1114.0,1068.699951171875,1097.949951171875,359373
2024-11-25,1080.491455078125,1092.6500244140625,1115.6500244140625,1076.5,1099.0,922071
2024-11-26,1079.9970703125,1092.1500244140625,1100.0,1083.0,1085.0,207408
2024-11-27,1119.403564453125,1132.0,1148.0,1101.699951171875,1101.699951171875,1317672
2024-11-28,1112.0859375,1124.5999755859375,1148.8499755859375,1096.5999755859375,1140.0,983588
2024-11-29,1102.6422119140625,1115.050048828125,1123.1500244140625,1090.0,1123.1500244140625,519179
2024-12-02,1131.8634033203125,1144.5999755859375,1150.0,1094.0,1115.0,410493
2024-12-03,1143.82861328125,1156.699951171875,1177.699951171875,1141.25,1150.0,1033539
2024-12-04,1115.8436279296875,1128.4000244140625,1162.699951171875,1125.050048828125,1162.699951171875,285838
2024-12-05,1106.894287109375,1119.3499755859375,1140.0,1111.0999755859375,1129.0,360858
2024-12-06,1108.1798095703125,1120.6500244140625,1128.449951171875,1102.3499755859375,1118.949951171875,211439
2024-12-09,1125.9300537109375,1138.5999755859375,1166.5,1121.5,1124.449951171875,624043
2024-12-10,1185.064697265625,1198.4000244140625,1210.0,1140.0,1140.0,1925322
2024-12-11,1197.623291015625,1211.0999755859375,1225.949951171875,1184.75,1202.699951171875,850418
2024-12-12,1185.9547119140625,1199.300048828125,1218.0,1186.4000244140625,1214.949951171875,634155
2024-12-13,1173.39599609375,1186.5999755859375,1203.800048828125,1173.0,1197.949951171875,310022
2024-12-16,1228.5750732421875,1242.4000244140625,1245.0,1184.5999755859375,1186.800048828125,951845
2024-12-17,1237.919921875,1251.8499755859375,1260.0,1232.050048828125,1245.0,603540
2024-12-18,1226.992919921875,1240.800048828125,1270.0,1226.1500244140625,1255.050048828125,525759
2024-12-19,1211.7147216796875,1225.3499755859375,1239.9000244140625,1196.0,1205.25,352663
2024-12-20,1235.5960693359375,1249.5,1260.0,1210.3499755859375,1225.3499755859375,1452337
2024-12-23,1218.9830322265625,1232.699951171875,1280.75,1208.949951171875,1238.050048828125,499836
2024-12-24,1222.59228515625,1236.3499755859375,1239.699951171875,1201.199951171875,1230.0,284990
2024-12-26,1242.2708740234375,1256.25,1312.0999755859375,1214.25,1236.4000244140625,1129000
2024-12-27,1236.98046875,1250.9000244140625,1276.949951171875,1221.9000244140625,1262.8499755859375,827586
2024-12-30,1256.807373046875,1270.949951171875,1295.0,1221.75,1254.949951171875,711413
2024-12-31,1240.8370361328125,1254.800048828125,1275.4000244140625,1243.0,1275.0,273039
2025-01-01,1262.493408203125,1276.699951171875,1288.949951171875,1224.5,1253.199951171875,227346
2025-01-02,1278.51318359375,1292.9000244140625,1300.0,1269.800048828125,1283.5,362600
2025-01-03,1282.7158203125,1297.1500244140625,1311.3499755859375,1290.1500244140625,1310.0,312666
2025-01-06,1243.902587890625,1257.9000244140625,1318.0,1246.5,1306.0999755859375,582553
2025-01-07,1203.75439453125,1217.300048828125,1253.3499755859375,1197.0,1235.0,1064624
2025-01-08,1162.7655029296875,1175.8499755859375,1214.8499755859375,1151.75,1195.0,507458
2025-01-09,1153.5692138671875,1166.550048828125,1172.699951171875,1148.050048828125,1172.699951171875,305587
2025-01-10,1116.5357666015625,1129.0999755859375,1183.449951171875,1112.449951171875,1164.8499755859375,291345
2025-01-13,1089.6878662109375,1101.949951171875,1142.300048828125,1089.0,1100.199951171875,819110
2025-01-14,1113.9647216796875,1126.5,1137.0,1100.800048828125,1106.8499755859375,423370
2025-01-15,1180.1697998046875,1193.449951171875,1220.0,1132.0,1134.0,3496182
2025-01-16,1185.6085205078125,1198.949951171875,1221.300048828125,1172.0999755859375,1172.0999755859375,1097801
2025-01-17,1170.5281982421875,1183.699951171875,1201.449951171875,1169.0,1185.6500244140625,368046
2025-01-20,1202.9632568359375,1216.5,1233.949951171875,1162.4000244140625,1175.199951171875,551761
2025-01-21,1188.4761962890625,1201.8499755859375,1233.1500244140625,1191.0999755859375,1230.0,316825
2025-01-22,1136.164794921875,1148.949951171875,1211.5,1113.75,1200.0,408202
2025-01-23,1128.748291015625,1141.449951171875,1156.699951171875,1130.0,1130.0,376946
2025-01-24,1114.8548583984375,1127.4000244140625,1155.0,1101.0,1140.6500244140625,297675
2025-01-27,1064.5706787109375,1076.550048828125,1121.949951171875,1045.449951171875,1120.449951171875,714718
2025-01-28,1001.7771606445312,1013.0499877929688,1059.9000244140625,945.0,1059.9000244140625,2328267
2025-01-29,1016.9068603515625,1028.3499755859375,1041.0,936.9000244140625,997.7999877929688,804573
2025-01-30,995.94287109375,1007.1500244140625,1060.0,980.0,1032.0,811463
2025-01-31,996.5361328125,1007.75,1053.25,998.5999755859375,1001.2000122070312,827595
2025-02-01,1012.25927734375,1023.6500244140625,1031.550048828125,996.25,1010.0,228332
2025-02-03,980.2197265625,991.25,1050.0,980.0,1023.5499877929688,378144
2025-02-04,975.3742065429688,986.3499755859375,1001.75,968.0,993.6500244140625,566369
2025-02-05,1017.4508666992188,1028.9000244140625,1041.8499755859375,981.5,981.5,1092624
2025-02-06,998.4644775390625,1009.7000122070312,1032.9000244140625,976.6500244140625,1032.9000244140625,2082188
2025-02-07,1007.3643188476562,1018.7000122070312,1025.25,1003.0,1014.4000244140625,644115
2025-02-10,980.8131103515625,991.8499755859375,1029.5,985.5,1019.0,505940
2025-02-11,978.4397583007812,989.4500122070312,1012.4500122070312,969.0499877929688,992.3499755859375,283512
2025-02-12,943.878662109375,954.5,983.9500122070312,951.0,982.2999877929688,652357
2025-02-13,942.4942626953125,953.0999755859375,998.0,945.0999755859375,960.0,437231
2025-02-14,894.533935546875,904.5999755859375,967.75,900.0499877929688,958.0,335512
2025-02-17,886.4252319335938,896.4000244140625,904.2999877929688,865.8499755859375,882.0999755859375,630021
2025-02-18,874.8059692382812,884.6500244140625,912.0,877.1500244140625,902.0,946760
2025-02-19,922.3213500976562,932.7000122070312,945.0,870.0,883.5,931472
2025-02-20,944.620361328125,955.25,979.0,932.7000122070312,932.7000122070312,864634
2025-02-21,970.3309936523438,981.25,985.0,946.5499877929688,959.0,481971
2025-02-24,998.1677856445312,1009.4000244140625,1050.0,966.4500122070312,980.9500122070312,3041066
2025-02-25,1026.9439697265625,1038.5,1067.25,1010.0,1010.0,1939581
2025-02-27,998.9094848632812,1010.1500244140625,1046.4000244140625,1002.2000122070312,1034.699951171875,622537
2025-02-28,987.1912841796875,998.2999877929688,1011.9000244140625,977.5499877929688,991.0,2050567
2025-03-03,967.7105102539062,978.5999755859375,1005.0499877929688,971.8499755859375,994.4000244140625,1493319
2025-03-04,972.1109619140625,983.0499877929688,1001.2999877929688,970.0,970.0,1119762
2025-03-05,972.5560302734375,983.5,1003.0499877929688,977.0,982.5999755859375,778300
2025-03-06,955.4979248046875,966.25,992.2000122070312,961.0,987.8499755859375,349340
2025-03-07,962.073974609375,972.9000244140625,979.7999877929688,964.5499877929688,965.9500122070312,521682
2025-03-10,885.4363403320312,895.4000244140625,984.0,890.0,972.0,2325435
2025-03-11,855.52294921875,865.1500244140625,896.4000244140625,861.4500122070312,889.2999877929688,1640437
2025-03-12,836.93212890625,846.3499755859375,870.7999877929688,832.0999755859375,868.0,880718
2025-03-13,855.2262573242188,864.8499755859375,884.9500122070312,825.0,848.75,1427481
2025-03-17,845.09033203125,854.5999755859375,870.25,851.0,864.8499755859375,476976
2025-03-18,845.09033203125,854.5999755859375,854.5999755859375,854.5999755859375,854.5999755859375,0
2025-03-19,913.520263671875,923.7999877929688,943.8499755859375,887.2999877929688,914.7999877929688,2776070
2025-03-20,916.2891235351562,926.5999755859375,930.0,913.5,923.7999877929688,554710
2025-03-21,932.2594604492188,942.75,982.0,914.2000122070312,926.5999755859375,4892340
2025-03-24,967.85888671875,978.75,997.5999755859375,942.7999877929688,950.0,1536573
2025-03-25,966.9193725585938,977.7999877929688,988.5,966.9000244140625,978.0499877929688,757033
2025-03-26,948.971435546875,959.6500244140625,983.25,941.25,972.9500122070312,397546
2025-03-27,960.5906982421875,971.4000244140625,987.0,942.0,950.0,1816532
2025-03-28,932.1605834960938,942.6500244140625,983.0,924.9000244140625,976.7000122070312,969709
2025-04-01,878.2670288085938,888.1500244140625,954.75,883.0499877929688,949.0,529235
2025-04-02,880.6403198242188,890.5499877929688,897.5999755859375,872.5499877929688,889.9500122070312,310152
2025-04-03,902.3460693359375,912.5,919.9500122070312,886.4000244140625,890.0,355479
2025-04-04,839.8987426757812,849.3499755859375,931.7999877929688,837.9500122070312,912.5,962981
2025-04-07,876.684814453125,886.5499877929688,897.9500122070312,790.5,806.5999755859375,919861
2025-04-08,838.2671508789062,847.7000122070312,889.7999877929688,843.0499877929688,883.0,880189
2025-04-09,799.5527954101562,808.5499877929688,852.75,804.2999877929688,848.0499877929688,554023
2025-04-11,860.5167236328125,870.2000122070312,880.9000244140625,812.0,825.9500122070312,1958890
2025-04-15,928.2545166015625,938.7000122070312,950.0,895.0,900.0,2860927
2025-04-16,933.248291015625,943.75,958.0,917.2999877929688,933.9500122070312,866333
2025-04-17,946.153076171875,956.7999877929688,990.5999755859375,950.0499877929688,954.9500122070312,2754876
2025-04-21,943.6314697265625,954.25,985.5,948.0,968.0,2264748
2025-04-22,1002.6177368164062,1013.9000244140625,1024.0,953.0,975.0,3326459
2025-04-23,1047.95751953125,1059.75,1068.9000244140625,1019.9500122070312,1020.0,3333648
2025-04-24,1006.9193115234375,1018.25,1068.0,1008.0,1058.0,1961884
2025-04-25,960.8873291015625,971.7000122070312,1024.699951171875,965.7999877929688,1024.699951171875,1165532
2025-04-28,972.9515991210938,983.9000244140625,997.0,947.0,972.0,937547
2025-04-29,978.075439453125,983.0499877929688,996.7000122070312,976.5999755859375,984.0,731964
2025-04-30,981.0602416992188,986.0499877929688,1019.9500122070312,975.0499877929688,975.0499877929688,2937845
2025-05-02,943.9490356445312,948.75,988.25,943.0999755859375,985.5499877929688,428256
2025-05-05,932.5569458007812,937.2999877929688,948.3499755859375,922.0,942.2000122070312,530064
2025-05-06,901.7138061523438,906.2999877929688,947.2999877929688,902.1500244140625,940.4000244140625,524503
2025-05-07,927.4330444335938,932.1500244140625,941.8499755859375,890.25,902.0,1357495
2025-05-08,908.4296875,913.0499877929688,942.2999877929688,908.0,927.25,717894
2025-05-09,911.165771484375,915.7999877929688,922.0,882.5999755859375,882.5999755859375,853218
2025-05-12,957.1319580078125,962.0,990.0,940.0,940.0,1014955
2025-05-13,960.7137451171875,965.5999755859375,990.0,961.8499755859375,966.0,552909
2025-05-14,983.1994018554688,988.2000122070312,990.0,949.75,976.0,697367
2025-05-15,1011.4556884765625,1016.5999755859375,1024.0,975.0,995.0,1071460
2025-05-16,995.4868774414062,1000.5499877929688,1032.449951171875,993.5,1022.4500122070312,560528
2025-05-19,1016.0821533203125,1021.25,1036.6500244140625,993.5499877929688,1010.0,729845
2025-05-20,989.3680419921875,994.4000244140625,1030.0,981.0,1024.25,602579
2025-05-21,1007.0779418945312,1012.2000122070312,1018.4500122070312,994.7000122070312,1014.9000244140625,406917
2025-05-22,987.0796508789062,992.0999755859375,1018.5,982.8499755859375,1009.9500122070312,342383
2025-05-23,1012.3013916015625,1017.4500122070312,1019.8499755859375,983.2999877929688,995.0,473437
2025-05-26,1011.6049194335938,1016.75,1037.699951171875,1009.4500122070312,1029.1500244140625,410602
2025-05-27,1004.192626953125,1009.2999877929688,1023.0,1001.5,1023.0,279324
2025-05-28,1019.7633666992188,1024.949951171875,1029.0,1009.2999877929688,1009.7999877929688,671847
2025-05-29,1019.8629760742188,1025.050048828125,1031.800048828125,1007.0,1030.0,319865
2025-05-30,992.402587890625,997.4500122070312,1029.0,993.0,1015.0499877929688,1273280
2025-06-02,1014.3410034179688,1019.5,1040.0,1002.6500244140625,1005.0,737518
2025-06-03,1009.0181274414062,1014.1500244140625,1046.800048828125,1012.0,1029.8499755859375,473711
2025-06-04,1019.0669555664062,1024.25,1033.0,1005.5499877929688,1016.2000122070312,419409
2025-06-05,1068.565185546875,1074.0,1089.449951171875,1009.0499877929688,1027.0,1555439
2025-06-06,1059.411865234375,1064.800048828125,1125.0,1054.0999755859375,1107.4000244140625,2406203
2025-06-09,1060.207763671875,1065.5999755859375,1087.3499755859375,1047.199951171875,1077.199951171875,1548191
2025-06-10,1056.9244384765625,1062.300048828125,1077.75,998.0,1074.5,479653
2025-06-11,1081.598876953125,1087.0999755859375,1113.800048828125,1060.449951171875,1073.050048828125,1488940
2025-06-12,1075.9278564453125,1081.4000244140625,1110.0,1070.050048828125,1090.0,1560231
2025-06-13,1134.728759765625,1140.5,1150.0,1056.4000244140625,1060.0999755859375,2538226
2025-06-16,1163.681396484375,1169.5999755859375,1191.5999755859375,1120.9000244140625,1140.0,2302686
2025-06-17,1140.3997802734375,1146.199951171875,1178.5999755859375,1140.1500244140625,1172.0,894802
2025-06-18,1112.9892578125,1118.6500244140625,1178.800048828125,1113.050048828125,1147.5999755859375,791793
2025-06-19,1108.7608642578125,1114.4000244140625,1160.0,1100.0999755859375,1122.3499755859375,839416
2025-06-20,1131.4951171875,1137.25,1149.8499755859375,1104.4000244140625,1107.75,659293
2025-06-23,1151.5928955078125,1157.449951171875,1163.6500244140625,1118.5,1120.5999755859375,454188
2025-06-24,1141.842529296875,1147.6500244140625,1188.800048828125,1141.0,1165.449951171875,444866
2025-06-25,1183.978271484375,1190.0,1200.0,1140.1500244140625,1151.25,879204
2025-06-26,1158.9554443359375,1164.8499755859375,1202.949951171875,1147.0999755859375,1202.0,1806780
2025-06-27,1189.6492919921875,1195.699951171875,1208.699951171875,1170.0,1180.0,3387240
2025-06-30,1188.4554443359375,1194.5,1206.5,1178.0,1206.5,2857456
2025-07-01,1169.5516357421875,1175.5,1208.4000244140625,1170.0,1198.0,1117721
2025-07-02,1171.242919921875,1177.199951171875,1189.0999755859375,1155.0999755859375,1179.9000244140625,561379
2025-07-03,1220.3929443359375,1226.5999755859375,1235.5,1174.9000244140625,1177.9000244140625,931488
2025-07-04,1239.097900390625,1245.4000244140625,1253.9000244140625,1192.300048828125,1226.5999755859375,1368232
2025-07-07,1246.659423828125,1253.0,1273.800048828125,1235.0999755859375,1244.0,1067244
2025-07-08,1214.224365234375,1220.4000244140625,1249.5,1173.800048828125,1241.0,1215703
2025-07-09,1188.554931640625,1194.5999755859375,1219.0,1188.0,1211.0,605122
2025-07-10,1188.35595703125,1194.4000244140625,1206.4000244140625,1185.4000244140625,1194.5999755859375,735700
2025-07-11,1187.9580078125,1194.0,1214.5999755859375,1183.5,1193.0,455960
2025-07-14,1182.187255859375,1188.199951171875,1206.0,1176.4000244140625,1191.0999755859375,584814
2025-07-15,1191.2413330078125,1197.300048828125,1207.5999755859375,1180.0,1197.5,379530
2025-07-16,1191.539794921875,1197.5999755859375,1203.0999755859375,1181.9000244140625,1200.300048828125,601079
2025-07-17,1199.499267578125,1205.5999755859375,1209.699951171875,1189.300048828125,1205.0,484846
2025-07-18,1196.116455078125,1202.199951171875,1227.0,1184.0,1214.0,1678716
2025-07-21,1215.020263671875,1221.199951171875,1228.800048828125,1186.5,1201.9000244140625,441201
2025-07-22,1138.3104248046875,1144.0999755859375,1175.9000244140625,1130.0,1175.9000244140625,28185822
2025-07-23,1119.30712890625,1125.0,1146.4000244140625,1122.0999755859375,1140.0,1356863
2025-07-24,1112.939453125,1118.5999755859375,1140.699951171875,1115.5,1122.0,2553892
2025-07-25,1072.445556640625,1077.9000244140625,1119.699951171875,1069.0,1119.699951171875,1051171
2025-07-28,1069.162109375,1074.5999755859375,1081.0,1065.0,1072.0,1105938
2025-07-29,1076.9227294921875,1082.4000244140625,1087.0,1059.0,1070.0,690591
2025-07-30,1054.8349609375,1060.199951171875,1085.0,1057.9000244140625,1066.0999755859375,995837
2025-07-31,1047.3729248046875,1052.699951171875,1061.9000244140625,1032.0,1050.0999755859375,1243584
2025-08-01,1047.174072265625,1052.5,1068.0,1046.199951171875,1053.0,457383
2025-08-04,1046.676513671875,1052.0,1062.199951171875,1039.9000244140625,1050.0,572079
2025-08-05,1060.40673828125,1065.800048828125,1072.9000244140625,1052.800048828125,1060.0,497259
2025-08-06,1051.4522705078125,1056.800048828125,1075.5,1050.699951171875,1069.9000244140625,406828
2025-08-07,1060.0087890625,1065.4000244140625,1067.800048828125,1046.0,1056.0,695308
2025-08-08,1037.523193359375,1042.800048828125,1070.0,1040.0,1066.0,563345
2025-08-11,1037.523193359375,1042.800048828125,1049.199951171875,1027.0,1046.199951171875,355749
2025-08-12,1013.445556640625,1018.5999755859375,1043.800048828125,1014.2000122070312,1042.800048828125,1242101
2025-08-13,1022.7979736328125,1028.0,1038.0,1015.5999755859375,1018.7999877929688,326152
2025-08-14,1033.244873046875,1038.5,1046.199951171875,1022.5999755859375,1028.0999755859375,583115
2025-08-18,1056.9244384765625,1062.300048828125,1073.5,1038.4000244140625,1046.5999755859375,418393
2025-08-19,1073.4404296875,1078.9000244140625,1082.4000244140625,1058.4000244140625,1064.199951171875,487563
2025-08-20,1097.3189697265625,1102.9000244140625,1108.300048828125,1070.0,1074.9000244140625,1046821
2025-08-21,1076.126708984375,1081.5999755859375,1104.9000244140625,1073.4000244140625,1104.9000244140625,532904
2025-08-22,1072.14697265625,1077.5999755859375,1088.4000244140625,1070.199951171875,1074.9000244140625,742717
2025-08-25,1087.1705322265625,1092.699951171875,1099.5,1070.0,1081.5999755859375,853932
2025-08-26,1081.8974609375,1087.4000244140625,1110.9000244140625,1081.0999755859375,1092.699951171875,2422947
2025-08-28,1038.6175537109375,1043.9000244140625,1083.5,1028.0999755859375,1080.199951171875,873607
2025-08-29,1012.9480590820312,1018.0999755859375,1045.0,1013.2999877929688,1037.0,644147
2025-09-01,1025.5838623046875,1030.800048828125,1040.0,1013.2999877929688,1018.0999755859375,263961
2025-09-02,1019.6142578125,1024.800048828125,1047.0,1020.4000244140625,1034.0,714095
2025-09-03,1034.9361572265625,1040.199951171875,1044.9000244140625,1013.2999877929688,1020.7000122070312,883948
2025-09-04,1027.57373046875,1032.800048828125,1050.0,1024.300048828125,1043.0,586066
2025-09-05,1032.349365234375,1037.5999755859375,1052.0,1028.9000244140625,1035.0,311880
2025-09-08,1034.7373046875,1040.0,1054.4000244140625,1033.5999755859375,1041.9000244140625,643249
2025-09-09,1038.6175537109375,1043.9000244140625,1050.0,1038.0,1040.0999755859375,819360
2025-09-10,1072.544921875,1078.0,1082.4000244140625,1043.5999755859375,1043.9000244140625,1184367
2025-09-11,1051.750732421875,1057.0999755859375,1075.0,1054.5,1073.0,430699
2025-09-12,1063.3916015625,1068.800048828125,1071.0,1048.199951171875,1066.0,343905
2025-09-15,1073.5399169921875,1079.0,1082.9000244140625,1059.0,1059.0999755859375,353507
2025-09-16,1085.57861328125,1091.0999755859375,1097.0999755859375,1078.300048828125,1079.0,461518
2025-09-17,1097.41845703125,1103.0,1107.5999755859375,1089.5,1090.699951171875,414858
2025-09-18,1096.52294921875,1102.0999755859375,1105.0,1094.199951171875,1103.0,196378
2025-09-19,1075.330810546875,1080.800048828125,1104.0,1075.0,1102.300048828125,857322
2025-09-22,1045.084716796875,1050.4000244140625,1087.0,1042.199951171875,1071.0,798208
2025-09-23,1014.4404907226562,1019.5999755859375,1053.300048828125,1015.4000244140625,1048.0,1808589
2025-09-24,1021.3056030273438,1026.5,1033.0,1005.0999755859375,1022.0,1158063
2025-09-25,1016.9278564453125,1022.0999755859375,1029.199951171875,1012.0,1025.0,892451
2025-09-26,996.7305908203125,1001.7999877929688,1024.199951171875,996.7999877929688,1016.0,943039
2025-09-29,1023.494384765625,1028.699951171875,1040.699951171875,1002.0,1002.0,1111488
2025-09-30,1018.8182373046875,1024.0,1038.0,1011.9000244140625,1038.0,507273
2025-10-01,1031.2550048828125,1036.5,1040.199951171875,1013.0,1028.9000244140625,593561
2025-10-03,1043.890625,1049.199951171875,1051.699951171875,1033.199951171875,1044.9000244140625,458130
2025-10-06,1057.02392578125,1062.4000244140625,1065.199951171875,1046.800048828125,1054.0,266966
2025-10-07,1063.988525390625,1069.4000244140625,1078.0,1054.5999755859375,1060.0,650935
2025-10-08,1079.80810546875,1085.300048828125,1105.800048828125,1064.699951171875,1066.9000244140625,1594145
2025-10-09,1078.91259765625,1084.4000244140625,1093.800048828125,1076.5,1093.800048828125,283733
2025-10-10,1089.5584716796875,1095.0999755859375,1099.9000244140625,1077.800048828125,1086.5999755859375,257260
2025-10-13,1095.8265380859375,1101.4000244140625,1104.0,1083.0,1085.0,651135
2025-10-14,1120.99853515625,1126.699951171875,1131.5999755859375,1101.5,1106.0999755859375,1375997
2025-10-15,1154.528076171875,1160.4000244140625,1172.0,1117.300048828125,1131.0,2005553
2025-10-16,1165.870361328125,1171.800048828125,1179.800048828125,1158.0,1174.0,915145
2025-10-17,1159.0052490234375,1164.9000244140625,1182.199951171875,1143.0999755859375,1172.5,778522
2025-10-20,1177.3121337890625,1183.300048828125,1194.800048828125,1143.5999755859375,1165.0,2812550
2025-10-21,1169.4521484375,1175.4000244140625,1200.0999755859375,1170.0,1200.0999755859375,136457
2025-10-23,1172.9344482421875,1178.9000244140625,1188.4000244140625,1160.0,1160.0,652187
2025-10-24,1179.699951171875,1185.699951171875,1192.199951171875,1170.199951171875,1185.0999755859375,494044
2025-10-27,1173.0,1173.0,1189.800048828125,1167.800048828125,1179.800048828125,607697
2025-10-28,1171.800048828125,1171.800048828125,1183.4000244140625,1166.0999755859375,1173.4000244140625,500694
2025-10-29,1126.699951171875,1126.699951171875,1146.5999755859375,1104.199951171875,1146.5999755859375,1726758
2025-10-30,1119.5999755859375,1119.5999755859375,1137.800048828125,1117.199951171875,1134.9000244140625,310232
2025-10-31,1080.699951171875,1080.699951171875,1123.9000244140625,1074.0,1121.5,587485
2025-11-03,1093.5999755859375,1093.5999755859375,1104.9000244140625,1084.300048828125,1088.699951171875,343479
2025-11-04,1079.0999755859375,1079.0999755859375,1099.4000244140625,1071.9000244140625,1099.0,458901
2025-11-06,1068.199951171875,1068.199951171875,1084.0999755859375,1062.699951171875,1081.5999755859375,396590
2025-11-07,1066.0,1066.0,1076.300048828125,1052.4000244140625,1060.0,922625
2025-11-10,1074.5999755859375,1074.5999755859375,1079.0,1056.5999755859375,1069.5,308692
2025-11-11,1070.0,1070.0,1089.0999755859375,1051.0999755859375,1073.0999755859375,466556
2025-11-12,1089.0,1089.0,1096.9000244140625,1072.800048828125,1080.800048828125,341552
2025-11-13,1085.5999755859375,1085.5999755859375,1095.0,1075.800048828125,1089.0,457966
2025-11-14,1065.4000244140625,1065.4000244140625,1089.800048828125,1059.0,1087.0,601566
2025-11-17,1071.800048828125,1071.800048828125,1080.0,1060.199951171875,1062.199951171875,441511
2025-11-18,1078.0,1078.0,1081.4000244140625,1056.0,1079.800048828125,488323
2025-11-19,1119.199951171875,1119.199951171875,1125.800048828125,1066.9000244140625,1080.0,1078355
2025-11-20,1142.0999755859375,1142.0999755859375,1144.9000244140625,1117.5999755859375,1128.9000244140625,1134821
2025-11-21,1139.699951171875,1139.699951171875,1157.300048828125,1121.0,1142.0999755859375,2783024
2025-11-24,1129.800048828125,1129.800048828125,1154.300048828125,1122.4000244140625,1147.5999755859375,2106550
2025-11-25,1120.0,1120.0,1144.0,1110.300048828125,1121.0999755859375,902708
2025-11-26,1150.0,1150.0,1158.4000244140625,1121.9000244140625,1121.9000244140625,1023674
2025-11-27,1166.5999755859375,1166.5999755859375,1173.9000244140625,1141.0,1150.0,490617
2025-11-28,1183.199951171875,1183.199951171875,1186.0,1144.0,1165.9000244140625,1176162
2025-12-01,1189.300048828125,1189.300048828125,1198.5999755859375,1181.199951171875,1184.9000244140625,560894
2025-12-02,1162.9000244140625,1162.9000244140625,1189.0,1157.5,1189.0,492146
2025-12-03,1148.0999755859375,1148.0999755859375,1168.0,1140.0,1162.0,323061
2025-12-04,1127.9000244140625,1127.9000244140625,1187.800048828125,1123.9000244140625,1151.9000244140625,312892
2025-12-05,1146.699951171875,1146.699951171875,1156.5999755859375,1114.0999755859375,1125.0999755859375,476537
2025-12-08,1128.199951171875,1128.199951171875,1179.0,1118.199951171875,1141.0,908990
2025-12-09,1117.9000244140625,1117.9000244140625,1142.5,1111.0,1130.199951171875,1731802
2025-12-10,1102.800048828125,1102.800048828125,1119.4000244140625,1092.5999755859375,1115.0,413626
2025-12-11,1135.800048828125,1135.800048828125,1143.0,1101.9000244140625,1102.0,471538
2025-12-12,1142.199951171875,1142.199951171875,1147.0,1127.699951171875,1135.199951171875,258119
2025-12-15,1144.699951171875,1144.699951171875,1158.0,1130.300048828125,1142.199951171875,1417718
2025-12-16,1133.4000244140625,1133.4000244140625,1149.800048828125,1126.699951171875,1146.0,276111
2025-12-17,1126.0999755859375,1126.0999755859375,1153.0999755859375,1120.0999755859375,1139.199951171875,1050366
2025-12-18,1143.199951171875,1143.199951171875,1152.699951171875,1122.800048828125,1137.199951171875,356957
2025-12-19,1138.9000244140625,1138.9000244140625,1150.0999755859375,1124.300048828125,1142.0,1662158
2025-12-22,1165.5,1165.5,1170.0999755859375,1120.0,1134.4000244140625,332048
2025-12-23,1181.699951171875,1181.699951171875,1186.5999755859375,1158.0,1169.9000244140625,473322
2025-12-24,1196.0,1196.0,1217.0,1180.300048828125,1190.0,1291909
2025-12-26,1179.4000244140625,1179.4000244140625,1207.0999755859375,1172.5999755859375,1191.5,223587
2025-12-29,1170.5999755859375,1170.5999755859375,1188.0,1165.199951171875,1179.800048828125,223221
2025-12-30,1191.5999755859375,1191.5999755859375,1217.9000244140625,1164.300048828125,1164.4000244140625,939031
2025-12-31,1190.0,1190.0,1198.0,1170.199951171875,1198.0,357058
2026-01-01,1179.699951171875,1179.699951171875,1198.0,1171.300048828125,1198.0,132449
2026-01-02,1200.0999755859375,1200.0999755859375,1213.699951171875,1171.199951171875,1179.699951171875,343492
2026-01-05,1199.0,1199.0,1221.0,1191.699951171875,1208.0,458955
2026-01-06,1187.0,1187.0,1209.9000244140625,1175.5,1205.0,388064
2026-01-07,1191.800048828125,1191.800048828125,1200.4000244140625,1168.5,1180.0999755859375,1265898
2026-01-08,1182.9000244140625,1182.9000244140625,1197.0999755859375,1170.300048828125,1190.0,1029259
2026-01-09,1140.9000244140625,1140.9000244140625,1184.4000244140625,1130.0,1180.0,1067665
2026-01-12,1130.5,1130.5,1154.9000244140625,1117.5,1140.9000244140625,2217034
2026-01-13,1136.800048828125,1136.800048828125,1153.5999755859375,1120.5,1132.0,732421
2026-01-14,1149.199951171875,1149.199951171875,1164.300048828125,1130.0999755859375,1135.4000244140625,665428
2026-01-16,1197.699951171875,1197.699951171875,1236.199951171875,1187.0,1190.0,4335885
