date_,adj close_apollohosp.ns,close_apollohosp.ns,high_apollohosp.ns,low_apollohosp.ns,open_apollohosp.ns,volume_apollohosp.ns
2024-01-16,5874.3369140625,5904.5498046875,5967.4501953125,5829.0,5882.0,347797
2024-01-17,5895.5771484375,5925.89990234375,5980.35009765625,5831.25,5872.85009765625,378205
2024-01-18,5960.1953125,5990.85009765625,6028.9501953125,5838.0,5959.0,591170
2024-01-19,6063.46337890625,6094.64990234375,6120.0,5951.0,5987.0,326813
2024-01-23,6122.26123046875,6153.75,6428.7001953125,6133.64990234375,6428.0,982889
2024-01-24,6181.55615234375,6213.35009765625,6230.0,6083.35009765625,6153.5498046875,435151
2024-01-25,6137.2841796875,6168.85009765625,6238.2001953125,6119.10009765625,6210.0498046875,337391
2024-01-29,6297.36083984375,6329.75,6349.0,6177.7998046875,6199.0498046875,554591
2024-01-30,6277.5126953125,6309.7998046875,6387.85009765625,6283.7998046875,6331.0,304312
2024-01-31,6320.4423828125,6352.9501953125,6371.64990234375,6255.5498046875,6280.0,499281
2024-02-01,6255.77490234375,6287.9501953125,6377.0,6267.7998046875,6289.64990234375,255111
2024-02-02,6288.20751953125,6320.5498046875,6359.0498046875,6291.2998046875,6320.0,239428
2024-02-05,6202.59814453125,6234.5,6346.60009765625,6209.2001953125,6320.5498046875,147909
2024-02-06,6165.5888671875,6197.2998046875,6297.89990234375,6155.0498046875,6259.9501953125,326654
2024-02-07,6146.337890625,6177.9501953125,6248.85009765625,6155.0,6237.75,323738
2024-02-08,6199.1162109375,6231.0,6363.2001953125,6150.0,6201.5,794455
2024-02-09,6404.41064453125,6437.35009765625,6473.9501953125,6213.60009765625,6269.39990234375,933104
2024-02-12,6580.60400390625,6614.4501953125,6677.7998046875,6375.0,6464.89990234375,709946
2024-02-13,6684.51953125,6718.89990234375,6740.0,6598.25,6614.4501953125,521773
2024-02-14,6719.53955078125,6754.10009765625,6775.0,6700.0,6718.7998046875,452781
2024-02-15,6593.6865234375,6627.60009765625,6764.39990234375,6585.60009765625,6750.0,446114
2024-02-16,6566.77490234375,6600.5498046875,6660.4501953125,6525.10009765625,6631.0498046875,391508
2024-02-19,6623.08544921875,6657.14990234375,6675.9501953125,6511.0498046875,6620.0,334607
2024-02-20,6730.92919921875,6759.4501953125,6785.0,6637.85009765625,6667.5,559251
2024-02-21,6731.62548828125,6760.14990234375,6821.9501953125,6717.2998046875,6784.9501953125,537325
2024-02-22,6740.6376953125,6769.2001953125,6874.4501953125,6690.0498046875,6765.0,564432
2024-02-23,6745.466796875,6774.0498046875,6786.7998046875,6723.10009765625,6779.0,352524
2024-02-26,6556.21875,6584.0,6791.75,6570.89990234375,6769.9501953125,453443
2024-02-27,6592.6640625,6620.60009765625,6668.4501953125,6570.0,6588.0,313760
2024-02-28,6335.50390625,6362.35009765625,6630.0,6345.2998046875,6630.0,536602
2024-02-29,6075.8544921875,6101.60009765625,6392.5498046875,6062.0498046875,6392.5498046875,1543361
2024-03-01,6059.72265625,6085.39990234375,6107.0,5941.85009765625,6102.0,1749136
2024-03-04,6007.84228515625,6033.2998046875,6171.75,6022.85009765625,6145.0,551616
2024-03-05,6035.525390625,6061.10009765625,6103.5,5976.2001953125,6035.0498046875,724456
2024-03-06,6028.75341796875,6054.2998046875,6078.89990234375,5945.0,6025.0,588776
2024-03-07,6023.27685546875,6048.7998046875,6142.85009765625,6032.0,6065.5,738112
2024-03-11,6178.51953125,6204.7001953125,6225.0,6036.10009765625,6048.7998046875,521556
2024-03-12,6118.8720703125,6144.7998046875,6274.25,6107.5,6240.0,482112
2024-03-13,5983.04736328125,6008.39990234375,6180.0,5956.0498046875,6180.0,356191
2024-03-14,5997.73583984375,6023.14990234375,6095.0,5980.0,6008.39990234375,439181
2024-03-15,5957.9541015625,5983.2001953125,6030.85009765625,5941.60009765625,6015.0,764270
2024-03-18,6110.6572265625,6136.5498046875,6144.9501953125,5978.64990234375,5997.75,419258
2024-03-19,6087.40576171875,6113.2001953125,6125.7001953125,6034.0498046875,6077.0,542392
2024-03-20,6147.99853515625,6174.0498046875,6200.7001953125,6073.4501953125,6148.0,413963
2024-03-21,6156.4130859375,6182.5,6214.39990234375,6105.60009765625,6189.89990234375,350032
2024-03-22,6348.99658203125,6375.89990234375,6390.89990234375,6168.7001953125,6169.14990234375,727548
2024-03-26,6295.7724609375,6322.4501953125,6463.4501953125,6309.5,6398.0,629120
2024-03-27,6205.15673828125,6231.4501953125,6399.39990234375,6220.0,6355.0,603420
2024-03-28,6329.97705078125,6356.7998046875,6425.60009765625,6112.5,6231.4501953125,818070
2024-04-01,6430.00341796875,6457.25,6557.0,6372.75,6401.0,440465
2024-04-02,6392.66162109375,6419.75,6469.5,6404.2001953125,6469.5,213898
2024-04-03,6348.150390625,6375.0498046875,6409.0,6311.0,6399.5498046875,289202
2024-04-04,6413.423828125,6440.60009765625,6475.0,6326.39990234375,6425.0,547885
2024-04-05,6370.7548828125,6397.75,6480.0,6381.5498046875,6440.60009765625,239001
2024-04-08,6281.13427734375,6307.75,6397.75,6280.0,6397.75,491584
2024-04-09,6477.60205078125,6505.0498046875,6540.0,6330.9501953125,6347.7998046875,592624
2024-04-10,6462.46630859375,6489.85009765625,6515.89990234375,6451.0,6505.0498046875,174947
2024-04-12,6379.517578125,6406.5498046875,6477.89990234375,6362.7001953125,6450.0,450885
2024-04-15,6276.55419921875,6303.14990234375,6399.10009765625,6283.0,6325.10009765625,251305
2024-04-16,6308.0205078125,6334.75,6347.60009765625,6202.0,6299.9501953125,290190
2024-04-18,6048.52001953125,6074.14990234375,6334.39990234375,6053.2001953125,6306.10009765625,518459
2024-04-19,6143.51708984375,6169.5498046875,6199.0,6050.0,6140.0,560178
2024-04-22,6212.2265625,6238.5498046875,6258.0,6150.0,6154.5,197001
2024-04-23,6168.7607421875,6194.89990234375,6303.7998046875,6181.0,6241.5,217146
2024-04-24,6256.83740234375,6283.35009765625,6310.5,6186.14990234375,6229.89990234375,207837
2024-04-25,6357.162109375,6384.10009765625,6402.2001953125,6168.85009765625,6280.0,520353
2024-04-26,6232.1923828125,6258.60009765625,6380.0,6251.0498046875,6380.0,261065
2024-04-29,5943.1669921875,5968.35009765625,6200.0,5733.0,6200.0,2785015
2024-04-30,5922.00634765625,5947.10009765625,6023.0,5901.0,6000.0,1040838
2024-05-02,5933.4072265625,5958.5498046875,6000.0,5939.4501953125,5947.10009765625,572406
2024-05-03,5984.24267578125,6009.60009765625,6027.7001953125,5960.0498046875,6000.0,563849
2024-05-06,6031.14404296875,6056.7001953125,6086.14990234375,5986.2001953125,6050.0,419144
2024-05-07,5875.353515625,5900.25,6080.0,5856.39990234375,6080.0,455928
2024-05-08,5821.8310546875,5846.5,5910.0,5812.64990234375,5892.0,511587
2024-05-09,5781.89990234375,5806.39990234375,5892.0,5790.0,5859.89990234375,598157
2024-05-10,5817.7978515625,5842.4501953125,5881.0,5753.25,5819.9501953125,372227
2024-05-13,5805.54931640625,5830.14990234375,5842.39990234375,5790.2001953125,5820.0,348407
2024-05-14,5838.0615234375,5862.7998046875,5894.64990234375,5740.0,5855.0,558136
2024-05-15,5824.12109375,5848.7998046875,5883.4501953125,5820.0,5869.9501953125,509306
2024-05-16,5906.67138671875,5931.7001953125,5944.5,5850.0,5890.0,378026
2024-05-17,5927.93115234375,5953.0498046875,5973.0,5910.10009765625,5925.0,267904
2024-05-21,5923.1513671875,5948.25,6041.89990234375,5920.39990234375,6000.0,606639
2024-05-22,5843.38916015625,5868.14990234375,5958.60009765625,5844.9501953125,5958.60009765625,735701
2024-05-23,5944.85888671875,5970.0498046875,5991.4501953125,5860.60009765625,5878.4501953125,308200
2024-05-24,5889.39453125,5914.35009765625,5971.85009765625,5867.0,5938.2998046875,608807
2024-05-27,5914.23876953125,5939.2998046875,5959.5,5918.0,5950.0,189637
2024-05-28,5879.5859375,5904.5,5971.4501953125,5880.2998046875,5944.14990234375,314362
2024-05-29,5878.54052734375,5903.4501953125,5945.0,5880.89990234375,5909.89990234375,337183
2024-05-30,5742.11865234375,5766.4501953125,5901.75,5750.0,5900.0,643549
2024-05-31,5814.56201171875,5839.2001953125,5959.35009765625,5743.0,5855.9501953125,1382132
2024-06-03,5826.5107421875,5851.2001953125,6018.14990234375,5812.5498046875,5986.2998046875,804820
2024-06-04,5821.03466796875,5845.7001953125,5963.75,5693.2001953125,5750.35009765625,642000
2024-06-05,5909.60888671875,5934.64990234375,5944.75,5776.7998046875,5915.0,487289
2024-06-06,5936.84326171875,5962.0,5975.0,5900.0,5970.0,490549
2024-06-07,5989.17138671875,6014.5498046875,6031.0,5965.4501953125,5987.75,436163
2024-06-10,6031.14404296875,6056.7001953125,6075.0,5992.0498046875,6040.0,443756
2024-06-11,6082.17724609375,6107.9501953125,6167.25,6059.2001953125,6081.75,521348
2024-06-12,6142.57177734375,6168.60009765625,6188.85009765625,6075.0,6117.2998046875,321285
2024-06-13,6180.01318359375,6206.2001953125,6210.5498046875,6160.0,6207.9501953125,401804
2024-06-14,6181.4072265625,6207.60009765625,6219.9501953125,6175.0,6210.0,216573
2024-06-18,6210.03564453125,6236.35009765625,6249.7998046875,6166.2001953125,6225.0,267887
2024-06-19,6147.5009765625,6173.5498046875,6269.0,6128.0498046875,6265.0,401714
2024-06-20,6149.791015625,6175.85009765625,6193.7001953125,6115.75,6165.7001953125,252844
2024-06-21,6143.9658203125,6170.0,6239.10009765625,6145.0,6152.2001953125,434583
2024-06-24,6233.1376953125,6259.5498046875,6295.0,6156.14990234375,6170.0,357273
2024-06-25,6268.78662109375,6295.35009765625,6315.0,6242.25,6258.0,348730
2024-06-26,6110.90576171875,6136.7998046875,6285.64990234375,6125.0,6279.7998046875,538411
2024-06-27,6166.37109375,6192.5,6200.39990234375,6055.0,6115.75,440975
2024-06-28,6159.59912109375,6185.7001953125,6222.5,6145.14990234375,6222.5,334692
2024-07-01,6114.58984375,6140.5,6180.0,6108.4501953125,6180.0,374933
2024-07-02,6071.87109375,6097.60009765625,6163.75,6077.0,6134.75,436037
2024-07-03,6166.56982421875,6192.7001953125,6217.75,6079.0498046875,6132.25,188203
2024-07-04,6198.78369140625,6225.0498046875,6244.0,6161.0,6200.9501953125,222050
2024-07-05,6301.84619140625,6328.5498046875,6342.85009765625,6159.0,6201.0,350300
2024-07-08,6290.79345703125,6317.4501953125,6387.9501953125,6292.7998046875,6380.0,317731
2024-07-09,6293.63134765625,6320.2998046875,6350.39990234375,6255.89990234375,6309.2998046875,176239
2024-07-10,6348.7978515625,6375.7001953125,6417.0,6301.14990234375,6320.2998046875,295890
2024-07-11,6362.0908203125,6389.0498046875,6411.64990234375,6340.0,6395.89990234375,354777
2024-07-12,6327.08935546875,6353.89990234375,6419.9501953125,6320.0,6385.2001953125,211028
2024-07-15,6410.08837890625,6437.25,6466.7001953125,6340.5,6340.5,359221
2024-07-16,6426.46875,6453.7001953125,6464.0,6403.0,6437.25,298376
2024-07-18,6493.3349609375,6520.85009765625,6539.7001953125,6430.0,6432.0,583444
2024-07-19,6355.021484375,6381.9501953125,6525.25,6365.0,6525.25,228785
2024-07-22,6375.1357421875,6402.14990234375,6434.0,6370.14990234375,6381.9501953125,222285
2024-07-23,6376.57958984375,6403.60009765625,6474.39990234375,6324.7998046875,6404.0,284679
2024-07-24,6395.5,6422.60009765625,6443.9501953125,6350.0498046875,6400.0,309594
2024-07-25,6358.85498046875,6385.7998046875,6434.14990234375,6372.0,6404.7998046875,412373
2024-07-26,6636.42822265625,6664.5498046875,6679.9501953125,6393.5498046875,6433.0,432671
2024-07-29,6653.45703125,6681.64990234375,6777.0,6616.39990234375,6777.0,367708
2024-07-30,6612.97802734375,6641.0,6713.14990234375,6584.10009765625,6681.64990234375,264929
2024-07-31,6587.38671875,6615.2998046875,6686.75,6584.14990234375,6664.25,352268
2024-08-01,6678.10205078125,6706.39990234375,6735.0,6606.60009765625,6615.2998046875,361725
2024-08-02,6681.8359375,6710.14990234375,6795.85009765625,6681.0,6706.39990234375,587569
2024-08-05,6659.3818359375,6687.60009765625,6756.5,6600.0498046875,6689.0,907845
2024-08-06,6629.60791015625,6657.7001953125,6735.0,6631.0498046875,6689.14990234375,334936
2024-08-07,6691.99365234375,6720.35009765625,6768.0,6662.0,6701.2001953125,358284
2024-08-08,6514.2958984375,6541.89990234375,6744.35009765625,6500.0,6740.0,509454
2024-08-09,6560.052734375,6587.85009765625,6598.0,6530.0,6582.25,115598
2024-08-12,6474.962890625,6502.39990234375,6591.89990234375,6420.9501953125,6550.0,230114
2024-08-13,6561.595703125,6589.39990234375,6642.0,6510.2998046875,6510.2998046875,400126
2024-08-14,6488.35595703125,6515.85009765625,6865.0,6460.25,6600.0,1723346
2024-08-16,6668.91943359375,6686.89990234375,6714.7998046875,6556.0,6556.2001953125,611092
2024-08-19,6706.8173828125,6724.89990234375,6756.89990234375,6565.0498046875,6750.0,398225
2024-08-20,6654.95703125,6672.89990234375,6788.60009765625,6650.0,6775.0,146064
2024-08-21,6734.29345703125,6752.4501953125,6788.5,6627.10009765625,6675.0,291296
2024-08-22,6812.18310546875,6830.5498046875,6858.0,6751.0,6760.5498046875,344641
2024-08-23,6842.25244140625,6860.7001953125,6927.39990234375,6830.7001953125,6864.0,468784
2024-08-26,6761.76904296875,6780.0,6878.0,6608.7998046875,6830.0,385016
2024-08-27,6763.21533203125,6781.4501953125,6850.75,6734.0,6780.0,297297
2024-08-28,6758.22900390625,6776.4501953125,6848.5,6746.5498046875,6785.89990234375,250361
2024-08-29,6838.76171875,6857.2001953125,6907.35009765625,6760.2998046875,6799.89990234375,659960
2024-08-30,6908.87255859375,6927.5,6990.0,6851.0,6865.0,499581
2024-09-02,6861.5498046875,6880.0498046875,6999.0,6865.0498046875,6989.0,248292
2024-09-03,6826.44482421875,6844.85009765625,6925.7998046875,6834.4501953125,6890.9501953125,361990
2024-09-04,6912.26318359375,6930.89990234375,6938.0,6790.0498046875,6838.0,389768
2024-09-05,6915.65380859375,6934.2998046875,7044.0,6900.2001953125,6930.89990234375,387284
2024-09-06,6888.22802734375,6906.7998046875,6962.4501953125,6857.89990234375,6934.2998046875,185503
2024-09-09,6842.25244140625,6860.7001953125,6928.0,6820.4501953125,6906.7998046875,304409
2024-09-10,6902.9384765625,6921.5498046875,6975.85009765625,6860.7001953125,6900.0,354522
2024-09-11,6881.6953125,6900.25,6953.9501953125,6873.4501953125,6900.0,223028
2024-09-12,7042.81103515625,7061.7998046875,7096.4501953125,6915.0,6943.0,831152
2024-09-13,7000.2763671875,7019.14990234375,7099.9501953125,7008.0498046875,7096.2001953125,238034
2024-09-16,7012.443359375,7031.35009765625,7062.9501953125,7010.5,7025.0,226343
2024-09-17,6989.2060546875,7008.0498046875,7152.4501953125,6999.89990234375,7031.39990234375,266003
2024-09-18,7016.98095703125,7035.89990234375,7068.0,6960.75,7029.89990234375,251334
2024-09-19,7011.34619140625,7030.25,7124.64990234375,7011.4501953125,7068.0,407897
2024-09-20,7063.60546875,7082.64990234375,7120.0,7017.89990234375,7039.89990234375,493357
2024-09-23,7133.56640625,7152.7998046875,7182.0,7090.39990234375,7090.39990234375,254282
2024-09-24,7102.849609375,7122.0,7200.0,7076.2001953125,7076.2001953125,333949
2024-09-25,7114.26904296875,7133.4501953125,7144.9501953125,7074.14990234375,7092.75,236185
2024-09-26,7148.576171875,7167.85009765625,7193.9501953125,7094.39990234375,7108.0,405696
2024-09-27,7214.54833984375,7234.0,7279.89990234375,7110.0,7159.2998046875,772592
2024-09-30,7179.7919921875,7199.14990234375,7316.9501953125,7160.5,7160.5,442794
2024-10-01,7134.115234375,7153.35009765625,7243.9501953125,7135.0,7201.5,310719
2024-10-03,6887.38037109375,6905.9501953125,7200.0,6855.9501953125,7093.35009765625,655420
2024-10-04,6755.38623046875,6773.60009765625,6958.2998046875,6727.35009765625,6902.10009765625,429272
2024-10-07,6754.9375,6773.14990234375,6857.5,6743.14990234375,6801.0,260810
2024-10-08,6905.6806640625,6924.2998046875,6940.0,6748.7001953125,6819.0,345891
2024-10-09,6990.05322265625,7008.89990234375,7070.0,6936.39990234375,6959.0,391824
2024-10-10,6936.34814453125,6955.0498046875,7055.0498046875,6884.0498046875,7054.9501953125,237853
2024-10-11,6964.6220703125,6983.39990234375,7018.9501953125,6930.10009765625,6982.0,75315
2024-10-14,7073.52880859375,7092.60009765625,7101.39990234375,6961.75,6976.85009765625,168515
2024-10-15,7120.95068359375,7140.14990234375,7150.35009765625,7040.0,7115.0,322659
2024-10-16,7052.28564453125,7071.2998046875,7135.2001953125,7056.0,7085.10009765625,223419
2024-10-17,6970.50634765625,6989.2998046875,7102.60009765625,6960.64990234375,7089.0,183572
2024-10-18,6964.123046875,6982.89990234375,7041.64990234375,6950.0,6983.2998046875,236651
2024-10-21,6967.61376953125,6986.39990234375,7032.0,6957.5,6972.25,222611
2024-10-22,6873.41796875,6891.9501953125,7037.25,6871.5498046875,7019.9501953125,112233
2024-10-23,6888.17822265625,6906.75,6958.9501953125,6854.75,6885.0,109466
2024-10-24,6935.45068359375,6954.14990234375,6978.0,6870.64990234375,6937.25,147408
2024-10-25,6926.17578125,6944.85009765625,6981.0,6876.0498046875,6954.14990234375,175261
2024-10-28,6907.67529296875,6926.2998046875,6970.0,6794.25,6923.0,238427
2024-10-29,6968.6611328125,6987.4501953125,6997.7001953125,6855.7998046875,6957.89990234375,196146
2024-10-30,6963.724609375,6982.5,7035.0,6939.7998046875,6980.60009765625,191699
2024-10-31,7003.81640625,7022.7001953125,7050.0,6956.0498046875,6999.89990234375,224153
2024-11-01,7013.0419921875,7031.9501953125,7046.0,7000.75,7022.7001953125,18769
2024-11-04,6939.68896484375,6958.39990234375,7090.0,6892.14990234375,7090.0,273442
2024-11-05,6947.56787109375,6966.2998046875,6986.5498046875,6814.25,6920.0,246059
2024-11-06,6949.36328125,6968.10009765625,7141.75,6891.0,7020.0,459745
2024-11-07,7404.88525390625,7424.85009765625,7483.89990234375,7200.2998046875,7316.5,2502817
2024-11-08,7401.4443359375,7421.39990234375,7545.0,7380.0,7390.0498046875,1032481
2024-11-11,7136.20947265625,7155.4501953125,7454.14990234375,6982.60009765625,7400.0,625620
2024-11-12,7000.67431640625,7019.5498046875,7232.85009765625,7001.0,7161.25,194183
2024-11-13,6840.4072265625,6858.85009765625,6998.2001953125,6830.4501953125,6970.0,299775
2024-11-14,6842.2021484375,6860.64990234375,6908.0,6827.0498046875,6860.0,192648
2024-11-18,6723.771484375,6741.89990234375,6874.4501953125,6694.5498046875,6874.4501953125,268706
2024-11-19,6668.91943359375,6686.89990234375,6796.89990234375,6661.2001953125,6750.0,290018
2024-11-21,6724.3701171875,6742.5,6761.9501953125,6594.14990234375,6623.5498046875,258574
2024-11-22,6916.4521484375,6935.10009765625,6950.2998046875,6751.60009765625,6751.60009765625,498633
2024-11-25,7055.97607421875,7075.0,7147.0,6930.89990234375,6980.0,639047
2024-11-26,7057.521484375,7076.5498046875,7112.0498046875,7042.5,7095.0,179222
2024-11-27,6963.92431640625,6982.7001953125,7115.39990234375,6970.0,7076.5498046875,227250
2024-11-28,6822.705078125,6841.10009765625,7030.0,6816.0,6982.7001953125,412343
2024-11-29,6810.53759765625,6828.89990234375,6892.4501953125,6812.0,6867.0498046875,410883
2024-12-02,7046.80078125,7065.7998046875,7080.0,6821.10009765625,6858.0,579743
2024-12-03,7107.38720703125,7126.5498046875,7135.39990234375,7076.5498046875,7104.39990234375,351470
2024-12-04,7212.90283203125,7232.35009765625,7269.10009765625,7125.0498046875,7216.64990234375,604278
2024-12-05,7255.1884765625,7274.75,7334.9501953125,7140.39990234375,7257.25,510951
2024-12-06,7213.85009765625,7233.2998046875,7310.0498046875,7207.75,7263.0,189048
2024-12-09,7174.50634765625,7193.85009765625,7227.9501953125,7162.75,7162.75,203674
2024-12-10,7238.78271484375,7258.2998046875,7308.4501953125,7215.2001953125,7228.7998046875,333300
2024-12-11,7321.06103515625,7340.7998046875,7364.0,7216.0498046875,7255.7001953125,391192
2024-12-12,7207.6669921875,7227.10009765625,7318.64990234375,7189.5,7300.0,396742
2024-12-13,7239.9296875,7259.4501953125,7277.35009765625,7204.2001953125,7221.0,314999
2024-12-16,7239.6806640625,7259.2001953125,7270.10009765625,7166.0498046875,7251.64990234375,219812
2024-12-17,7199.33935546875,7218.75,7307.0,7201.0,7227.0,237831
2024-12-18,7217.93896484375,7237.39990234375,7267.5,7177.64990234375,7233.25,253532
2024-12-19,7277.92724609375,7297.5498046875,7313.25,7137.39990234375,7148.0,292899
2024-12-20,7232.201171875,7251.7001953125,7389.89990234375,7210.0498046875,7324.7998046875,349055
2024-12-23,7245.56494140625,7265.10009765625,7329.89990234375,7185.0,7251.10009765625,179062
2024-12-24,7220.5322265625,7240.0,7279.75,7210.39990234375,7260.0,146814
2024-12-26,7241.62548828125,7261.14990234375,7298.0498046875,7224.75,7272.2001953125,116439
2024-12-27,7226.8154296875,7246.2998046875,7295.0,7155.0,7261.14990234375,189089
2024-12-30,7294.58251953125,7314.25,7378.39990234375,7220.0498046875,7240.0,428884
2024-12-31,7276.73095703125,7296.35009765625,7365.9501953125,7252.7998046875,7305.60009765625,212227
2025-01-01,7349.83349609375,7369.64990234375,7445.0,7300.39990234375,7320.0,341399
2025-01-02,7401.693359375,7421.64990234375,7444.9501953125,7333.0498046875,7405.0,265991
2025-01-03,7278.7255859375,7298.35009765625,7437.5498046875,7280.0,7427.9501953125,180636
2025-01-06,7409.173828125,7429.14990234375,7473.0,7290.75,7298.35009765625,527272
2025-01-07,7416.75341796875,7436.75,7545.35009765625,7345.2001953125,7466.25,398234
2025-01-08,7123.44384765625,7142.64990234375,7460.0,7131.0,7448.75,450295
2025-01-09,7072.48095703125,7091.5498046875,7163.7001953125,6991.10009765625,7140.0,305521
2025-01-10,7017.8291015625,7036.75,7139.0,7016.85009765625,7090.0,185381
2025-01-13,6821.208984375,6839.60009765625,7000.0,6756.0498046875,7000.0,431086
2025-01-14,6688.81591796875,6706.85009765625,6899.0,6683.10009765625,6854.60009765625,362659
2025-01-15,6673.85595703125,6691.85009765625,6759.9501953125,6608.0,6749.60009765625,547360
2025-01-16,6771.39306640625,6789.64990234375,6807.7998046875,6700.0498046875,6760.0,579821
2025-01-17,6809.73974609375,6828.10009765625,6845.0,6762.2998046875,6819.9501953125,166710
2025-01-20,6762.6171875,6780.85009765625,6910.0,6740.0,6901.0,120356
2025-01-21,6900.544921875,6919.14990234375,7014.9501953125,6838.0,6838.0,799900
2025-01-22,6874.36572265625,6892.89990234375,6941.9501953125,6829.89990234375,6908.0,247081
2025-01-23,6902.24072265625,6920.85009765625,6963.10009765625,6823.2001953125,6892.25,271085
2025-01-24,6726.91259765625,6745.0498046875,6915.25,6728.4501953125,6915.25,317194
2025-01-27,6677.44677734375,6695.4501953125,6729.7998046875,6674.35009765625,6700.0,191705
2025-01-28,6690.91015625,6708.9501953125,6747.5,6635.0498046875,6699.0,202194
2025-01-29,6766.0576171875,6784.2998046875,6798.75,6697.25,6741.0,146288
2025-01-30,6806.298828125,6824.64990234375,6895.0,6770.35009765625,6786.25,204648
2025-01-31,6792.18701171875,6810.5,6880.0,6789.14990234375,6822.25,187712
2025-02-01,6822.705078125,6841.10009765625,6940.0,6810.25,6810.2998046875,117096
2025-02-03,6780.36865234375,6798.64990234375,6886.75,6724.9501953125,6781.60009765625,250589
2025-02-04,6773.9365234375,6792.2001953125,6816.60009765625,6706.2998046875,6785.0,223642
2025-02-05,6925.97607421875,6944.64990234375,7008.0,6796.4501953125,6826.14990234375,389639
2025-02-06,6855.765625,6874.25,6925.0,6785.5498046875,6837.39990234375,334197
2025-02-07,6772.29052734375,6790.5498046875,6929.85009765625,6750.0,6921.4501953125,259335
2025-02-10,6743.06982421875,6761.25,6834.35009765625,6686.0,6817.2001953125,213808
2025-02-11,6300.36328125,6317.35009765625,6815.0,6282.5,6799.89990234375,1728723
2025-02-12,6357.4091796875,6374.5498046875,6494.0498046875,6215.0,6349.60009765625,1133586
2025-02-13,6355.06591796875,6372.2001953125,6425.0,6344.4501953125,6372.25,636246
2025-02-14,6262.484375,6270.5,6379.89990234375,6230.60009765625,6377.25,320088
2025-02-17,6292.146484375,6300.2001953125,6317.0,6150.0,6150.0,482329
2025-02-18,6368.6982421875,6376.85009765625,6390.0,6320.0,6320.0,220118
2025-02-19,6414.439453125,6422.64990234375,6435.0,6284.25,6348.25,195067
2025-02-20,6382.7802734375,6390.9501953125,6469.4501953125,6377.89990234375,6384.25,165304
2025-02-21,6309.4736328125,6317.5498046875,6395.60009765625,6292.9501953125,6362.2998046875,220428
2025-02-24,6243.40869140625,6251.39990234375,6275.0,6236.0,6275.0,458224
2025-02-25,6243.35888671875,6251.35009765625,6279.9501953125,6213.0498046875,6251.0,421160
2025-02-27,6177.29345703125,6185.2001953125,6282.25,6145.4501953125,6261.0,397857
2025-02-28,6044.86279296875,6052.60009765625,6145.0498046875,6001.35009765625,6145.0498046875,845516
2025-03-03,6162.7119140625,6170.60009765625,6195.0,6001.0,6025.60009765625,373515
2025-03-04,6180.2392578125,6188.14990234375,6220.5,6112.2998046875,6133.0,445246
2025-03-05,6206.45556640625,6214.39990234375,6235.0498046875,6130.64990234375,6200.0,345922
2025-03-06,6266.07958984375,6274.10009765625,6292.0,6217.0498046875,6255.0,284475
2025-03-07,6208.15380859375,6216.10009765625,6314.75,6197.2998046875,6292.25,299433
2025-03-10,6141.73876953125,6149.60009765625,6212.0,6133.89990234375,6206.39990234375,266043
2025-03-11,6126.95751953125,6134.7998046875,6155.7001953125,6040.0,6130.0,526709
2025-03-12,6135.89599609375,6143.75,6157.9501953125,6063.75,6134.10009765625,250139
2025-03-13,6097.8447265625,6105.64990234375,6200.0,6082.10009765625,6155.10009765625,247628
2025-03-17,6148.77978515625,6156.64990234375,6204.2001953125,6002.0,6002.0,287639
2025-03-18,6148.77978515625,6156.64990234375,6156.64990234375,6156.64990234375,6156.64990234375,0
2025-03-19,6419.3330078125,6427.5498046875,6434.89990234375,6227.10009765625,6275.25,579880
2025-03-20,6466.07373046875,6474.35009765625,6484.64990234375,6363.75,6465.0,457285
2025-03-21,6603.09814453125,6611.5498046875,6634.10009765625,6470.0498046875,6494.0,496635
2025-03-24,6607.3427734375,6615.7998046875,6699.9501953125,6600.4501953125,6649.39990234375,389998
2025-03-25,6636.2060546875,6644.7001953125,6667.14990234375,6562.0498046875,6596.5,223668
2025-03-26,6511.46533203125,6519.7998046875,6680.0,6491.0498046875,6653.7998046875,281646
2025-03-27,6483.7509765625,6492.0498046875,6559.9501953125,6430.25,6500.0498046875,728926
2025-03-28,6607.74267578125,6616.2001953125,6649.75,6432.9501953125,6492.0498046875,413873
2025-04-01,6623.8212890625,6632.2998046875,6661.89990234375,6545.64990234375,6599.0,319668
2025-04-02,6723.5439453125,6732.14990234375,6746.39990234375,6632.2998046875,6632.2998046875,292940
2025-04-03,6662.82177734375,6671.35009765625,6774.9501953125,6660.0498046875,6675.0498046875,312519
2025-04-04,6705.96630859375,6714.5498046875,6735.0,6582.0,6672.0,279891
2025-04-07,6674.75634765625,6683.2998046875,6725.7001953125,6490.85009765625,6565.0,744140
2025-04-08,6746.96435546875,6755.60009765625,6790.0,6716.25,6725.0,578124
2025-04-09,6825.36376953125,6834.10009765625,6851.4501953125,6665.0,6665.0,680834
2025-04-11,6772.28173828125,6780.9501953125,6870.9501953125,6765.5,6822.7001953125,651996
2025-04-15,6896.1728515625,6905.0,6965.0,6835.0,6965.0,778401
2025-04-16,6996.54443359375,7005.5,7034.5,6865.0,6870.0,621996
2025-04-17,7064.45751953125,7073.5,7092.0,7000.0,7038.0,533349
2025-04-21,7133.36962890625,7142.5,7189.0,7058.0,7150.0,244570
2025-04-22,7079.4384765625,7088.5,7172.5,7070.0,7141.5,305540
2025-04-23,7132.8701171875,7142.0,7169.0,7071.5,7088.5,287593
2025-04-24,7150.34765625,7159.5,7184.5,7093.5,7141.5,277769
2025-04-25,6944.11181640625,6953.0,7243.0,6898.0,7169.5,550158
2025-04-28,7035.994140625,7045.0,7056.0,6954.5,6954.5,379519
2025-04-29,6983.56103515625,6992.5,7090.0,6976.0,7049.0,174253
2025-04-30,6968.0810546875,6977.0,7035.5,6920.0,6992.0,499567
2025-05-02,6919.1435546875,6928.0,7098.0,6918.0,6922.0,207912
2025-05-05,6965.0849609375,6974.0,7031.0,6950.0,6960.0,259097
2025-05-06,7000.0400390625,7009.0,7074.0,6950.0,6999.5,292595
2025-05-07,6974.0732421875,6983.0,7056.0,6950.0,6970.0,338311
2025-05-08,6842.7412109375,6851.5,6979.0,6806.0,6950.0,383274
2025-05-09,6713.4072265625,6722.0,6844.0,6677.5,6735.5,428193
2025-05-12,6917.14599609375,6926.0,6940.5,6758.5,6800.0,237009
2025-05-13,6908.6572265625,6917.5,7013.0,6900.0,6908.0,323598
2025-05-14,6907.658203125,6916.5,6993.0,6862.5,6930.0,324593
2025-05-15,7063.458984375,7072.5,7096.5,6870.0,6942.0,656146
2025-05-16,7006.0322265625,7015.0,7105.0,6993.0,7080.0,270772
2025-05-19,6965.583984375,6974.5,7061.0,6965.5,6985.0,307173
2025-05-20,6903.1640625,6912.0,7007.0,6891.0,6985.5,365507
2025-05-21,6975.072265625,6984.0,7043.0,6928.5,6928.5,449740
2025-05-22,6945.60986328125,6954.5,7001.0,6915.0,6984.0,229993
2025-05-23,7055.46923828125,7064.5,7088.0,6930.0,6987.5,321466
2025-05-26,7087.42822265625,7096.5,7120.0,7080.0,7095.0,228090
2025-05-27,7064.45751953125,7073.5,7124.5,7029.5,7118.5,218088
2025-05-28,6947.607421875,6956.5,7101.0,6932.5,7100.0,278102
2025-05-29,6914.14990234375,6923.0,6981.0,6886.5,6965.5,308885
2025-05-30,6871.70458984375,6880.5,6993.0,6853.5,6950.0,911209
2025-06-02,6906.65966796875,6915.5,7090.0,6883.5,6944.0,1217905
2025-06-03,6803.79150390625,6812.5,6950.5,6799.5,6950.0,489548
2025-06-04,6846.23681640625,6855.0,6868.0,6772.0,6812.5,629518
2025-06-05,6867.2099609375,6876.0,6919.5,6842.0,6868.5,488647
2025-06-06,6933.625,6942.5,6955.0,6808.0,6867.0,269399
2025-06-09,6923.138671875,6932.0,6976.5,6886.0,6976.5,239444
2025-06-10,6909.65576171875,6918.5,6992.5,6911.0,6951.5,559472
2025-06-11,6918.64453125,6927.5,6947.0,6863.0,6918.0,526939
2025-06-12,6987.55615234375,6996.5,7055.0,6930.0,6932.0,552007
2025-06-13,6985.55859375,6994.5,7037.5,6923.0,6979.0,367775
2025-06-16,7104.90576171875,7114.0,7138.0,6982.0,7010.5,589027
2025-06-17,6997.54345703125,7006.5,7134.5,6999.5,7120.0,264117
2025-06-18,6924.63671875,6933.5,7030.0,6917.0,7006.5,394355
2025-06-19,7000.53955078125,7009.5,7035.0,6912.0,6937.0,462080
2025-06-20,7054.47021484375,7063.5,7077.0,6974.5,7005.0,378436
2025-06-23,6998.5419921875,7007.5,7049.5,6995.5,7000.0,137379
2025-06-24,6997.0439453125,7006.0,7076.0,6993.5,7034.5,238243
2025-06-25,7032.998046875,7042.0,7061.0,6995.0,6995.0,378904
2025-06-26,7092.421875,7101.5,7122.5,7020.5,7054.5,426516
2025-06-27,7299.1572265625,7308.5,7324.0,7117.5,7130.0,523582
2025-06-30,7232.7421875,7242.0,7336.5,7203.5,7336.5,353888
2025-07-01,7486.41748046875,7496.0,7584.5,7404.5,7475.0,1872535
2025-07-02,7431.48779296875,7441.0,7532.0,7416.5,7470.0,910865
2025-07-03,7555.32958984375,7565.0,7600.5,7440.0,7474.0,894597
2025-07-04,7543.84423828125,7553.5,7593.0,7525.0,7593.0,349076
2025-07-07,7606.26416015625,7616.0,7625.5,7535.5,7562.5,449086
2025-07-08,7555.32958984375,7565.0,7635.0,7554.0,7605.0,481581
2025-07-09,7459.4521484375,7469.0,7568.5,7448.5,7545.0,266815
2025-07-10,7349.5927734375,7359.0,7455.0,7348.0,7455.0,384661
2025-07-11,7180.3095703125,7189.5,7384.0,7159.0,7355.0,578061
2025-07-14,7210.7705078125,7220.0,7256.5,7173.0,7200.0,670246
2025-07-15,7351.0908203125,7360.5,7374.0,7227.5,7260.5,517978
2025-07-16,7343.10107421875,7352.5,7410.0,7310.0,7374.5,527782
2025-07-17,7341.103515625,7350.5,7408.5,7331.5,7361.0,378666
2025-07-18,7294.16357421875,7303.5,7384.5,7255.0,7384.5,192649
2025-07-21,7245.22607421875,7254.5,7322.5,7246.0,7303.5,217270
2025-07-22,7237.236328125,7246.5,7291.5,7216.5,7270.0,300768
2025-07-23,7364.07421875,7373.5,7390.0,7244.0,7251.0,508883
2025-07-24,7354.0869140625,7363.5,7485.5,7349.5,7373.0,454916
2025-07-25,7458.95263671875,7468.5,7483.5,7343.5,7365.0,434232
2025-07-28,7347.095703125,7356.5,7502.0,7323.0,7480.0,240740
2025-07-29,7446.46875,7456.0,7469.0,7310.5,7356.5,336770
2025-07-30,7440.4765625,7450.0,7474.5,7400.0,7460.0,266922
2025-07-31,7488.4150390625,7498.0,7525.0,7355.0,7378.0,342605
2025-08-01,7342.10205078125,7351.5,7538.0,7331.5,7538.0,215243
2025-08-04,7298.65771484375,7308.0,7388.0,7295.0,7387.0,260996
2025-08-05,7264.701171875,7274.0,7342.0,7235.5,7312.0,282791
2025-08-06,7180.3095703125,7189.5,7279.0,7164.5,7270.0,296623
2025-08-07,7160.83447265625,7170.0,7197.5,7053.5,7164.0,407857
2025-08-08,7075.443359375,7084.5,7198.5,7066.0,7170.0,327102
2025-08-11,7249.720703125,7259.0,7320.0,7020.5,7101.0,498598
2025-08-12,7227.24951171875,7236.5,7285.0,7205.0,7259.0,342006
2025-08-13,7798.51806640625,7808.5,7840.0,7389.0,7403.0,2291645
2025-08-14,7811.50146484375,7821.5,7859.5,7749.0,7830.0,673142
2025-08-18,7812.5,7822.5,7917.5,7806.0,7850.0,633876
2025-08-19,7823.5,7823.5,7864.5,7800.0,7830.5,384598
2025-08-20,7883.0,7883.0,7918.0,7812.5,7830.0,452843
2025-08-21,7926.5,7926.5,7947.0,7853.0,7893.0,482016
2025-08-22,7922.5,7922.5,7980.0,7852.0,7895.0,843648
2025-08-25,7851.0,7851.0,7950.0,7838.5,7926.0,402979
2025-08-26,7793.5,7793.5,7834.0,7720.5,7827.5,671659
2025-08-28,7728.0,7728.0,7828.0,7714.5,7755.0,418353
2025-08-29,7610.0,7610.0,7744.0,7586.0,7670.0,481590
2025-09-01,7671.5,7671.5,7684.5,7595.5,7595.5,255894
2025-09-02,7682.0,7682.0,7699.0,7631.5,7631.5,195907
2025-09-03,7736.0,7736.0,7775.5,7656.0,7685.0,321268
2025-09-04,7900.0,7900.0,7918.5,7751.0,7790.0,386286
2025-09-05,7804.5,7804.5,7915.0,7795.5,7900.0,228324
2025-09-08,7786.5,7786.5,7849.5,7740.5,7834.5,314960
2025-09-09,7825.5,7825.5,7848.0,7755.0,7755.0,303494
2025-09-10,7929.0,7929.0,7939.0,7805.0,7805.0,337313
2025-09-11,7879.5,7879.5,7941.5,7860.0,7875.5,161041
2025-09-12,7874.5,7874.5,7915.0,7841.5,7875.0,117761
2025-09-15,7816.5,7816.5,7956.0,7796.0,7900.0,214626
2025-09-16,7852.5,7852.5,7862.0,7805.5,7805.5,194911
2025-09-17,7888.0,7888.0,7911.0,7860.0,7869.0,249447
2025-09-18,7850.5,7850.5,7886.0,7821.0,7875.0,264065
2025-09-19,7806.5,7806.5,7876.5,7798.5,7850.5,207129
2025-09-22,7739.0,7739.0,7796.5,7611.5,7611.5,302818
2025-09-23,7684.0,7684.0,7749.0,7664.5,7725.0,443181
2025-09-24,7643.5,7643.5,7730.0,7634.5,7698.0,201984
2025-09-25,7624.0,7624.0,7704.0,7615.0,7649.0,374239
2025-09-26,7510.0,7510.0,7630.5,7491.0,7550.0,207170
2025-09-29,7444.0,7444.0,7595.0,7426.0,7550.0,388214
2025-09-30,7409.0,7409.0,7478.0,7400.0,7444.0,369272
2025-10-01,7441.0,7441.0,7482.0,7359.0,7409.5,220764
2025-10-03,7449.5,7449.5,7484.0,7404.0,7441.0,478143
2025-10-06,7662.0,7662.0,7730.0,7550.0,7550.0,423558
2025-10-07,7700.0,7700.0,7706.5,7633.5,7674.5,210121
2025-10-08,7662.0,7662.0,7762.0,7643.5,7697.5,188810
2025-10-09,7695.0,7695.0,7750.0,7620.0,7690.0,295802
2025-10-10,7681.0,7681.0,7739.0,7660.0,7694.5,273853
2025-10-13,7671.0,7671.0,7744.0,7643.0,7709.0,191488
2025-10-14,7759.0,7759.0,7848.5,7675.0,7848.5,413862
2025-10-15,7826.0,7826.0,7850.0,7740.5,7800.0,212807
2025-10-16,7833.5,7833.5,7870.0,7807.5,7814.0,178563
2025-10-17,7901.5,7901.5,8030.0,7840.5,7850.0,610960
2025-10-20,8010.0,8010.0,8065.0,7921.5,7950.0,498555
2025-10-21,8012.0,8012.0,8058.5,7992.5,8038.0,31082
2025-10-23,7968.5,7968.5,8099.5,7920.0,7950.0,456860
2025-10-24,7837.5,7837.5,7982.0,7824.5,7975.0,287555
2025-10-27,7845.5,7845.5,7903.0,7834.0,7837.5,266541
2025-10-28,7880.5,7880.5,7901.0,7828.5,7864.0,348079
2025-10-29,7858.5,7858.5,7905.0,7846.0,7890.5,199897
2025-10-30,7790.0,7790.0,7837.5,7765.0,7767.0,209452
2025-10-31,7681.0,7681.0,7833.0,7651.0,7833.0,347031
2025-11-03,7824.5,7824.5,7845.0,7661.5,7675.0,332284
2025-11-04,7810.5,7810.5,7883.5,7780.5,7824.5,384562
2025-11-05,7810.5,7810.5,7810.5,7810.5,7810.5,0
2025-11-06,7782.0,7782.0,7850.5,7700.0,7732.5,425649
2025-11-07,7642.0,7642.0,7891.0,7625.5,7789.0,486385
2025-11-10,7529.5,7529.5,7652.5,7515.0,7631.5,377719
2025-11-11,7501.0,7501.0,7569.0,7441.0,7501.5,306736
2025-11-12,7498.0,7498.0,7539.0,7458.0,7520.0,420561
2025-11-13,7440.5,7440.5,7509.0,7425.0,7480.0,448567
2025-11-14,7420.5,7420.5,7467.0,7375.0,7440.0,218565
2025-11-17,7487.5,7487.5,7504.5,7425.0,7475.0,248470
2025-11-18,7385.5,7385.5,7474.0,7373.0,7450.0,285148
2025-11-19,7459.0,7459.0,7482.0,7332.0,7419.0,454714
2025-11-20,7423.0,7423.0,7491.0,7415.0,7481.0,228411
2025-11-21,7391.0,7391.0,7435.0,7381.5,7425.5,138622
2025-11-24,7354.5,7354.5,7421.0,7332.0,7399.0,751685
2025-11-25,7330.5,7330.5,7409.5,7314.5,7409.0,237415
2025-11-26,7393.0,7393.0,7402.0,7308.5,7341.5,272489
2025-11-27,7322.5,7322.5,7396.0,7310.0,7390.0,243681
2025-11-28,7335.5,7335.5,7359.0,7300.0,7330.0,299937
2025-12-01,7287.5,7287.5,7381.5,7282.0,7375.0,227568
2025-12-02,7242.0,7242.0,7299.0,7230.0,7287.5,329723
2025-12-03,7184.0,7184.0,7257.0,7150.5,7200.0,329160
2025-12-04,7201.0,7201.0,7227.5,7158.0,7184.0,306183
2025-12-05,7189.5,7189.5,7219.5,7147.0,7201.0,260117
2025-12-08,7096.0,7096.0,7219.0,7082.0,7157.0,287363
2025-12-09,7091.0,7091.0,7181.5,7059.0,7100.0,560843
2025-12-10,7018.5,7018.5,7116.0,7005.5,7101.0,266098
2025-12-11,7009.5,7009.5,7065.5,6973.0,7028.0,350620
2025-12-12,7101.0,7101.0,7130.0,6996.0,7015.0,306662
2025-12-15,7086.5,7086.5,7098.0,7015.5,7075.0,205982
2025-12-16,7051.5,7051.5,7148.0,7025.0,7110.0,385236
2025-12-17,6921.5,6921.5,7109.0,6911.5,7109.0,358023
2025-12-18,6918.5,6918.5,6949.5,6881.0,6921.5,384579
2025-12-19,7012.5,7012.5,7024.0,6902.0,6919.0,235742
2025-12-22,7054.0,7054.0,7104.0,7013.0,7014.0,358776
2025-12-23,7073.5,7073.5,7098.0,7016.0,7069.5,286197
2025-12-24,7172.0,7172.0,7209.5,7044.5,7070.0,351381
2025-12-25,7172.0,7172.0,7172.0,7172.0,7172.0,0
2025-12-26,7156.0,7156.0,7202.0,7131.5,7182.0,228172
2025-12-29,7084.5,7084.5,7180.0,7070.0,7168.0,234376
2025-12-30,6990.0,6990.0,7065.0,6937.0,7055.0,433130
2025-12-31,7042.5,7042.5,7053.5,6955.0,6990.0,226286
2026-01-01,7111.5,7111.5,7125.0,7023.5,7063.0,81987
2026-01-02,7129.5,7129.5,7151.0,7075.5,7130.0,353245
2026-01-05,7083.0,7083.0,7134.5,7063.5,7129.5,349588
2026-01-06,7348.0,7348.0,7360.0,7040.0,7040.0,581189
2026-01-07,7447.5,7447.5,7488.0,7315.0,7349.0,567878
2026-01-08,7364.5,7364.5,7443.0,7325.0,7425.0,778407
2026-01-09,7256.5,7256.5,7360.5,7225.0,7348.0,312461
2026-01-12,7268.5,7268.5,7289.5,7111.0,7203.0,333583
2026-01-13,7311.5,7311.5,7321.5,7240.0,7299.0,275363
2026-01-14,7272.5,7272.5,7325.5,7242.5,7258.0,383251
2026-01-15,7272.5,7272.5,7272.5,7272.5,7272.5,0
2026-01-16,7235.5,7235.5,7299.0,6950.0,6950.0,501597
