date_,adj close_craftsman.ns,close_craftsman.ns,high_craftsman.ns,low_craftsman.ns,open_craftsman.ns,volume_craftsman.ns
2024-01-16,4999.37255859375,5016.39990234375,5100.0,4962.25,5000.2998046875,23847
2024-01-17,4806.330078125,4822.7001953125,5029.7998046875,4790.0,4970.0498046875,39544
2024-01-18,4682.6015625,4698.5498046875,4886.0,4655.0498046875,4846.75,47651
2024-01-19,4650.7099609375,4666.5498046875,4794.0,4648.5,4738.60009765625,35910
2024-01-23,4668.8486328125,4684.75,4836.0,4652.25,4813.4501953125,38419
2024-01-24,4762.1806640625,4778.39990234375,4800.5,4674.5498046875,4799.7998046875,24881
2024-01-25,4732.88037109375,4749.0,4800.0,4663.25,4800.0,29326
2024-01-29,4657.63671875,4673.5,4870.0,4640.0,4749.0,133615
2024-01-30,4499.724609375,4515.0498046875,4731.0,4500.0,4697.0,98465
2024-01-31,4361.4453125,4376.2998046875,4548.0,4341.0498046875,4548.0,180506
2024-02-01,4310.0703125,4324.75,4581.0,4292.2001953125,4377.0,120972
2024-02-02,4238.66357421875,4253.10009765625,4390.7998046875,4235.0,4359.9501953125,83177
2024-02-05,4160.92822265625,4175.10009765625,4314.75,4103.5,4254.0,51763
2024-02-06,4116.72900390625,4130.75,4238.25,4111.0,4188.64990234375,64172
2024-02-07,4168.55224609375,4182.75,4296.64990234375,4141.0498046875,4189.89990234375,65576
2024-02-08,4052.896484375,4066.699951171875,4199.14990234375,4042.0,4185.4501953125,78725
2024-02-09,4142.93994140625,4157.0498046875,4189.7001953125,4028.050048828125,4067.0,26710
2024-02-12,4107.01220703125,4121.0,4250.64990234375,4102.7001953125,4180.0,45539
2024-02-13,4176.625,4190.85009765625,4223.39990234375,4068.0,4141.60009765625,46227
2024-02-14,4219.77783203125,4234.14990234375,4245.0,4105.39990234375,4190.85009765625,21389
2024-02-15,4255.60595703125,4270.10009765625,4311.9501953125,4235.0,4254.0,23965
2024-02-16,4299.05810546875,4313.7001953125,4388.7998046875,4242.5498046875,4270.0,91594
2024-02-19,4317.146484375,4331.85009765625,4377.0,4308.0,4349.89990234375,19509
2024-02-20,4438.13427734375,4453.25,4493.89990234375,4326.25,4344.89990234375,65268
2024-02-21,4392.93798828125,4407.89990234375,4525.0,4390.0,4525.0,24298
2024-02-22,4335.48388671875,4350.25,4450.85009765625,4340.0,4447.89990234375,16944
2024-02-23,4333.19189453125,4347.9501953125,4367.4501953125,4300.25,4340.0,13906
2024-02-26,4318.791015625,4333.5,4398.0,4294.0,4331.0,16525
2024-02-27,4249.52685546875,4264.0,4385.0,4252.0,4350.0,44229
2024-02-28,4239.0625,4253.5,4324.9501953125,4225.0498046875,4257.0,17313
2024-02-29,4174.6318359375,4188.85009765625,4275.0,4160.0,4260.0,25274
2024-03-01,4275.48828125,4290.0498046875,4324.0,4230.10009765625,4274.9501953125,25481
2024-03-04,4224.86083984375,4239.25,4319.9501953125,4204.0,4305.2998046875,17140
2024-03-05,4114.53662109375,4128.5498046875,4239.7998046875,4090.050048828125,4199.2001953125,57340
2024-03-06,4151.8095703125,4165.9501953125,4200.0,4056.10009765625,4151.0,44331
2024-03-07,4117.02783203125,4131.0498046875,4150.9501953125,4085.0,4110.0,30808
2024-03-11,4015.772705078125,4029.449951171875,4168.39990234375,4020.0,4131.10009765625,32207
2024-03-12,3989.013916015625,4002.60009765625,4115.9501953125,3986.0,4065.050048828125,31161
2024-03-13,3838.3271484375,3851.39990234375,4030.449951171875,3793.64990234375,4029.949951171875,96254
2024-03-14,3911.22900390625,3924.550048828125,3980.0,3801.0,3825.0,46578
2024-03-15,4019.41064453125,4033.10009765625,4050.0,3897.14990234375,3954.0,30039
2024-03-18,3899.0205078125,3912.300048828125,4033.89990234375,3875.0,4033.10009765625,33359
2024-03-19,3824.075927734375,3837.10009765625,3949.0,3813.25,3944.0,28229
2024-03-20,3831.201416015625,3844.25,3865.300048828125,3782.050048828125,3830.0,73471
2024-03-21,3958.866943359375,3972.35009765625,4034.050048828125,3850.0,3863.449951171875,79963
2024-03-22,4135.46484375,4149.5498046875,4160.0,3964.800048828125,3988.949951171875,64305
2024-03-26,4157.888671875,4172.0498046875,4212.9501953125,4088.0,4199.9501953125,44943
2024-03-27,4317.79443359375,4332.5,4370.0,4141.0,4176.5498046875,52734
2024-03-28,4300.25390625,4314.89990234375,4447.0,4283.0,4381.0,41032
2024-04-01,4349.78515625,4364.60009765625,4425.0,4319.0,4379.5498046875,18335
2024-04-02,4335.8330078125,4350.60009765625,4397.75,4307.5498046875,4373.75,38858
2024-04-03,4399.06689453125,4414.0498046875,4474.7001953125,4337.25,4350.60009765625,24619
2024-04-04,4470.2744140625,4485.5,4565.0,4450.0,4488.0,35677
2024-04-05,4363.58837890625,4378.4501953125,4533.14990234375,4355.0,4479.0,39898
2024-04-08,4455.37548828125,4470.5498046875,4524.0,4390.0498046875,4390.0498046875,22431
2024-04-09,4354.12060546875,4368.9501953125,4498.0,4343.75,4485.0,51179
2024-04-10,4400.41259765625,4415.39990234375,4467.89990234375,4372.5498046875,4380.0,27201
2024-04-12,4446.00732421875,4461.14990234375,4540.0,4444.14990234375,4444.14990234375,36882
2024-04-15,4308.77490234375,4323.4501953125,4534.60009765625,4294.0498046875,4383.25,55529
2024-04-16,4264.97412109375,4279.5,4404.9501953125,4267.0,4374.7998046875,25467
2024-04-18,4332.54345703125,4347.2998046875,4397.9501953125,4279.5,4350.0,18612
2024-04-19,4300.00439453125,4314.64990234375,4349.0,4260.0,4315.9501953125,21647
2024-04-22,4248.52978515625,4263.0,4375.0,4250.0,4375.0,28359
2024-04-23,4288.294921875,4302.89990234375,4383.9501953125,4272.7998046875,4305.60009765625,22355
2024-04-24,4589.2197265625,4604.85009765625,4648.9501953125,4328.0,4350.0,138438
2024-04-25,4576.16455078125,4591.75,4754.7001953125,4570.0,4660.2998046875,103322
2024-04-26,4668.69921875,4684.60009765625,4720.25,4621.75,4678.7001953125,47775
2024-04-29,4408.4853515625,4423.5,4505.0,4368.10009765625,4484.60009765625,157942
2024-04-30,4411.37548828125,4426.39990234375,4465.39990234375,4360.10009765625,4418.25,47056
2024-05-02,4420.494140625,4435.5498046875,4475.0,4401.0498046875,4460.0,21629
2024-05-03,4374.3515625,4389.25,4470.0,4334.7998046875,4470.0,43645
2024-05-06,4314.55517578125,4329.25,4430.0,4300.0,4425.0,47657
2024-05-07,4289.24169921875,4303.85009765625,4391.9501953125,4290.0,4334.9501953125,33082
2024-05-08,4292.87939453125,4307.5,4380.0,4261.39990234375,4300.0,20151
2024-05-09,4287.54736328125,4302.14990234375,4379.75,4290.0,4325.0,16877
2024-05-10,4286.25146484375,4300.85009765625,4340.0,4281.2001953125,4320.0,29079
2024-05-13,4310.71826171875,4325.39990234375,4365.0,4272.10009765625,4300.9501953125,16905
2024-05-14,4329.005859375,4343.75,4430.7001953125,4317.0,4370.0,21713
2024-05-15,4357.359375,4372.2001953125,4473.0,4339.5,4350.4501953125,27113
2024-05-16,4389.400390625,4404.35009765625,4430.0,4346.0,4399.0,15905
2024-05-17,4433.46337890625,4437.2001953125,4451.0,4378.0,4410.0,23135
2024-05-21,4380.5576171875,4384.25,4487.39990234375,4370.0,4447.0,31234
2024-05-22,4301.57470703125,4305.2001953125,4432.0498046875,4294.0498046875,4384.25,111365
2024-05-23,4292.681640625,4296.2998046875,4354.9501953125,4289.0,4330.0,79521
2024-05-24,4425.419921875,4429.14990234375,4464.0,4285.0,4297.0,59355
2024-05-27,4361.77392578125,4365.4501953125,4454.9501953125,4330.0,4450.0,28600
2024-05-28,4252.765625,4256.35009765625,4400.0,4223.9501953125,4342.0,48239
2024-05-29,4186.8212890625,4190.35009765625,4256.35009765625,4165.0,4256.35009765625,49365
2024-05-30,4193.11572265625,4196.64990234375,4240.10009765625,4111.0,4220.0,24074
2024-05-31,4227.53662109375,4231.10009765625,4259.0,4127.0,4212.0,27892
2024-06-03,4277.8447265625,4281.4501953125,4320.0,4202.0498046875,4284.9501953125,34207
2024-06-04,4154.64794921875,4158.14990234375,4300.0,4100.0,4300.0,125334
2024-06-05,4186.021484375,4189.5498046875,4233.39990234375,4080.199951171875,4158.14990234375,123823
2024-06-06,4295.57958984375,4299.2001953125,4328.0,4192.0,4192.0,52353
2024-06-07,4367.7685546875,4371.4501953125,4390.0,4282.0,4330.2001953125,29727
2024-06-10,4435.6611328125,4439.39990234375,4460.0,4370.0498046875,4410.0,30237
2024-06-11,4414.279296875,4418.0,4476.2998046875,4382.0,4453.2001953125,33152
2024-06-12,4390.099609375,4393.7998046875,4440.0,4342.10009765625,4415.0,35596
2024-06-13,4413.8798828125,4417.60009765625,4450.0,4400.0,4400.0,22261
2024-06-14,4709.130859375,4713.10009765625,4755.39990234375,4399.0,4399.0,384889
2024-06-18,4764.2841796875,4768.2998046875,4812.2001953125,4659.60009765625,4800.0,116996
2024-06-19,4886.38134765625,4890.5,4984.0,4770.75,4840.0,218616
2024-06-20,4841.46923828125,4845.5498046875,4950.0,4800.0,4939.9501953125,98578
2024-06-21,4840.52001953125,4844.60009765625,5004.0,4825.5498046875,4850.10009765625,96663
2024-06-24,4826.681640625,4830.75,4950.0,4804.39990234375,4841.60009765625,45731
2024-06-25,5459.1982421875,5463.7998046875,5690.0,4859.0,4949.0,1803473
2024-06-26,5481.1796875,5485.7998046875,5607.39990234375,5181.64990234375,5344.89990234375,450904
2024-06-27,5453.95263671875,5458.5498046875,5485.0,5386.5498046875,5484.2001953125,268559
2024-06-28,5536.8828125,5541.5498046875,5667.75,5358.9501953125,5358.9501953125,190965
2024-07-01,5571.30419921875,5576.0,5627.9501953125,5500.0,5604.9501953125,71915
2024-07-02,5690.50341796875,5695.2998046875,5791.2001953125,5515.0,5576.0,178597
2024-07-03,5759.595703125,5764.4501953125,5840.0,5685.0,5767.7001953125,100401
2024-07-04,5696.04931640625,5700.85009765625,5799.0,5634.89990234375,5799.0,60543
2024-07-05,5676.8154296875,5681.60009765625,5765.7001953125,5635.0,5690.0,31373
2024-07-08,5524.09375,5528.75,5730.89990234375,5501.75,5681.60009765625,35879
2024-07-09,5423.52880859375,5428.10009765625,5534.89990234375,5350.0,5526.0,52409
2024-07-10,5290.14111328125,5294.60009765625,5428.10009765625,5202.0,5428.0,41381
2024-07-11,5363.92919921875,5368.4501953125,5487.4501953125,5250.7001953125,5294.60009765625,78004
2024-07-12,5246.9775390625,5251.39990234375,5379.35009765625,5200.0,5350.0,39210
2024-07-15,5251.1240234375,5255.5498046875,5323.9501953125,5150.0,5275.9501953125,50102
2024-07-16,5336.30224609375,5340.7998046875,5372.5498046875,5242.35009765625,5289.0,35145
2024-07-18,5197.06982421875,5201.4501953125,5372.0,5178.75,5370.0,28048
2024-07-19,5098.45263671875,5102.75,5249.0,5070.35009765625,5230.0,25957
2024-07-22,5269.908203125,5274.35009765625,5324.0,5010.0,5010.0,34301
2024-07-23,5234.23828125,5238.64990234375,5317.9501953125,5006.5,5275.0,33037
2024-07-24,5308.775390625,5313.25,5355.0,5210.0,5284.0,29510
2024-07-25,5203.1640625,5207.5498046875,5250.4501953125,4997.9501953125,5100.0,100853
2024-07-26,5319.36669921875,5323.85009765625,5340.0,5170.0,5190.0,55794
2024-07-29,5347.74267578125,5352.25,5410.0,5292.10009765625,5325.0,19850
2024-07-30,5495.0185546875,5499.64990234375,5530.5,5326.10009765625,5399.0,36178
2024-07-31,5584.79296875,5589.5,5686.0,5460.0,5500.0,87367
2024-08-01,5539.630859375,5544.2998046875,5637.89990234375,5469.35009765625,5594.9501953125,36143
2024-08-02,5344.095703125,5348.60009765625,5487.9501953125,5321.2998046875,5480.0,49440
2024-08-05,5178.63525390625,5183.0,5299.0,5091.0498046875,5286.0,35398
2024-08-06,5173.7392578125,5178.10009765625,5346.85009765625,5126.60009765625,5200.0,80590
2024-08-07,5195.4208984375,5199.7998046875,5289.85009765625,5180.0,5267.0498046875,19860
2024-08-08,5269.55859375,5274.0,5335.0,5199.7998046875,5251.60009765625,49446
2024-08-09,5265.8115234375,5270.25,5366.39990234375,5240.0,5275.0,27837
2024-08-12,5364.5283203125,5369.0498046875,5445.0,5200.0,5240.0,102577
2024-08-13,5361.08154296875,5365.60009765625,5519.9501953125,5333.5,5440.0,22921
2024-08-14,5347.642578125,5352.14990234375,5417.9501953125,5256.10009765625,5372.5498046875,20423
2024-08-16,5426.07666015625,5430.64990234375,5524.39990234375,5291.4501953125,5395.0,75395
2024-08-19,5420.5810546875,5425.14990234375,5488.60009765625,5400.0,5470.0,9698
2024-08-20,5559.2646484375,5563.9501953125,5614.5,5360.0,5479.9501953125,50126
2024-08-21,5571.95361328125,5576.64990234375,5699.89990234375,5520.35009765625,5604.0498046875,38361
2024-08-22,5572.203125,5576.89990234375,5679.7001953125,5507.14990234375,5577.0,24767
2024-08-23,5886.58837890625,5891.5498046875,6030.0,5568.64990234375,5585.0,110433
2024-08-26,6258.47509765625,6263.75,6679.64990234375,6015.0,6109.9501953125,770596
2024-08-27,6236.3935546875,6241.64990234375,6356.4501953125,6175.0,6245.0498046875,68734
2024-08-28,6150.76611328125,6155.9501953125,6291.7001953125,6044.5,6148.0498046875,68246
2024-08-29,6037.31103515625,6042.39990234375,6150.14990234375,5958.60009765625,6065.0498046875,41955
2024-08-30,6033.814453125,6038.89990234375,6161.60009765625,5972.9501953125,6045.0,55646
2024-09-02,5870.40234375,5875.35009765625,6152.89990234375,5833.0,6124.35009765625,39500
2024-09-03,5829.88623046875,5834.7998046875,5937.7998046875,5802.5,5850.0,29679
2024-09-04,6014.48046875,6019.5498046875,6095.2998046875,5785.0,5840.0,78194
2024-09-05,6357.091796875,6362.4501953125,6442.0,6083.75,6083.7998046875,297838
2024-09-06,6245.73583984375,6251.0,6567.5498046875,6211.60009765625,6354.7001953125,138924
2024-09-09,6029.56787109375,6034.64990234375,6299.7001953125,5981.39990234375,6299.7001953125,42814
2024-09-10,5927.50390625,5932.5,6153.5,5901.5,6051.89990234375,52599
2024-09-11,5949.38525390625,5954.39990234375,6031.9501953125,5924.0498046875,5971.9501953125,89182
2024-09-12,6107.302734375,6112.4501953125,6149.9501953125,5980.0,6043.7001953125,40221
2024-09-13,6326.66748046875,6332.0,6423.89990234375,6090.0,6178.2998046875,50149
2024-09-16,6404.501953125,6409.89990234375,6450.0,6235.0,6345.0,38723
2024-09-17,6397.5078125,6402.89990234375,6677.85009765625,6229.0498046875,6441.4501953125,78080
2024-09-18,6394.11083984375,6399.5,6500.0,6280.7998046875,6486.35009765625,30076
2024-09-19,6132.8310546875,6138.0,6445.0,6103.0,6407.39990234375,42474
2024-09-20,6372.5791015625,6377.9501953125,6515.0,6145.0,6149.9501953125,119012
2024-09-23,6475.1923828125,6480.64990234375,6515.0,6282.25,6400.0,37525
2024-09-24,6497.8232421875,6503.2998046875,6627.10009765625,6415.60009765625,6480.64990234375,45093
2024-09-25,6598.98779296875,6604.5498046875,7121.25,6312.25,6544.2998046875,705129
2024-09-26,6582.35205078125,6587.89990234375,6830.4501953125,6550.0,6600.10009765625,123920
2024-09-27,6391.11328125,6396.5,6678.5498046875,6352.7998046875,6551.14990234375,43624
2024-09-30,6469.1474609375,6474.60009765625,6529.0,6313.0,6396.5,46919
2024-10-01,6508.46435546875,6513.9501953125,6618.9501953125,6403.5,6473.25,39436
2024-10-03,6322.52099609375,6327.85009765625,6610.0,6255.0498046875,6400.0,43617
2024-10-04,6411.69580078125,6417.10009765625,6510.0,6132.2001953125,6310.0,43606
2024-10-07,6055.59619140625,6060.7001953125,6435.0498046875,6012.9501953125,6390.0,41949
2024-10-08,6194.4287109375,6199.64990234375,6260.89990234375,5932.2001953125,6045.0,28512
2024-10-09,6211.01513671875,6216.25,6374.25,6170.0498046875,6275.0,26852
2024-10-10,6216.46044921875,6221.7001953125,6329.0,6176.10009765625,6309.0,18326
2024-10-11,6222.85498046875,6228.10009765625,6265.0,6167.0,6220.0,14940
2024-10-14,6277.0595703125,6282.35009765625,6355.0,6200.0,6221.5,11290
2024-10-15,6167.80126953125,6173.0,6318.89990234375,6161.0,6282.35009765625,29221
2024-10-16,6128.03515625,6133.2001953125,6257.2998046875,6070.85009765625,6161.0,20405
2024-10-17,6099.55908203125,6104.7001953125,6191.4501953125,6025.14990234375,6133.2001953125,14328
2024-10-18,5990.0009765625,5995.0498046875,6124.89990234375,5976.2001953125,6090.75,36512
2024-10-21,5895.78076171875,5900.75,6055.0,5863.0,6038.25,60495
2024-10-22,5489.72314453125,5494.35009765625,5939.0,5451.5,5900.0,46571
2024-10-23,5591.08740234375,5595.7998046875,5675.2001953125,5293.35009765625,5571.7001953125,127784
2024-10-24,5300.33251953125,5304.7998046875,5569.9501953125,5260.14990234375,5534.0,79971
2024-10-25,5226.5947265625,5231.0,5365.64990234375,5150.10009765625,5319.4501953125,46989
2024-10-28,4955.22314453125,4959.39990234375,5176.9501953125,4940.5,5060.0498046875,55330
2024-10-29,4945.1318359375,4949.2998046875,5005.5,4833.0,4959.39990234375,44632
2024-10-30,5037.9541015625,5042.2001953125,5141.89990234375,4944.0,4949.89990234375,52298
2024-10-31,5094.85546875,5099.14990234375,5117.4501953125,5005.2001953125,5077.35009765625,31908
2024-11-01,5198.6181640625,5203.0,5225.35009765625,5100.0,5164.0498046875,4699
2024-11-04,4993.39111328125,4997.60009765625,5279.0,4935.0498046875,5223.0,47611
2024-11-05,5001.583984375,5005.7998046875,5048.0,4930.25,5000.0498046875,17638
2024-11-06,5027.8623046875,5032.10009765625,5119.0,5008.0,5008.0,20009
2024-11-07,5014.07373046875,5018.2998046875,5230.0,5001.0,5081.35009765625,37913
2024-11-08,4993.24169921875,4997.4501953125,5057.85009765625,4945.0498046875,5019.0,48828
2024-11-11,4964.166015625,4968.35009765625,5006.7998046875,4910.0,4997.4501953125,19718
2024-11-12,4983.94921875,4988.14990234375,5064.0,4965.0,5006.85009765625,9468
2024-11-13,4666.56689453125,4670.5,4975.0498046875,4654.0,4960.0,42940
2024-11-14,4686.69970703125,4690.64990234375,4820.10009765625,4651.5,4750.0,28030
2024-11-18,4655.92578125,4659.85009765625,4780.0,4602.39990234375,4751.14990234375,21339
2024-11-19,5005.03125,5009.25,5072.4501953125,4620.0,4620.0,131886
2024-11-21,4958.021484375,4962.2001953125,5004.0,4789.60009765625,4934.10009765625,78137
2024-11-22,5206.2119140625,5210.60009765625,5239.9501953125,4894.35009765625,4958.39990234375,45422
2024-11-25,5211.357421875,5215.75,5398.2001953125,5140.0,5290.0,56328
2024-11-26,5090.609375,5094.89990234375,5230.0,5055.2998046875,5206.35009765625,63482
2024-11-27,4986.3974609375,4990.60009765625,5092.0,4961.5,5073.5,19472
2024-11-28,4995.189453125,4999.39990234375,5084.7001953125,4952.60009765625,5005.25,21126
2024-11-29,5095.00537109375,5099.2998046875,5125.5,4955.14990234375,5069.0,35203
2024-12-02,5019.81884765625,5024.0498046875,5125.25,4981.5,5107.75,11189
2024-12-03,4942.93408203125,4947.10009765625,5046.7001953125,4876.0,5024.89990234375,47597
2024-12-04,4965.56494140625,4969.75,5043.89990234375,4920.0,4951.0,29252
2024-12-05,4935.68994140625,4939.85009765625,4998.85009765625,4920.7001953125,4973.0,21576
2024-12-06,4937.4384765625,4941.60009765625,4987.5,4935.0,4972.60009765625,15086
2024-12-09,4895.173828125,4899.2998046875,4978.5,4842.0,4951.25,40845
2024-12-10,5083.71533203125,5088.0,5112.64990234375,4910.25,4924.4501953125,105154
2024-12-11,4984.2490234375,4988.4501953125,5100.0,4956.39990234375,5100.0,36435
2024-12-12,4998.38720703125,5002.60009765625,5063.0,4869.39990234375,5009.0498046875,65429
2024-12-13,5091.0087890625,5095.2998046875,5155.10009765625,4970.0,4976.89990234375,104231
2024-12-16,5026.56298828125,5030.7998046875,5141.14990234375,5005.64990234375,5099.89990234375,13610
2024-12-17,5093.55712890625,5097.85009765625,5390.0,4996.0,5060.0,241446
2024-12-18,5658.9306640625,5663.7001953125,5894.7001953125,5064.5498046875,5084.0498046875,365039
2024-12-19,5360.83154296875,5365.35009765625,5662.0,5313.14990234375,5662.0,234611
2024-12-20,5188.87646484375,5193.25,5401.0498046875,5113.35009765625,5387.5498046875,91716
2024-12-23,5209.0595703125,5213.4501953125,5273.9501953125,5200.0,5250.0498046875,33464
2024-12-24,5203.81396484375,5208.2001953125,5257.64990234375,5160.0,5234.85009765625,16984
2024-12-26,5361.380859375,5365.89990234375,5389.25,5192.5,5210.0,50649
2024-12-27,5411.38916015625,5415.9501953125,5473.14990234375,5350.0,5400.0,47179
2024-12-30,5352.73828125,5357.25,5540.2001953125,5262.0,5409.89990234375,67743
2024-12-31,5380.56494140625,5385.10009765625,5418.89990234375,5243.0,5303.7001953125,23429
2025-01-01,5319.71630859375,5324.2001953125,5429.0,5301.5,5429.0,11261
2025-01-02,5332.35546875,5336.85009765625,5375.0,5282.0498046875,5324.2001953125,16370
2025-01-03,5323.11328125,5327.60009765625,5400.0,5301.9501953125,5348.5,10410
2025-01-06,5223.4970703125,5227.89990234375,5417.9501953125,5200.0,5250.0,38628
2025-01-07,5249.72509765625,5254.14990234375,5325.2001953125,5220.0,5220.0,12549
2025-01-08,5198.46826171875,5202.85009765625,5378.0,5200.0,5270.0,64904
2025-01-09,5192.873046875,5197.25,5272.4501953125,5157.0,5254.89990234375,13492
2025-01-10,5195.7705078125,5200.14990234375,5247.7001953125,5155.39990234375,5197.25,62113
2025-01-13,4970.560546875,4974.75,5165.89990234375,4944.0,5121.89990234375,42756
2025-01-14,4970.9599609375,4975.14990234375,5072.7001953125,4926.64990234375,4989.0,25714
2025-01-15,4813.39306640625,4817.4501953125,4989.7001953125,4782.10009765625,4975.14990234375,45145
2025-01-16,4846.86474609375,4850.9501953125,4951.14990234375,4824.0,4852.0,41852
2025-01-17,4729.263671875,4733.25,4880.0,4715.0,4857.0,17063
2025-01-20,4692.39501953125,4696.35009765625,4798.0,4635.0,4790.0,32051
2025-01-21,4628.6484375,4632.5498046875,4779.5,4589.9501953125,4709.7998046875,14519
2025-01-22,4561.85498046875,4565.7001953125,4632.0,4492.85009765625,4611.0,22081
2025-01-23,4616.80908203125,4620.7001953125,4689.7001953125,4502.0,4566.39990234375,19707
2025-01-24,4592.029296875,4595.89990234375,4649.0,4516.64990234375,4646.0,32203
2025-01-27,4574.89404296875,4578.75,4590.0,4500.0,4580.0,23648
2025-01-28,4407.53515625,4411.25,4576.0,4385.5498046875,4565.0498046875,51932
2025-01-29,4301.17431640625,4304.7998046875,4465.10009765625,4151.10009765625,4429.5,102279
2025-01-30,4058.429443359375,4061.85009765625,4274.9501953125,4035.949951171875,4250.0,290414
2025-01-31,4173.68212890625,4177.2001953125,4227.9501953125,4088.75,4088.75,418448
2025-02-01,4303.0732421875,4306.7001953125,4369.9501953125,4184.0498046875,4184.0498046875,34545
2025-02-03,4229.28515625,4232.85009765625,4282.0,4165.14990234375,4275.0,76336
2025-02-04,4382.85546875,4386.5498046875,4457.0498046875,4234.0,4234.0,73035
2025-02-05,4327.70263671875,4331.35009765625,4472.2001953125,4310.0,4451.0,40274
2025-02-06,4142.408203125,4145.89990234375,4356.0498046875,4108.10009765625,4338.2998046875,79236
2025-02-07,4086.605712890625,4090.050048828125,4148.75,4050.0,4144.0498046875,54344
2025-02-10,4074.8154296875,4078.25,4136.0,4024.5,4088.10009765625,155149
2025-02-11,4008.171630859375,4011.550048828125,4118.0498046875,3992.050048828125,4099.9501953125,23150
2025-02-12,4002.776123046875,4006.14990234375,4037.25,3901.0,4000.0,26776
2025-02-13,4009.720458984375,4013.10009765625,4050.199951171875,3972.25,4005.0,19380
2025-02-14,3929.73779296875,3933.050048828125,4024.550048828125,3864.0,4015.14990234375,24433
2025-02-17,4017.413818359375,4020.800048828125,4060.0,3891.39990234375,3933.050048828125,23325
2025-02-18,3974.899658203125,3978.25,4040.75,3884.14990234375,4025.0,18924
2025-02-19,4093.699462890625,4097.14990234375,4120.9501953125,3918.60009765625,3918.60009765625,36019
2025-02-20,4023.05908203125,4026.449951171875,4134.89990234375,4005.0,4095.050048828125,21197
2025-02-21,4058.129638671875,4061.550048828125,4141.39990234375,3999.949951171875,4026.449951171875,62010
2025-02-24,4045.290283203125,4048.699951171875,4090.0,3950.199951171875,3998.0,32867
2025-02-25,4075.364990234375,4078.800048828125,4098.10009765625,4005.699951171875,4005.699951171875,19040
2025-02-27,4177.52880859375,4181.0498046875,4228.89990234375,4078.0,4078.0,137295
2025-02-28,4498.05908203125,4501.85009765625,4710.0,4127.5498046875,4181.0,350279
2025-03-03,4483.0712890625,4486.85009765625,4589.0,4273.5498046875,4381.2001953125,108786
2025-03-04,4527.2841796875,4531.10009765625,4598.85009765625,4424.35009765625,4449.35009765625,76679
2025-03-05,5099.15234375,5103.4501953125,5247.9501953125,4415.25,4549.85009765625,277929
2025-03-06,4950.02783203125,4954.2001953125,5199.0,4822.7998046875,4990.0,245819
2025-03-07,4996.4384765625,5000.64990234375,5049.89990234375,4900.0,4900.0,44454
2025-03-10,4995.33935546875,4999.5498046875,5197.0,4958.75,4999.14990234375,34138
2025-03-11,4896.72265625,4900.85009765625,5040.0,4750.0,4960.0,25543
2025-03-12,4880.93603515625,4885.0498046875,4949.60009765625,4826.0,4919.0,13453
2025-03-13,4731.06201171875,4735.0498046875,4924.0,4701.25,4924.0,11264
2025-03-17,4781.17041015625,4785.2001953125,4828.0,4602.25,4681.0,31322
2025-03-18,4781.17041015625,4785.2001953125,4785.2001953125,4785.2001953125,4785.2001953125,0
2025-03-19,4729.4638671875,4733.4501953125,4949.9501953125,4712.14990234375,4949.9501953125,34182
2025-03-20,4725.71728515625,4729.7001953125,4806.5498046875,4683.0,4735.89990234375,18832
2025-03-21,4810.3955078125,4814.4501953125,4852.4501953125,4701.0498046875,4747.5498046875,44086
2025-03-24,4791.51123046875,4795.5498046875,4861.5498046875,4750.85009765625,4821.5498046875,63615
2025-03-25,4878.8876953125,4883.0,4893.2998046875,4754.0498046875,4850.0,31207
2025-03-26,4883.78369140625,4887.89990234375,4964.0,4832.5,4883.0,48852
2025-03-27,4790.5625,4794.60009765625,4851.5,4735.5498046875,4850.0,31122
2025-03-28,4873.1923828125,4877.2998046875,4929.89990234375,4752.10009765625,4800.0,40521
2025-04-01,4751.64501953125,4755.64990234375,4904.9501953125,4678.5,4904.9501953125,21322
2025-04-02,4792.06103515625,4796.10009765625,4810.0,4669.89990234375,4760.25,21538
2025-04-03,4680.1552734375,4684.10009765625,4790.0,4662.10009765625,4780.0,11641
2025-04-04,4585.884765625,4589.75,4747.4501953125,4522.75,4684.10009765625,15340
2025-04-07,4445.103515625,4448.85009765625,4487.14990234375,3700.0,3700.0,37582
2025-04-08,4394.7958984375,4398.5,4574.9501953125,4366.5,4487.0,74146
2025-04-09,4286.88671875,4290.5,4444.7998046875,4217.5498046875,4399.0,19157
2025-04-11,4360.474609375,4364.14990234375,4408.5,4292.0,4350.0,15350
2025-04-15,4605.21875,4609.10009765625,4680.10009765625,4377.0,4400.0,33179
2025-04-16,4584.8359375,4588.7001953125,4669.0,4571.0,4669.0,10318
2025-04-17,4755.89111328125,4759.89990234375,4810.0,4556.2001953125,4664.0,28219
2025-04-21,4768.48095703125,4772.5,4827.39990234375,4716.0,4800.0,25465
2025-04-22,4773.57666015625,4777.60009765625,4803.7001953125,4730.0,4772.5,10386
2025-04-23,4842.21826171875,4846.2998046875,4890.0,4773.0,4773.0,13451
2025-04-24,4875.390625,4879.5,4950.60009765625,4791.5,4849.89990234375,12832
2025-04-25,4775.57470703125,4779.60009765625,4913.89990234375,4668.2998046875,4899.7998046875,17255
2025-04-28,4744.1015625,4748.10009765625,4820.0,4663.2998046875,4707.89990234375,13678
2025-04-29,4876.9892578125,4881.10009765625,4955.0,4762.89990234375,4800.0,44294
2025-04-30,4601.42138671875,4605.2998046875,4861.0,4590.2001953125,4861.0,30167
2025-05-02,4628.8984375,4632.7998046875,4688.0,4550.10009765625,4550.10009765625,14596
2025-05-05,4804.9501953125,4809.0,4833.2998046875,4586.0,4614.0,13758
2025-05-06,4760.087890625,4764.10009765625,4823.5,4693.39990234375,4821.0,13112
2025-05-07,4640.18896484375,4644.10009765625,4799.5,4605.0,4650.0,119490
2025-05-08,4573.24560546875,4577.10009765625,4690.0,4520.0,4681.2998046875,19734
2025-05-09,4863.40087890625,4867.5,4949.0,4419.89990234375,4420.0,281307
2025-05-12,5027.16259765625,5031.39990234375,5279.5,4910.0,4920.0,141381
2025-05-13,5151.85791015625,5156.2001953125,5238.0,5013.10009765625,5080.0,75392
2025-05-14,5331.20654296875,5335.7001953125,5490.0,5157.0,5157.0,150035
2025-05-15,5337.60107421875,5342.10009765625,5480.0,5300.0,5356.60009765625,98832
2025-05-16,5245.17919921875,5249.60009765625,5410.0,5230.10009765625,5300.0,31927
2025-05-19,5307.5263671875,5312.0,5438.2001953125,5249.60009765625,5249.60009765625,32798
2025-05-20,5246.47802734375,5250.89990234375,5429.2001953125,5228.10009765625,5313.0,38441
2025-05-21,5294.23779296875,5298.7001953125,5439.0,5242.10009765625,5296.60009765625,51479
2025-05-22,5535.833984375,5540.5,5666.0,5299.2001953125,5350.0,210743
2025-05-23,5493.0703125,5497.7001953125,5690.2001953125,5455.60009765625,5550.0,88055
2025-05-26,5467.9912109375,5472.60009765625,5563.0,5407.60009765625,5561.0,25537
2025-05-27,5707.3896484375,5712.2001953125,5738.0,5464.60009765625,5495.0,94989
2025-05-28,5684.6083984375,5689.39990234375,5842.2998046875,5670.0,5675.0,95301
2025-05-29,5596.38330078125,5601.10009765625,5787.5,5582.89990234375,5749.89990234375,43811
2025-05-30,5599.68017578125,5604.39990234375,5680.0,5570.10009765625,5645.89990234375,20421
2025-06-02,5582.79443359375,5587.5,5670.0,5565.5,5632.0,27113
2025-06-03,5509.3564453125,5514.0,5608.0,5427.5,5569.0,77191
2025-06-04,5517.84912109375,5522.5,5583.0,5493.0,5520.0,47287
2025-06-05,5501.86279296875,5506.5,5698.0,5477.5,5571.5,98868
2025-06-06,5599.7802734375,5604.5,5695.5,5501.5,5533.0,67420
2025-06-09,5547.82373046875,5552.5,5749.5,5530.5,5629.5,27702
2025-06-10,5467.89111328125,5472.5,5614.5,5460.0,5580.0,22046
2025-06-11,5389.45751953125,5394.0,5519.0,5363.0,5510.0,24576
2025-06-12,5254.5712890625,5259.0,5429.5,5238.0,5398.0,23063
2025-06-13,5297.03515625,5301.5,5319.5,5190.0,5259.0,15290
2025-06-16,5256.06982421875,5260.5,5299.0,5152.5,5299.0,72912
2025-06-17,5285.04541015625,5289.5,5425.0,5254.0,5269.5,50090
2025-06-18,5241.08251953125,5245.5,5350.0,5225.5,5350.0,27063
2025-06-19,5186.62841796875,5191.0,5287.5,5176.0,5279.0,19023
2025-06-20,5155.654296875,5160.0,5249.0,5110.0,5230.0,52916
2025-06-23,5266.56103515625,5271.0,5295.0,5100.0,5100.0,59961
2025-06-24,5242.5810546875,5247.0,5319.0,5194.0,5300.0,27579
2025-06-25,5460.89697265625,5465.5,5494.5,5216.5,5247.0,230437
2025-06-26,5467.3916015625,5472.0,5580.0,5425.0,5468.5,50772
2025-06-27,5489.87255859375,5494.5,5520.0,5382.5,5498.5,27099
2025-06-30,5565.80859375,5570.5,5595.5,5477.0,5538.5,94452
2025-07-01,5696.19873046875,5701.0,5820.0,5523.0,5597.0,94421
2025-07-02,5742.65966796875,5747.5,5779.5,5660.5,5706.5,35323
2025-07-03,5748.1552734375,5753.0,5798.0,5729.5,5765.0,12958
2025-07-04,5898.02880859375,5903.0,6368.5,5730.0,5730.0,342426
2025-07-07,5871.05126953125,5876.0,5928.0,5855.5,5906.5,42576
2025-07-08,5838.5791015625,5843.5,5922.5,5785.0,5893.0,95542
2025-07-09,5984.4560546875,5989.5,6025.5,5831.5,5835.0,66838
2025-07-10,5947.4873046875,5952.5,6067.5,5914.0,5980.0,17887
2025-07-11,5932.0,5937.0,6021.5,5894.0,5940.0,10768
2025-07-14,5955.0,5955.0,5973.0,5900.0,5948.0,7330
2025-07-15,6129.0,6129.0,6174.0,5963.0,5970.0,46875
2025-07-16,6201.0,6201.0,6230.0,6100.0,6100.0,33371
2025-07-17,6490.5,6490.5,6533.5,6201.5,6250.0,195827
2025-07-18,6402.5,6402.5,6510.5,6345.5,6500.0,64594
2025-07-21,6532.0,6532.0,6554.0,6414.0,6435.0,77096
2025-07-22,6555.5,6555.5,6688.0,6520.5,6585.0,87516
2025-07-23,6405.5,6405.5,6619.5,6370.0,6575.0,32889
2025-07-24,6336.0,6336.0,6456.5,6283.5,6406.5,21793
2025-07-25,6276.5,6276.5,6379.0,6190.0,6371.5,23018
2025-07-28,6236.0,6236.0,6380.0,6210.5,6276.5,17540
2025-07-29,6448.0,6448.0,6500.0,5954.0,6200.5,118747
2025-07-30,6863.5,6863.5,7067.0,6466.0,6494.0,509760
2025-07-31,6752.0,6752.0,6881.0,6606.5,6825.0,54212
2025-08-01,6465.0,6465.0,6675.0,6417.0,6674.0,55890
2025-08-04,6628.0,6628.0,6650.0,6405.5,6433.0,38577
2025-08-05,6457.5,6457.5,6687.0,6401.0,6649.0,36047
2025-08-06,6347.5,6347.5,6506.5,6255.0,6471.0,36006
2025-08-07,6399.0,6399.0,6440.0,6277.5,6300.0,24727
2025-08-08,6520.0,6520.0,6598.0,6380.5,6460.5,22558
2025-08-11,6859.0,6859.0,7020.0,6505.0,6611.0,95962
2025-08-12,6881.0,6881.0,6950.0,6750.5,6910.0,60841
2025-08-13,7013.5,7013.5,7066.0,6881.0,6912.0,32866
2025-08-14,7093.0,7093.0,7248.5,6890.0,6995.5,45640
2025-08-18,6882.5,6882.5,7123.0,6710.5,7123.0,54888
2025-08-19,6876.0,6876.0,6971.5,6793.5,6917.0,86965
2025-08-20,6892.0,6892.0,6944.5,6780.5,6857.0,19561
2025-08-21,6898.5,6898.5,6905.0,6784.0,6892.0,18209
2025-08-22,6823.0,6823.0,6938.0,6800.0,6938.0,11136
2025-08-25,6839.0,6839.0,6900.0,6803.5,6825.0,10168
2025-08-26,7158.0,7158.0,7254.5,6755.0,6839.0,193047
2025-08-28,6966.5,6966.5,7106.0,6890.5,7100.0,45338
2025-08-29,6912.5,6912.5,6956.0,6860.0,6942.5,30750
2025-09-01,7159.5,7159.5,7200.0,6852.5,6955.0,25319
2025-09-02,6967.0,6967.0,7195.5,6915.0,7195.5,39185
2025-09-03,6897.5,6897.5,6960.0,6850.0,6960.0,21594
2025-09-04,6835.5,6835.5,7090.0,6790.0,7090.0,18622
2025-09-05,6894.0,6894.0,6934.0,6766.5,6847.0,17983
2025-09-08,6837.0,6837.0,6930.0,6810.5,6892.0,15166
2025-09-09,6773.5,6773.5,6880.0,6750.0,6859.5,7024
2025-09-10,6657.5,6657.5,6866.0,6556.0,6800.5,24790
2025-09-11,6777.5,6777.5,6865.0,6657.5,6657.5,19456
2025-09-12,6693.5,6693.5,6825.0,6675.5,6825.0,9297
2025-09-15,6590.0,6590.0,6688.0,6525.5,6688.0,53848
2025-09-16,6748.5,6748.5,6765.0,6590.0,6590.0,17260
2025-09-17,6801.5,6801.5,6900.0,6752.0,6769.5,26672
2025-09-18,6772.5,6772.5,6825.0,6751.5,6825.0,6215
2025-09-19,6777.0,6777.0,6850.0,6705.0,6775.0,25568
2025-09-22,6776.5,6776.5,6817.5,6733.0,6779.5,8949
2025-09-23,6804.5,6804.5,6880.0,6779.0,6800.0,18221
2025-09-24,6826.0,6826.0,6845.0,6660.0,6825.0,14930
2025-09-25,6762.0,6762.0,6839.0,6704.0,6839.0,8285
2025-09-26,6779.5,6779.5,6824.5,6555.0,6755.0,17972
2025-09-29,6719.0,6719.0,6825.0,6662.0,6779.0,21982
2025-09-30,6793.5,6793.5,6800.0,6598.0,6701.0,17510
2025-10-01,6716.5,6716.5,6800.0,6662.0,6795.0,10964
2025-10-03,6773.5,6773.5,6800.0,6669.5,6747.0,7130
2025-10-06,6788.5,6788.5,6875.5,6750.0,6750.0,11941
2025-10-07,6686.5,6686.5,6807.5,6662.5,6783.0,8881
2025-10-08,6634.0,6634.0,6735.0,6597.5,6675.0,8252
2025-10-09,6589.5,6589.5,6642.0,6565.0,6634.0,23099
2025-10-10,6548.0,6548.0,6672.5,6480.0,6602.0,26064
2025-10-13,6484.0,6484.0,6548.0,6431.0,6470.0,22085
2025-10-14,6476.0,6476.0,6597.0,6433.0,6542.0,25667
2025-10-15,6424.0,6424.0,6509.0,6401.5,6476.5,55260
2025-10-16,6800.5,6800.5,6875.0,6423.0,6480.0,299643
2025-10-17,6739.5,6739.5,6775.0,6645.5,6750.5,29402
2025-10-20,6693.5,6693.5,6753.5,6651.0,6730.0,12914
2025-10-21,6726.0,6726.0,6800.0,6640.5,6800.0,1799
2025-10-23,6668.5,6668.5,6750.0,6600.5,6750.0,9917
2025-10-24,6519.0,6519.0,6689.5,6499.5,6630.0,13227
2025-10-27,6480.5,6480.5,6565.5,6455.0,6524.0,9295
2025-10-28,6447.0,6447.0,6563.0,6425.0,6466.0,10741
2025-10-29,6471.5,6471.5,6526.0,6324.0,6453.0,24381
2025-10-30,6654.0,6654.0,6709.0,6402.0,6499.0,31451
2025-10-31,6680.0,6680.0,6800.0,6620.0,6654.0,31673
2025-11-03,6793.5,6793.5,6890.0,6729.0,6780.0,82286
2025-11-04,6827.5,6827.5,6960.0,6778.5,6800.0,75136
2025-11-05,6827.5,6827.5,6827.5,6827.5,6827.5,0
2025-11-06,6772.5,6772.5,6850.0,6724.0,6850.0,26840
2025-11-07,6770.5,6770.5,6800.0,6610.5,6772.5,28375
2025-11-10,6789.5,6789.5,7019.5,6610.0,7019.5,104344
2025-11-11,7175.5,7175.5,7378.5,6785.0,6785.0,450473
2025-11-12,7072.0,7072.0,7175.5,6978.0,7175.5,63020
2025-11-13,6830.5,6830.5,7090.5,6790.0,7090.0,75163
2025-11-14,6746.0,6746.0,6840.0,6688.5,6825.5,26197
2025-11-17,6784.0,6784.0,6820.0,6750.0,6760.0,20613
2025-11-18,6707.0,6707.0,6834.0,6660.0,6834.0,13994
2025-11-19,6776.5,6776.5,6805.0,6704.0,6747.5,16599
2025-11-20,6770.0,6770.0,6805.0,6700.0,6776.5,11914
2025-11-21,6744.0,6744.0,6790.5,6632.0,6737.5,25265
2025-11-24,6660.0,6660.0,6759.0,6530.0,6744.0,44563
2025-11-25,7021.0,7021.0,7179.5,6630.0,6630.0,440301
2025-11-26,7101.0,7101.0,7135.0,6945.5,7000.0,90347
2025-11-27,7050.0,7050.0,7105.0,6962.0,7101.0,19658
2025-11-28,7024.5,7024.5,7125.0,6937.5,7085.0,49323
2025-12-01,7044.0,7044.0,7100.0,6966.5,7053.0,21648
2025-12-02,6955.0,6955.0,7088.5,6882.0,7071.5,24311
2025-12-03,7053.5,7053.5,7159.5,6830.5,6960.0,49146
2025-12-04,7038.5,7038.5,7100.0,6985.0,7053.5,23366
2025-12-05,7102.5,7102.5,7110.5,7025.5,7035.0,35753
2025-12-08,6909.0,6909.0,7150.0,6876.5,7150.0,33936
2025-12-09,7076.0,7076.0,7100.0,6723.0,6865.0,25464
2025-12-10,6972.0,6972.0,7086.0,6925.0,7076.0,14380
2025-12-11,7031.0,7031.0,7109.0,6911.0,6968.0,21548
2025-12-12,7016.0,7016.0,7105.0,6982.0,7051.0,21045
2025-12-15,7090.5,7090.5,7140.5,7029.5,7068.0,41417
2025-12-16,7039.0,7039.0,7100.0,7010.0,7085.0,20479
2025-12-17,7014.5,7014.5,7065.0,6936.5,7050.5,14534
2025-12-18,7071.5,7071.5,7100.0,6878.0,7050.0,18576
2025-12-19,7042.5,7042.5,7105.0,7002.0,7076.0,23667
2025-12-22,7051.0,7051.0,7230.0,7011.0,7100.0,52702
2025-12-23,7089.0,7089.0,7125.0,7020.0,7078.5,30809
2025-12-24,7056.0,7056.0,7165.0,7002.5,7032.0,74883
2025-12-25,7056.0,7056.0,7056.0,7056.0,7056.0,0
2025-12-26,7379.5,7379.5,7444.0,6941.5,7000.5,115817
2025-12-29,7031.5,7031.5,7537.0,6970.0,7537.0,84257
2025-12-30,7156.0,7156.0,7234.0,6855.0,6979.5,73181
2025-12-31,7689.5,7689.5,7837.0,7167.0,7200.0,433578
2026-01-01,7722.5,7722.5,7761.5,7459.0,7600.0,108494
2026-01-02,8013.5,8013.5,8050.0,7617.0,7701.0,88550
2026-01-05,8002.0,8002.0,8035.5,7904.5,8013.0,50086
2026-01-06,8021.5,8021.5,8069.0,7914.0,7990.0,47112
2026-01-07,7806.0,7806.0,8001.0,7770.0,7978.0,30622
2026-01-08,7667.0,7667.0,7889.0,7632.0,7780.5,22679
2026-01-09,7621.0,7621.0,7839.0,7540.0,7667.0,33844
2026-01-12,7495.5,7495.5,7589.0,7334.0,7589.0,33837
2026-01-13,7686.5,7686.5,7733.5,7439.0,7522.0,25796
2026-01-14,7850.0,7850.0,7867.0,7610.0,7660.0,87690
2026-01-16,7768.0,7768.0,7870.0,7733.5,7850.0,15481
