date_,adj close_exideind.ns,close_exideind.ns,high_exideind.ns,low_exideind.ns,open_exideind.ns,volume_exideind.ns
2024-01-16,322.90185546875,325.79998779296875,332.5,322.70001220703125,326.0,4455576
2024-01-17,316.5588073730469,319.3999938964844,324.8999938964844,314.25,321.95001220703125,4636107
2024-01-18,316.261474609375,319.1000061035156,322.20001220703125,309.3500061035156,319.3999938964844,4819502
2024-01-19,324.2894287109375,327.20001220703125,328.0,321.0,323.0,2374513
2024-01-23,311.900634765625,314.70001220703125,327.6000061035156,313.3500061035156,325.8999938964844,3270317
2024-01-24,312.4952697753906,315.29998779296875,319.25,311.3999938964844,315.0,4837038
2024-01-25,307.63885498046875,310.3999938964844,317.54998779296875,307.45001220703125,315.5,3275873
2024-01-29,312.4952697753906,315.29998779296875,317.25,311.29998779296875,314.70001220703125,1788476
2024-01-30,315.1712341308594,318.0,321.8500061035156,315.45001220703125,318.8999938964844,2813599
2024-01-31,331.9704895019531,334.95001220703125,336.0,318.70001220703125,320.0,7916850
2024-02-01,331.2271423339844,334.20001220703125,337.5,326.25,337.5,4859425
2024-02-02,340.2957763671875,343.3500061035156,347.5,334.5,335.79998779296875,7553484
2024-02-05,344.01239013671875,347.1000061035156,354.0,340.0,346.8999938964844,4765223
2024-02-06,345.3999328613281,348.5,352.0,345.6499938964844,349.0,3570626
2024-02-07,343.7646179199219,346.8500061035156,351.54998779296875,344.1499938964844,349.29998779296875,2187232
2024-02-08,341.9806213378906,345.04998779296875,349.8999938964844,343.54998779296875,348.0,1892474
2024-02-09,335.3897705078125,338.3999938964844,346.8999938964844,332.5,345.54998779296875,2694398
2024-02-12,325.2805480957031,328.20001220703125,341.3999938964844,326.25,341.0,2172402
2024-02-13,327.609619140625,330.54998779296875,331.95001220703125,321.3999938964844,327.75,2865332
2024-02-14,333.65533447265625,336.6499938964844,337.6000061035156,323.95001220703125,327.20001220703125,1375999
2024-02-15,331.3758239746094,334.3500061035156,340.8999938964844,332.5,339.0,1765944
2024-02-16,333.5066833496094,336.5,339.25,335.25,338.0,1375288
2024-02-19,333.80401611328125,336.79998779296875,344.0,336.0,340.29998779296875,1339482
2024-02-20,327.8573913574219,330.79998779296875,338.6499938964844,327.5,338.6499938964844,2205476
2024-02-21,323.79388427734375,326.70001220703125,334.20001220703125,325.6000061035156,331.79998779296875,1841503
2024-02-22,329.44317626953125,332.3999938964844,333.3999938964844,323.29998779296875,326.8999938964844,1827753
2024-02-23,327.06451416015625,330.0,335.0,329.0,334.1000061035156,846452
2024-02-26,325.23095703125,328.1499938964844,332.20001220703125,327.70001220703125,331.04998779296875,1346413
2024-02-27,323.2487487792969,326.1499938964844,329.8500061035156,325.0,328.8999938964844,769796
2024-02-28,315.2703552246094,318.1000061035156,328.5,316.04998779296875,326.75,2643104
2024-02-29,317.4508056640625,320.29998779296875,322.0,316.3999938964844,318.0,1725182
2024-03-01,321.2170104980469,324.1000061035156,326.8999938964844,321.3500061035156,322.0,1556230
2024-03-04,325.82562255859375,328.75,332.04998779296875,324.0,327.79998779296875,1431470
2024-03-05,322.6540832519531,325.54998779296875,331.1499938964844,323.75,330.0,1177352
2024-03-06,318.9870300292969,321.8500061035156,326.0,316.54998779296875,325.5,1783348
2024-03-07,325.23095703125,328.1499938964844,330.79998779296875,322.3500061035156,323.5,2193814
2024-03-11,320.17633056640625,323.04998779296875,332.29998779296875,322.0,331.0,2257244
2024-03-12,316.6083679199219,319.45001220703125,326.20001220703125,318.20001220703125,324.20001220703125,2261648
2024-03-13,298.025146484375,300.70001220703125,320.0,297.95001220703125,319.04998779296875,3710437
2024-03-14,303.07977294921875,305.79998779296875,309.8999938964844,294.6499938964844,297.20001220703125,2850926
2024-03-15,302.5841979980469,305.29998779296875,306.79998779296875,298.8500061035156,305.79998779296875,2689532
2024-03-18,304.3186340332031,307.04998779296875,309.1000061035156,302.6000061035156,305.0,1088219
2024-03-19,293.8129577636719,296.45001220703125,305.0,290.3500061035156,305.0,5242694
2024-03-20,298.76849365234375,301.45001220703125,302.45001220703125,293.70001220703125,296.45001220703125,2481845
2024-03-21,303.07977294921875,305.79998779296875,306.6499938964844,302.79998779296875,303.70001220703125,1116789
2024-03-22,304.46734619140625,307.20001220703125,308.75,303.3999938964844,305.79998779296875,1029834
2024-03-26,301.84088134765625,304.54998779296875,306.8999938964844,303.5,305.0,1432199
2024-03-27,301.84088134765625,304.54998779296875,307.5,303.6499938964844,304.54998779296875,2010127
2024-03-28,301.84088134765625,304.54998779296875,306.45001220703125,302.79998779296875,305.45001220703125,1828715
2024-04-01,307.78753662109375,310.54998779296875,312.3999938964844,305.0,305.0,2411492
2024-04-02,311.504150390625,314.29998779296875,316.79998779296875,312.0,312.1499938964844,2357872
2024-04-03,310.8103942871094,313.6000061035156,316.20001220703125,311.8999938964844,314.29998779296875,1599659
2024-04-04,316.6083679199219,319.45001220703125,323.95001220703125,315.0,315.3500061035156,4262580
2024-04-05,318.9870300292969,321.8500061035156,322.6499938964844,318.8999938964844,320.1499938964844,1305255
2024-04-08,373.79510498046875,377.1499938964844,383.5,321.0,324.5,74073530
2024-04-09,380.68328857421875,384.1000061035156,397.8500061035156,374.54998779296875,380.0,58966980
2024-04-10,380.53460693359375,383.95001220703125,388.1499938964844,378.1499938964844,383.8999938964844,14942496
2024-04-12,394.6082763671875,398.1499938964844,403.0,380.5,383.54998779296875,22382969
2024-04-15,405.41131591796875,409.04998779296875,423.6499938964844,398.8500061035156,401.0,45094809
2024-04-16,455.7098693847656,459.79998779296875,470.3999938964844,407.1499938964844,410.0,73697304
2024-04-18,445.6501770019531,449.6499938964844,481.70001220703125,445.3999938964844,466.75,41063153
2024-04-19,440.3477783203125,444.29998779296875,464.3999938964844,439.0,449.6499938964844,16828994
2024-04-22,461.8052062988281,465.95001220703125,475.0,439.1000061035156,447.0,22247019
2024-04-23,457.34521484375,461.45001220703125,476.6000061035156,459.0,471.29998779296875,11816994
2024-04-24,440.59552001953125,444.54998779296875,457.0,441.5,457.0,9263587
2024-04-25,443.4201965332031,447.3999938964844,451.0,433.5,444.54998779296875,8617134
2024-04-26,462.49896240234375,466.6499938964844,476.45001220703125,444.1499938964844,447.3999938964844,13397687
2024-04-29,451.4976806640625,455.54998779296875,469.04998779296875,453.1000061035156,468.95001220703125,4116072
2024-04-30,468.19781494140625,472.3999938964844,481.6499938964844,457.0,457.8999938964844,15667803
2024-05-02,459.8725280761719,464.0,485.54998779296875,460.0,477.79998779296875,8227489
2024-05-03,464.77850341796875,468.95001220703125,471.0,458.54998779296875,466.54998779296875,4677076
2024-05-06,456.4036560058594,460.5,471.79998779296875,453.1499938964844,471.0,3317781
2024-05-07,449.1190490722656,453.1499938964844,467.0,451.29998779296875,462.0,3906642
2024-05-08,456.1558837890625,460.25,470.45001220703125,445.79998779296875,453.79998779296875,5681003
2024-05-09,444.8077392578125,448.79998779296875,461.3999938964844,445.3500061035156,461.0,3009772
2024-05-10,448.22705078125,452.25,456.75,445.1000061035156,447.95001220703125,2507601
2024-05-13,451.7454528808594,455.79998779296875,459.6499938964844,435.0,452.25,3521742
2024-05-14,457.14697265625,461.25,464.0,451.04998779296875,455.0,2670099
2024-05-15,458.98052978515625,463.1000061035156,468.1499938964844,453.6499938964844,462.0,2790280
2024-05-16,468.9906921386719,473.20001220703125,476.29998779296875,460.29998779296875,465.0,5643074
2024-05-17,472.0631103515625,476.29998779296875,485.0,471.04998779296875,475.5,5415700
2024-05-21,470.37823486328125,474.6000061035156,489.95001220703125,472.79998779296875,476.3500061035156,4773364
2024-05-22,462.7962951660156,466.95001220703125,477.29998779296875,462.1499938964844,476.0,3905977
2024-05-23,460.7645263671875,464.8999938964844,470.8500061035156,460.3500061035156,469.0,2752325
2024-05-24,470.52691650390625,474.75,495.5,461.3999938964844,464.95001220703125,15407670
2024-05-27,489.9525451660156,494.3500061035156,500.45001220703125,468.45001220703125,479.8999938964844,16271268
2024-05-28,505.3642272949219,509.8999938964844,517.4000244140625,492.5,498.45001220703125,30884954
2024-05-29,502.29180908203125,506.79998779296875,514.7999877929688,501.6499938964844,509.8999938964844,7972560
2024-05-30,493.52056884765625,497.95001220703125,509.0,495.75,505.5,5676238
2024-05-31,483.9068298339844,488.25,511.54998779296875,485.20001220703125,501.0,8222556
2024-06-03,500.40869140625,504.8999938964844,516.0,493.1000061035156,512.7000122070312,6117134
2024-06-04,451.3985900878906,455.45001220703125,504.8999938964844,429.20001220703125,504.8999938964844,10982923
2024-06-05,486.681884765625,491.04998779296875,496.5,450.79998779296875,462.95001220703125,9047361
2024-06-06,523.154541015625,527.8499755859375,536.7000122070312,492.1000061035156,493.6499938964844,15257519
2024-06-07,522.3616943359375,527.0499877929688,533.9000244140625,521.0,532.0,10807984
2024-06-10,521.1227416992188,525.7999877929688,536.5,522.3499755859375,530.0,7592659
2024-06-11,524.1456298828125,528.8499755859375,540.6500244140625,523.0,525.0,6050148
2024-06-12,535.8902587890625,540.7000122070312,546.0,529.7999877929688,530.4000244140625,8303195
2024-06-13,537.4760131835938,542.2999877929688,549.9000244140625,541.1500244140625,549.9000244140625,7311854
2024-06-14,537.4264526367188,542.25,547.9000244140625,539.2000122070312,545.0,4633973
2024-06-18,559.528076171875,564.5499877929688,566.4000244140625,543.2000122070312,544.7000122070312,9249847
2024-06-19,555.3654174804688,560.3499755859375,567.3499755859375,549.2999877929688,567.0,5371061
2024-06-20,567.1596069335938,572.25,576.2000122070312,558.5499877929688,561.0499877929688,6213481
2024-06-21,564.63232421875,569.7000122070312,576.0,567.0,574.9000244140625,4370512
2024-06-24,568.7453002929688,573.8499755859375,576.8499755859375,557.3499755859375,567.0,3836291
2024-06-25,574.4938354492188,579.6500244140625,620.3499755859375,574.5499877929688,575.0,41296482
2024-06-26,563.0465087890625,568.0999755859375,589.0,566.3499755859375,582.0,10419619
2024-06-27,561.2129516601562,566.25,573.4000244140625,557.25,568.0999755859375,5425029
2024-06-28,559.478515625,564.5,575.5,559.2000122070312,566.9500122070312,8329177
2024-07-01,564.3349609375,569.4000244140625,572.75,563.0,567.25,3408403
2024-07-02,559.478515625,564.5,572.5499877929688,559.5999755859375,571.6500244140625,3063083
2024-07-03,563.8394165039062,568.9000244140625,571.75,560.0499877929688,565.4000244140625,4377676
2024-07-04,561.1633911132812,566.2000122070312,570.7000122070312,563.5499877929688,570.0,2424207
2024-07-05,562.8978881835938,567.9500122070312,571.0,565.0,569.0499877929688,2043238
2024-07-08,566.3667602539062,571.4500122070312,576.4000244140625,565.0999755859375,570.0,2684664
2024-07-09,573.304443359375,578.4500122070312,585.5,567.7000122070312,572.4000244140625,7274064
2024-07-10,562.4022827148438,567.4500122070312,580.9500122070312,549.0499877929688,580.9500122070312,6939639
2024-07-11,558.4379272460938,563.4500122070312,569.9500122070312,562.1500244140625,569.2999877929688,1798542
2024-07-12,554.0770263671875,559.0499877929688,564.9000244140625,555.5999755859375,563.4500122070312,1898237
2024-07-15,557.64501953125,562.6500244140625,568.0,558.5499877929688,561.2999877929688,2958990
2024-07-16,551.6488037109375,556.5999755859375,569.2000122070312,554.6500244140625,564.2000122070312,2607256
2024-07-18,550.7568359375,555.7000122070312,557.3499755859375,547.5499877929688,556.5999755859375,3274009
2024-07-19,535.6920166015625,540.5,566.1500244140625,538.0,557.4500122070312,6807005
2024-07-22,544.0482177734375,546.9000244140625,550.5999755859375,529.0,538.0,2759045
2024-07-23,543.8989868164062,546.75,555.0,523.4000244140625,548.7999877929688,6167712
2024-07-24,537.0349731445312,539.8499755859375,550.1500244140625,538.0499877929688,546.75,3826636
2024-07-25,537.084716796875,539.9000244140625,543.5499877929688,532.5999755859375,535.0,2209120
2024-07-26,550.8624877929688,553.75,555.9500122070312,539.4000244140625,541.7999877929688,4764451
2024-07-29,549.0221557617188,551.9000244140625,560.0,549.4000244140625,557.0,3570024
2024-07-30,528.927490234375,531.7000122070312,554.8499755859375,530.0,554.5,11059876
2024-07-31,520.5712890625,523.2999877929688,537.7000122070312,520.5,537.7000122070312,6871718
2024-08-01,510.0762939453125,512.75,528.3499755859375,508.3999938964844,525.9000244140625,6238603
2024-08-02,506.1966247558594,508.8500061035156,519.75,502.75,509.54998779296875,3858656
2024-08-05,482.8191833496094,485.3500061035156,502.6000061035156,481.25,490.0,5562811
2024-08-06,479.1384582519531,481.6499938964844,500.6499938964844,479.79998779296875,488.04998779296875,3256185
2024-08-07,493.6623229980469,496.25,498.8999938964844,483.20001220703125,489.8999938964844,2481856
2024-08-08,483.614990234375,486.1499938964844,498.70001220703125,485.0,498.70001220703125,2688578
2024-08-09,490.62823486328125,493.20001220703125,501.8999938964844,486.45001220703125,488.75,3465434
2024-08-12,496.4974670410156,499.1000061035156,503.5,487.29998779296875,488.0,3653337
2024-08-13,489.931884765625,492.5,507.45001220703125,490.95001220703125,500.0,3705316
2024-08-14,483.66473388671875,486.20001220703125,494.95001220703125,485.0,494.45001220703125,1525319
2024-08-16,493.1152038574219,495.70001220703125,497.5,488.95001220703125,490.1000061035156,2432843
2024-08-19,494.35870361328125,496.95001220703125,500.45001220703125,494.1499938964844,498.04998779296875,1736472
2024-08-20,494.6571044921875,497.25,498.95001220703125,490.6000061035156,497.95001220703125,1565074
2024-08-21,505.3510437011719,508.0,510.8500061035156,498.20001220703125,501.29998779296875,4693036
2024-08-22,509.7281494140625,512.4000244140625,514.7999877929688,508.0,511.75,2306377
2024-08-23,496.7958984375,499.3999938964844,514.6500244140625,498.45001220703125,513.0,2520654
2024-08-26,495.3534851074219,497.95001220703125,502.8999938964844,495.25,502.79998779296875,2328819
2024-08-27,496.0995788574219,498.70001220703125,505.45001220703125,497.25,499.20001220703125,3493620
2024-08-28,489.1360778808594,491.70001220703125,500.75,490.1499938964844,499.3500061035156,2146014
2024-08-29,487.6438903808594,490.20001220703125,493.0,484.6000061035156,491.75,3679333
2024-08-30,490.3298034667969,492.8999938964844,496.8999938964844,491.04998779296875,492.0,1918993
2024-09-02,487.94232177734375,490.5,498.29998779296875,487.0,493.0,2138470
2024-09-03,486.3009338378906,488.8500061035156,493.0,488.3500061035156,490.5,1339877
2024-09-04,481.62542724609375,484.1499938964844,491.0,482.25,484.75,3100314
2024-09-05,493.0654602050781,495.6499938964844,499.70001220703125,483.54998779296875,486.0,4632193
2024-09-06,480.4814147949219,483.0,497.8500061035156,482.04998779296875,497.3999938964844,2907507
2024-09-09,472.2744445800781,474.75,483.75,466.5,483.0,3303604
2024-09-10,476.3033142089844,478.79998779296875,483.70001220703125,475.8500061035156,479.3999938964844,2367852
2024-09-11,469.7377624511719,472.20001220703125,484.70001220703125,470.1000061035156,479.0,2235825
2024-09-12,477.34783935546875,479.8500061035156,481.70001220703125,474.20001220703125,475.8500061035156,2358899
2024-09-13,482.868896484375,485.3999938964844,488.75,477.5,479.79998779296875,2611944
2024-09-16,487.39520263671875,489.95001220703125,492.20001220703125,482.0,489.45001220703125,1768851
2024-09-17,479.7850646972656,482.29998779296875,493.1000061035156,481.04998779296875,493.1000061035156,1182845
2024-09-18,469.2900695800781,471.75,482.25,469.6499938964844,481.0,2520895
2024-09-19,457.5516357421875,459.95001220703125,476.79998779296875,454.04998779296875,473.5,4071446
2024-09-20,463.8684997558594,466.29998779296875,467.95001220703125,461.20001220703125,465.0,3024808
2024-09-23,468.6932067871094,471.1499938964844,473.0,466.0,468.0,1856224
2024-09-24,474.21429443359375,476.70001220703125,477.95001220703125,470.6499938964844,471.1499938964844,2211052
2024-09-25,471.22991943359375,473.70001220703125,478.5,469.20001220703125,476.70001220703125,2138128
2024-09-26,469.2900695800781,471.75,474.6000061035156,465.3999938964844,473.70001220703125,1951999
2024-09-27,494.70684814453125,497.29998779296875,500.3999938964844,470.04998779296875,470.04998779296875,13697783
2024-09-30,499.9294738769531,502.54998779296875,505.29998779296875,488.54998779296875,498.0,5320402
2024-10-01,508.8825378417969,511.54998779296875,515.6500244140625,504.25,507.5,6585977
2024-10-03,493.7618103027344,496.3500061035156,514.0,493.54998779296875,507.95001220703125,4650497
2024-10-04,499.7802429199219,502.3999938964844,511.0,493.29998779296875,494.04998779296875,8028600
2024-10-07,477.99444580078125,480.5,508.54998779296875,473.8500061035156,505.0,6679123
2024-10-08,491.22509765625,493.79998779296875,497.0,478.1000061035156,480.5,2894554
2024-10-09,516.641845703125,519.3499755859375,523.5,494.1499938964844,498.29998779296875,13196334
2024-10-10,509.47943115234375,512.1500244140625,528.3499755859375,503.6000061035156,527.0,8550164
2024-10-11,527.7337036132812,530.5,532.9000244140625,510.1000061035156,516.2000122070312,13286140
2024-10-14,527.58447265625,530.3499755859375,534.4000244140625,521.3499755859375,533.2000122070312,6259104
2024-10-15,519.4273071289062,522.1500244140625,533.0,519.2000122070312,531.0,3289596
2024-10-16,509.6286315917969,512.2999877929688,522.9500122070312,508.45001220703125,522.25,4766987
2024-10-17,493.9110107421875,496.5,515.7000122070312,495.1000061035156,515.0,3821118
2024-10-18,493.21466064453125,495.79998779296875,500.5,486.0,495.04998779296875,2540669
2024-10-21,484.31134033203125,486.8500061035156,498.6499938964844,485.1000061035156,495.6499938964844,2242367
2024-10-22,458.4469299316406,460.8500061035156,488.8999938964844,459.20001220703125,486.0,4276290
2024-10-23,467.2010192871094,469.6499938964844,477.3500061035156,459.04998779296875,460.8500061035156,3073729
2024-10-24,464.4653625488281,466.8999938964844,473.0,464.25,471.3999938964844,1698007
2024-10-25,447.55401611328125,449.8999938964844,468.79998779296875,444.6499938964844,468.0,4267695
2024-10-28,461.6302185058594,464.04998779296875,468.6499938964844,446.6499938964844,450.0,2920122
2024-10-29,464.61456298828125,467.04998779296875,469.6499938964844,454.1499938964844,467.0,3441203
2024-10-30,462.823974609375,465.25,474.95001220703125,461.29998779296875,468.3999938964844,3298510
2024-10-31,453.0751037597656,455.45001220703125,466.0,451.5,465.0,5127992
2024-11-01,456.5568542480469,458.95001220703125,463.45001220703125,456.0,458.8500061035156,1196012
2024-11-04,442.72930908203125,445.04998779296875,459.79998779296875,437.79998779296875,459.79998779296875,7818268
2024-11-05,441.23712158203125,443.54998779296875,449.6499938964844,433.0,446.0,7614294
2024-11-06,449.842041015625,452.20001220703125,453.75,443.54998779296875,449.0,2832331
2024-11-07,445.4649658203125,447.79998779296875,456.79998779296875,446.79998779296875,455.0,2269020
2024-11-08,434.77099609375,437.04998779296875,452.20001220703125,435.1499938964844,447.79998779296875,2682928
2024-11-11,434.3233642578125,436.6000061035156,442.0,430.8999938964844,434.75,2426881
2024-11-12,429.54840087890625,431.79998779296875,447.3500061035156,430.3500061035156,438.5,5228338
2024-11-13,416.2680358886719,418.45001220703125,434.6000061035156,416.6499938964844,431.5,4828918
2024-11-14,415.9198303222656,418.1000061035156,422.6000061035156,412.3500061035156,418.45001220703125,3972370
2024-11-18,412.338623046875,414.5,421.0,412.6000061035156,418.1000061035156,1871986
2024-11-19,419.3020935058594,421.5,430.79998779296875,415.0,415.45001220703125,3696768
2024-11-21,413.1841735839844,415.3500061035156,420.95001220703125,411.0,420.95001220703125,1747026
2024-11-22,421.83880615234375,424.04998779296875,424.8999938964844,414.0,415.5,1589484
2024-11-25,426.11639404296875,428.3500061035156,436.70001220703125,427.45001220703125,430.0,5488033
2024-11-26,423.5796813964844,425.79998779296875,434.75,425.1000061035156,430.0,1625792
2024-11-27,442.72930908203125,445.04998779296875,446.6000061035156,425.6499938964844,426.0,6039469
2024-11-28,454.6667175292969,457.04998779296875,459.8999938964844,442.0,445.04998779296875,7004165
2024-11-29,450.2399597167969,452.6000061035156,459.54998779296875,446.5,457.0,5273196
2024-12-02,448.89697265625,451.25,456.79998779296875,448.1000061035156,456.70001220703125,2161344
2024-12-03,453.1745300292969,455.54998779296875,459.8999938964844,452.0,453.75,2754066
2024-12-04,452.3290100097656,454.70001220703125,462.95001220703125,451.0,455.6499938964844,4095553
2024-12-05,451.08551025390625,453.45001220703125,456.79998779296875,448.6499938964844,456.79998779296875,1726437
2024-12-06,460.28729248046875,462.70001220703125,465.79998779296875,452.3999938964844,454.0,3512144
2024-12-09,464.5648498535156,467.0,471.5,463.0,463.0,3747554
2024-12-10,462.27685546875,464.70001220703125,469.5,462.79998779296875,465.0,1423213
2024-12-11,465.65911865234375,468.1000061035156,472.04998779296875,464.0,467.54998779296875,2359385
2024-12-12,459.0935363769531,461.5,472.5,460.1000061035156,468.6499938964844,3902664
2024-12-13,452.7766418457031,455.1499938964844,459.79998779296875,446.04998779296875,459.79998779296875,2211478
2024-12-16,457.1536865234375,459.54998779296875,463.29998779296875,451.79998779296875,455.1499938964844,1766213
2024-12-17,448.7477722167969,451.1000061035156,466.79998779296875,448.1499938964844,460.1000061035156,2124119
2024-12-18,442.3811340332031,444.70001220703125,456.0,443.3500061035156,452.0,2477054
2024-12-19,437.4072265625,439.70001220703125,443.54998779296875,433.3999938964844,436.0,1395312
2024-12-20,424.0770568847656,426.29998779296875,456.54998779296875,414.6000061035156,450.0,10343994
2024-12-23,414.5768737792969,416.75,429.0,414.6499938964844,426.29998779296875,3123990
2024-12-24,415.9695739746094,418.1499938964844,421.0,411.29998779296875,416.0,1919519
2024-12-26,416.1187744140625,418.29998779296875,422.70001220703125,414.5,418.8999938964844,1739728
2024-12-27,416.21826171875,418.3999938964844,425.8500061035156,417.3999938964844,419.0,1175503
2024-12-30,409.1055603027344,411.25,419.0,409.6499938964844,418.3999938964844,1999044
2024-12-31,414.3778991699219,416.54998779296875,418.3999938964844,408.5,410.0,1139909
2025-01-01,419.15289306640625,421.3500061035156,422.5,415.1499938964844,421.0,2319841
2025-01-02,426.76300048828125,429.0,430.0,418.29998779296875,423.1000061035156,2458894
2025-01-03,422.53515625,424.75,431.6000061035156,423.5,431.6000061035156,1786961
2025-01-06,406.81756591796875,408.95001220703125,426.5,406.6499938964844,425.04998779296875,3033673
2025-01-07,406.9170227050781,409.04998779296875,415.29998779296875,404.1499938964844,409.3999938964844,2815071
2025-01-08,403.3358154296875,405.45001220703125,410.04998779296875,402.0,409.79998779296875,1310142
2025-01-09,395.3775329589844,397.45001220703125,406.79998779296875,396.45001220703125,404.79998779296875,1898879
2025-01-10,387.0710754394531,389.1000061035156,398.0,386.6000061035156,397.45001220703125,3238458
2025-01-13,370.6571044921875,372.6000061035156,390.5,371.25,386.79998779296875,2608440
2025-01-14,380.25677490234375,382.25,384.3999938964844,367.25,368.0,2978181
2025-01-15,380.0080871582031,382.0,386.95001220703125,379.3500061035156,386.79998779296875,1465678
2025-01-16,385.92706298828125,387.95001220703125,393.79998779296875,385.3999938964844,388.0,1523084
2025-01-17,387.5187072753906,389.54998779296875,391.54998779296875,384.54998779296875,388.0,1058356
2025-01-20,389.5082702636719,391.54998779296875,393.3500061035156,386.3999938964844,391.6000061035156,1716427
2025-01-21,375.183349609375,377.1499938964844,394.3999938964844,376.45001220703125,392.6000061035156,2677761
2025-01-22,373.7409362792969,375.70001220703125,379.70001220703125,367.6000061035156,379.0,2226469
2025-01-23,381.500244140625,383.5,385.8999938964844,373.20001220703125,374.95001220703125,1194583
2025-01-24,367.1255798339844,369.04998779296875,385.3999938964844,366.95001220703125,383.70001220703125,1991642
2025-01-27,345.9366760253906,347.75,366.45001220703125,346.04998779296875,366.1000061035156,3993789
2025-01-28,341.55963134765625,343.3500061035156,352.20001220703125,336.6499938964844,351.95001220703125,4179119
2025-01-29,351.2587890625,353.1000061035156,361.5,338.6499938964844,346.0,7667714
2025-01-30,358.122802734375,360.0,365.0,356.29998779296875,360.04998779296875,3293486
2025-01-31,372.54718017578125,374.5,375.8999938964844,362.0,362.0,2973549
2025-02-01,380.3064880371094,382.29998779296875,390.95001220703125,372.0,378.70001220703125,8512713
2025-02-03,371.70159912109375,373.6499938964844,382.75,370.04998779296875,382.75,4584030
2025-02-04,378.2672119140625,380.25,383.79998779296875,375.45001220703125,376.0,3127226
2025-02-05,382.8432312011719,384.8500061035156,387.5,379.29998779296875,381.8500061035156,2468075
2025-02-06,376.2279052734375,378.20001220703125,386.8500061035156,376.20001220703125,386.0,2409037
2025-02-07,375.1336364746094,377.1000061035156,380.79998779296875,372.04998779296875,378.8999938964844,1814706
2025-02-10,369.7618103027344,371.70001220703125,379.20001220703125,369.1000061035156,377.1000061035156,2265984
2025-02-11,361.0076599121094,362.8999938964844,371.70001220703125,360.45001220703125,371.70001220703125,2138518
2025-02-12,363.7930908203125,365.70001220703125,367.0,350.6499938964844,360.0,2133936
2025-02-13,365.03656005859375,366.95001220703125,370.0,363.20001220703125,367.0,1586939
2025-02-14,356.68035888671875,358.54998779296875,370.5,355.1000061035156,368.0,2025569
2025-02-17,359.91339111328125,361.79998779296875,363.0,346.95001220703125,355.04998779296875,2181305
2025-02-18,358.669921875,360.54998779296875,363.20001220703125,353.29998779296875,362.0,1550583
2025-02-19,362.15167236328125,364.04998779296875,367.70001220703125,356.1499938964844,359.0,1135144
2025-02-20,372.9948425292969,374.95001220703125,376.0,360.54998779296875,363.8500061035156,1880912
2025-02-21,363.3951416015625,365.29998779296875,381.0,363.5,373.5,2339246
2025-02-24,362.5993347167969,364.5,366.1499938964844,358.20001220703125,360.04998779296875,1631111
2025-02-25,361.9527282714844,363.8500061035156,367.75,360.3999938964844,365.0,1686214
2025-02-27,352.6514892578125,354.5,364.45001220703125,352.54998779296875,363.79998779296875,1937346
2025-02-28,345.98638916015625,347.79998779296875,354.3999938964844,345.3500061035156,350.29998779296875,2513342
2025-03-03,344.4942321777344,346.29998779296875,351.45001220703125,338.0,347.79998779296875,1839905
2025-03-04,343.8973693847656,345.70001220703125,350.75,340.0,341.04998779296875,1022216
2025-03-05,354.54156494140625,356.3999938964844,359.3999938964844,345.04998779296875,345.04998779296875,2267930
2025-03-06,353.6462707519531,355.5,364.45001220703125,354.1499938964844,364.0,1718140
2025-03-07,353.99444580078125,355.8500061035156,359.8999938964844,352.1000061035156,355.0,2254086
2025-03-10,345.0910949707031,346.8999938964844,358.3999938964844,345.0,355.8500061035156,1732629
2025-03-11,342.8031005859375,344.6000061035156,347.95001220703125,340.0,342.29998779296875,1693648
2025-03-12,338.8736877441406,340.6499938964844,347.6499938964844,338.20001220703125,344.6499938964844,1647398
2025-03-13,331.2635803222656,333.0,342.5,332.25,342.5,1654562
2025-03-17,332.4075927734375,334.1499938964844,340.79998779296875,330.8500061035156,333.5,1820095
2025-03-18,332.4075927734375,334.1499938964844,334.1499938964844,334.1499938964844,334.1499938964844,0
2025-03-19,348.32415771484375,350.1499938964844,351.5,342.54998779296875,345.20001220703125,2721590
2025-03-20,353.79547119140625,355.6499938964844,357.95001220703125,349.70001220703125,352.45001220703125,1894944
2025-03-21,356.7798156738281,358.6499938964844,361.5,353.04998779296875,353.95001220703125,3515446
2025-03-24,364.0915222167969,366.0,367.3999938964844,361.0,365.0,1891363
2025-03-25,358.32177734375,360.20001220703125,368.95001220703125,358.20001220703125,368.95001220703125,2628909
2025-03-26,357.2275085449219,359.1000061035156,374.70001220703125,357.1000061035156,366.0,10104182
2025-03-27,358.1725158691406,360.04998779296875,362.0,352.5,357.75,2304768
2025-03-28,358.5704650878906,360.45001220703125,364.3999938964844,355.0,360.25,3474942
2025-04-01,362.89776611328125,364.79998779296875,367.8999938964844,357.79998779296875,358.6499938964844,2006348
2025-04-02,369.6623229980469,371.6000061035156,373.5,360.70001220703125,365.6000061035156,2124250
2025-04-03,370.2591857910156,372.20001220703125,373.54998779296875,366.0,367.0,1240278
2025-04-04,362.4998474121094,364.3999938964844,373.5,360.0,372.0,2442177
2025-04-07,351.5572204589844,353.3999938964844,355.8500061035156,328.0,328.0,4196760
2025-04-08,355.7850341796875,357.6499938964844,368.0,354.0,357.0,1783625
2025-04-09,362.45013427734375,364.3500061035156,366.8999938964844,352.3500061035156,355.79998779296875,2312489
2025-04-11,367.3742980957031,369.29998779296875,373.70001220703125,365.0,373.70001220703125,1482033
2025-04-15,377.7200927734375,379.70001220703125,381.29998779296875,370.6000061035156,374.6000061035156,2143107
2025-04-16,375.0341491699219,377.0,383.5,376.29998779296875,382.79998779296875,2998723
2025-04-17,373.343017578125,375.29998779296875,378.79998779296875,368.54998779296875,377.0,4192616
2025-04-21,381.8981628417969,383.8999938964844,385.5,374.45001220703125,377.0,4131855
2025-04-22,378.96356201171875,380.95001220703125,388.3999938964844,379.79998779296875,387.0,2406918
2025-04-23,378.8143310546875,380.79998779296875,386.20001220703125,377.20001220703125,382.0,1468697
2025-04-24,380.45574951171875,382.45001220703125,388.6000061035156,380.29998779296875,380.6000061035156,1677133
2025-04-25,368.56805419921875,370.5,384.3500061035156,366.79998779296875,382.0,2653522
2025-04-28,375.33258056640625,377.29998779296875,383.20001220703125,368.1000061035156,368.1499938964844,3066793
2025-04-29,368.02093505859375,369.95001220703125,383.29998779296875,368.6000061035156,377.8999938964844,4302116
2025-04-30,349.9158020019531,351.75,375.5,347.0,370.0,7832484
2025-05-02,353.14886474609375,355.0,363.5,348.0,350.0,3001113
2025-05-05,364.24072265625,366.1499938964844,366.8999938964844,354.04998779296875,358.0,3202258
2025-05-06,368.3193359375,370.25,375.3999938964844,361.6499938964844,366.0,4693706
2025-05-07,374.0890808105469,376.04998779296875,376.6000061035156,360.6000061035156,361.0,2882915
2025-05-08,358.9683837890625,360.8500061035156,378.6000061035156,358.0,376.04998779296875,2257060
2025-05-09,359.0678405761719,360.95001220703125,362.20001220703125,350.5,350.5,1798485
2025-05-12,376.07867431640625,378.04998779296875,379.45001220703125,369.0,370.0,2269895
2025-05-13,373.1440734863281,375.1000061035156,380.25,374.0,378.20001220703125,1321262
2025-05-14,380.8536376953125,382.8500061035156,384.0,374.5,376.04998779296875,2228659
2025-05-15,381.84844970703125,383.8500061035156,387.25,381.1499938964844,382.8500061035156,2290759
2025-05-16,391.0004577636719,393.04998779296875,395.45001220703125,384.3500061035156,387.0,3088502
2025-05-19,390.7517395019531,392.79998779296875,397.20001220703125,390.6499938964844,394.0,2247016
2025-05-20,381.3510437011719,383.3500061035156,395.79998779296875,382.1499938964844,394.95001220703125,2267919
2025-05-21,382.79345703125,384.79998779296875,389.5,381.79998779296875,383.0,1333071
2025-05-22,380.4059753417969,382.3999938964844,387.5,380.04998779296875,384.79998779296875,1728598
2025-05-23,380.15728759765625,382.1499938964844,385.8500061035156,380.54998779296875,382.8500061035156,1952473
2025-05-26,384.7830505371094,386.79998779296875,387.6499938964844,382.04998779296875,383.8999938964844,1154702
2025-05-27,383.19140625,385.20001220703125,388.5,375.5,387.29998779296875,2910119
2025-05-28,384.68359375,386.70001220703125,388.70001220703125,384.1000061035156,385.20001220703125,1728672
2025-05-29,386.7726135253906,388.79998779296875,390.3500061035156,385.5,388.6000061035156,1776816
2025-05-30,384.8327941894531,386.8500061035156,390.20001220703125,383.1499938964844,388.79998779296875,1888195
2025-06-02,385.3302001953125,387.3500061035156,392.54998779296875,383.1000061035156,385.0,1529009
2025-06-03,384.1861877441406,386.20001220703125,391.8999938964844,385.1499938964844,387.3500061035156,1463373
2025-06-04,386.8721008300781,388.8999938964844,390.0,382.20001220703125,387.0,2078425
2025-06-05,389.1103515625,391.1499938964844,393.75,388.20001220703125,390.8999938964844,2310114
2025-06-06,391.2491455078125,393.29998779296875,394.5,387.5,391.0,1838166
2025-06-09,398.71002197265625,400.79998779296875,401.95001220703125,392.1499938964844,395.0,3553688
2025-06-10,401.69439697265625,403.79998779296875,405.75,397.3500061035156,405.0,5033907
2025-06-11,403.4352722167969,405.54998779296875,410.0,401.1000061035156,402.0,3571479
2025-06-12,392.293701171875,394.3500061035156,408.1000061035156,393.0,408.0,2861344
2025-06-13,382.8432312011719,384.8500061035156,390.3500061035156,377.04998779296875,377.04998779296875,1778475
2025-06-16,382.29608154296875,384.29998779296875,386.5,377.0,384.8500061035156,2248045
2025-06-17,380.953125,382.95001220703125,385.70001220703125,380.20001220703125,384.29998779296875,1233370
2025-06-18,376.17816162109375,378.1499938964844,385.6000061035156,377.29998779296875,381.45001220703125,1045672
2025-06-19,372.7958984375,374.75,380.54998779296875,370.1000061035156,377.0,2604775
2025-06-20,378.2672119140625,380.25,381.6000061035156,373.1499938964844,373.8999938964844,3051090
2025-06-23,376.3273620605469,378.29998779296875,382.3500061035156,376.0,376.0,3823423
2025-06-24,382.5945129394531,384.6000061035156,389.5,382.04998779296875,382.1499938964844,2025632
2025-06-25,383.7882385253906,385.79998779296875,390.45001220703125,384.1499938964844,385.54998779296875,2683521
2025-06-26,386.8223571777344,388.8500061035156,389.6499938964844,384.1000061035156,387.0,2474533
2025-06-27,386.4244689941406,388.45001220703125,393.79998779296875,388.0,389.95001220703125,2141558
2025-06-30,385.72808837890625,387.75,391.75,385.5,389.0,2106918
2025-07-01,383.8380126953125,385.8500061035156,390.8500061035156,385.0,388.6000061035156,734628
2025-07-02,380.8536376953125,382.8500061035156,389.1499938964844,381.6000061035156,386.0,2183885
2025-07-03,380.90338134765625,382.8999938964844,385.45001220703125,380.95001220703125,384.20001220703125,2251237
2025-07-04,381.4505310058594,383.45001220703125,389.29998779296875,380.6000061035156,382.8999938964844,2276640
2025-07-07,384.1364440917969,386.1499938964844,386.70001220703125,381.20001220703125,382.54998779296875,1259353
2025-07-08,386.67315673828125,388.70001220703125,389.6000061035156,383.0,386.1499938964844,1281125
2025-07-09,385.4794006347656,387.5,389.95001220703125,385.45001220703125,388.0,1625912
2025-07-10,386.9218444824219,388.95001220703125,390.3500061035156,386.0,388.45001220703125,1255994
2025-07-11,378.66510009765625,380.6499938964844,388.75,378.6000061035156,387.04998779296875,1215932
2025-07-14,381.3510437011719,383.3500061035156,384.0,376.1000061035156,380.0,921937
2025-07-15,384.484619140625,386.5,386.79998779296875,383.79998779296875,385.0,899564
2025-07-16,383.9375,385.95001220703125,386.70001220703125,377.54998779296875,386.0,2322273
2025-07-17,381.54998779296875,383.54998779296875,386.6000061035156,379.04998779296875,383.1000061035156,2048115
2025-07-18,384.04998779296875,384.04998779296875,386.3500061035156,379.04998779296875,382.95001220703125,1845205
2025-07-21,389.1000061035156,389.1000061035156,392.1499938964844,383.54998779296875,384.95001220703125,2362755
2025-07-22,394.25,394.25,395.6000061035156,388.3999938964844,391.0,3011062
2025-07-23,391.75,391.75,398.0,390.79998779296875,396.70001220703125,1972865
2025-07-24,391.20001220703125,391.20001220703125,395.79998779296875,390.25,392.1499938964844,1769630
2025-07-25,380.6000061035156,380.6000061035156,392.1000061035156,379.0,390.0,1523475
2025-07-28,382.1000061035156,382.1000061035156,386.04998779296875,377.29998779296875,378.0,1431163
2025-07-29,391.70001220703125,391.70001220703125,392.79998779296875,381.3999938964844,381.79998779296875,2163417
2025-07-30,391.04998779296875,391.04998779296875,393.1000061035156,388.79998779296875,392.29998779296875,998900
2025-07-31,384.29998779296875,384.29998779296875,389.20001220703125,381.20001220703125,386.1000061035156,1360355
2025-08-01,379.25,379.25,384.70001220703125,377.45001220703125,384.29998779296875,2021631
2025-08-04,390.79998779296875,390.79998779296875,391.6499938964844,376.70001220703125,378.5,2081395
2025-08-05,384.75,384.75,395.5,376.8999938964844,391.3500061035156,6696094
2025-08-06,381.54998779296875,381.54998779296875,391.70001220703125,379.70001220703125,388.5,4291389
2025-08-07,379.8999938964844,379.8999938964844,380.3999938964844,373.20001220703125,380.1000061035156,2467479
2025-08-08,375.6499938964844,375.6499938964844,381.0,374.25,377.0,1717927
2025-08-11,377.6499938964844,377.6499938964844,380.25,373.5,375.6499938964844,2391804
2025-08-12,376.3999938964844,376.3999938964844,379.25,374.8999938964844,378.04998779296875,1747236
2025-08-13,375.70001220703125,375.70001220703125,378.29998779296875,375.04998779296875,377.29998779296875,1889570
2025-08-14,374.45001220703125,374.45001220703125,376.79998779296875,370.75,375.70001220703125,1245199
2025-08-18,376.29998779296875,376.29998779296875,381.95001220703125,374.04998779296875,379.8500061035156,3208963
2025-08-19,392.79998779296875,392.79998779296875,394.45001220703125,376.0,377.45001220703125,24457473
2025-08-20,396.29998779296875,396.29998779296875,398.79998779296875,391.04998779296875,395.1000061035156,4081481
2025-08-21,400.45001220703125,400.45001220703125,402.3500061035156,394.29998779296875,399.5,4104887
2025-08-22,396.04998779296875,396.04998779296875,400.45001220703125,394.0,400.45001220703125,1862967
2025-08-25,400.25,400.25,403.6000061035156,392.3999938964844,397.0,2509380
2025-08-26,396.79998779296875,396.79998779296875,402.0,394.29998779296875,400.25,2480949
2025-08-28,394.0,394.0,397.8999938964844,391.0,396.5,2404867
2025-08-29,396.25,396.25,398.6000061035156,391.3500061035156,394.0,2247248
2025-09-01,412.25,412.25,413.45001220703125,396.29998779296875,398.20001220703125,4888750
2025-09-02,416.20001220703125,416.20001220703125,422.0,410.04998779296875,414.79998779296875,4896799
2025-09-03,419.1000061035156,419.1000061035156,420.70001220703125,412.29998779296875,416.20001220703125,2204668
2025-09-04,405.6499938964844,405.6499938964844,423.20001220703125,404.25,422.95001220703125,3308452
2025-09-05,412.75,412.75,414.79998779296875,406.5,406.5,1899722
2025-09-08,427.3500061035156,427.3500061035156,429.0,413.04998779296875,415.0,4458174
2025-09-09,426.75,426.75,430.0,423.04998779296875,427.5,2306523
2025-09-10,422.25,422.25,431.0,421.04998779296875,427.0,2555350
2025-09-11,422.70001220703125,422.70001220703125,425.04998779296875,420.54998779296875,422.25,1451017
2025-09-12,418.54998779296875,418.54998779296875,427.3999938964844,418.0,422.70001220703125,1868727
2025-09-15,415.6499938964844,415.6499938964844,422.20001220703125,413.8500061035156,419.25,1059766
2025-09-16,418.20001220703125,418.20001220703125,421.20001220703125,414.54998779296875,415.75,1549678
2025-09-17,418.79998779296875,418.79998779296875,421.0,417.1000061035156,419.04998779296875,1067243
2025-09-18,425.1499938964844,425.1499938964844,425.8500061035156,417.8999938964844,419.79998779296875,2015535
2025-09-19,414.5,414.5,425.1000061035156,413.3999938964844,423.3999938964844,3843720
2025-09-22,403.8500061035156,403.8500061035156,416.1499938964844,403.04998779296875,415.1499938964844,2474281
2025-09-23,403.25,403.25,410.5,402.6000061035156,404.0,2101382
2025-09-24,399.6000061035156,399.6000061035156,404.1000061035156,397.95001220703125,403.25,1558689
2025-09-25,393.1499938964844,393.1499938964844,399.29998779296875,391.20001220703125,398.0,2223246
2025-09-26,388.79998779296875,388.79998779296875,400.04998779296875,387.6499938964844,393.20001220703125,2218255
2025-09-29,388.54998779296875,388.54998779296875,392.0,385.75,389.5,1223452
2025-09-30,390.75,390.75,392.25,386.1499938964844,388.54998779296875,1686219
2025-10-01,395.04998779296875,395.04998779296875,396.3500061035156,390.1499938964844,391.8999938964844,1301811
2025-10-03,398.04998779296875,398.04998779296875,398.3500061035156,392.5,394.8999938964844,1614451
2025-10-06,399.95001220703125,399.95001220703125,402.75,395.75,398.0,1345884
2025-10-07,402.8500061035156,402.8500061035156,409.0,398.1000061035156,399.95001220703125,1830155
2025-10-08,398.3500061035156,398.3500061035156,405.20001220703125,396.0,402.79998779296875,1115813
2025-10-09,397.6000061035156,397.6000061035156,401.54998779296875,393.29998779296875,396.1000061035156,1559276
2025-10-10,400.6499938964844,400.6499938964844,403.6499938964844,393.0,393.0,1806878
2025-10-13,398.5,398.5,400.3500061035156,395.1000061035156,397.04998779296875,1045893
2025-10-14,393.1499938964844,393.1499938964844,401.29998779296875,390.1000061035156,401.29998779296875,1726707
2025-10-15,390.6000061035156,390.6000061035156,395.0,389.70001220703125,393.3999938964844,1604138
2025-10-16,397.8500061035156,397.8500061035156,398.8999938964844,390.6000061035156,390.6000061035156,1518275
2025-10-17,400.95001220703125,400.95001220703125,402.29998779296875,393.5,397.5,3180557
2025-10-20,398.8500061035156,398.8500061035156,402.79998779296875,397.6000061035156,400.0,1095093
2025-10-21,399.3500061035156,399.3500061035156,401.6000061035156,398.0,398.8999938964844,382337
2025-10-23,392.1499938964844,392.1499938964844,401.0,391.29998779296875,400.75,1844105
2025-10-24,388.70001220703125,388.70001220703125,393.79998779296875,387.79998779296875,392.0,2860401
2025-10-27,379.95001220703125,379.95001220703125,390.0,378.8999938964844,389.25,4173827
2025-10-28,380.70001220703125,380.70001220703125,383.95001220703125,378.5,380.70001220703125,3929437
2025-10-29,384.6000061035156,384.6000061035156,386.95001220703125,379.75,380.0,2270512
2025-10-30,383.04998779296875,383.04998779296875,385.8500061035156,377.6000061035156,385.29998779296875,3586392
2025-10-31,381.8999938964844,381.8999938964844,386.79998779296875,380.0,381.29998779296875,1778451
2025-11-03,383.29998779296875,383.29998779296875,385.70001220703125,380.95001220703125,382.0,1119862
2025-11-04,379.70001220703125,379.70001220703125,383.75,378.8999938964844,383.29998779296875,2127277
2025-11-05,379.70001220703125,379.70001220703125,379.70001220703125,379.70001220703125,379.70001220703125,0
2025-11-06,379.8500061035156,379.8500061035156,382.6499938964844,375.45001220703125,379.6499938964844,1515399
2025-11-07,377.3500061035156,377.3500061035156,379.95001220703125,374.75,377.8500061035156,1541187
2025-11-10,379.1000061035156,379.1000061035156,381.0,377.0,377.45001220703125,1153922
2025-11-11,377.0,377.0,380.29998779296875,375.8500061035156,379.0,1315238
2025-11-12,380.3999938964844,380.3999938964844,382.8999938964844,378.0,378.20001220703125,1335467
2025-11-13,379.70001220703125,379.70001220703125,381.8999938964844,378.3999938964844,380.3999938964844,1497531
2025-11-14,381.0,381.0,382.3999938964844,378.0,378.54998779296875,1724815
2025-11-17,382.70001220703125,382.70001220703125,386.79998779296875,377.0,377.0,3658302
2025-11-18,381.5,381.5,383.45001220703125,378.95001220703125,382.20001220703125,1771009
2025-11-19,380.8999938964844,380.8999938964844,383.0,379.3999938964844,381.5,1350329
2025-11-20,380.79998779296875,380.79998779296875,383.25,380.5,380.8999938964844,1277581
2025-11-21,375.3500061035156,375.3500061035156,380.3999938964844,374.3999938964844,379.5,1679144
2025-11-24,363.45001220703125,363.45001220703125,375.20001220703125,361.8500061035156,374.0,2308560
2025-11-25,361.8500061035156,361.8500061035156,366.1499938964844,361.0,363.0,1827850
2025-11-26,365.1499938964844,365.1499938964844,366.1499938964844,360.1000061035156,362.0,2430013
2025-11-27,368.3500061035156,368.3500061035156,369.3500061035156,364.0,368.0,1519975
2025-11-28,374.79998779296875,374.79998779296875,376.0,368.0,370.0,1779891
2025-12-01,380.1499938964844,380.1499938964844,381.0,374.79998779296875,375.6000061035156,1972475
2025-12-02,378.45001220703125,378.45001220703125,381.0,376.20001220703125,380.20001220703125,1257595
2025-12-03,372.6499938964844,372.6499938964844,378.6000061035156,370.29998779296875,377.5,2341225
2025-12-04,380.3500061035156,380.3500061035156,381.75,371.70001220703125,371.70001220703125,2191657
2025-12-05,380.1499938964844,380.1499938964844,380.75,375.8999938964844,380.29998779296875,921587
2025-12-08,373.25,373.25,380.3999938964844,370.5,377.75,2433202
2025-12-09,373.3999938964844,373.3999938964844,374.54998779296875,367.0,371.54998779296875,1172173
2025-12-10,370.3999938964844,370.3999938964844,375.25,368.0,373.5,1158840
2025-12-11,374.6000061035156,374.6000061035156,375.25,368.29998779296875,370.3999938964844,600684
2025-12-12,373.75,373.75,375.8999938964844,370.95001220703125,374.0,799876
2025-12-15,372.45001220703125,372.45001220703125,373.75,369.8999938964844,373.75,671306
2025-12-16,366.25,366.25,371.8999938964844,364.1000061035156,370.95001220703125,1326473
2025-12-17,363.79998779296875,363.79998779296875,366.3999938964844,361.5,366.0,878512
2025-12-18,359.04998779296875,359.04998779296875,363.70001220703125,357.20001220703125,363.0,1059419
2025-12-19,363.25,363.25,364.0,358.04998779296875,359.04998779296875,1661778
2025-12-22,366.25,366.25,369.1000061035156,363.6000061035156,363.95001220703125,1189170
2025-12-23,370.04998779296875,370.04998779296875,371.3999938964844,364.20001220703125,366.3500061035156,1257107
2025-12-24,367.1499938964844,367.1499938964844,372.95001220703125,365.5,370.04998779296875,686505
2025-12-25,367.1499938964844,367.1499938964844,367.1499938964844,367.1499938964844,367.1499938964844,0
2025-12-26,365.1499938964844,365.1499938964844,369.75,364.3500061035156,365.04998779296875,457109
2025-12-29,361.8999938964844,361.8999938964844,366.20001220703125,361.20001220703125,365.04998779296875,579834
2025-12-30,357.8500061035156,357.8500061035156,361.8500061035156,357.29998779296875,360.79998779296875,724713
2025-12-31,362.20001220703125,362.20001220703125,363.5,357.25,357.8500061035156,731453
2026-01-01,363.25,363.25,364.0,361.1000061035156,363.0,589837
2026-01-02,367.70001220703125,367.70001220703125,369.0,362.5,362.5,1083939
2026-01-05,367.29998779296875,367.29998779296875,375.70001220703125,365.3999938964844,368.20001220703125,2519704
2026-01-06,363.79998779296875,363.79998779296875,368.25,361.79998779296875,367.29998779296875,924558
2026-01-07,359.3999938964844,359.3999938964844,364.25,357.70001220703125,363.79998779296875,1115584
2026-01-08,352.79998779296875,352.79998779296875,361.8500061035156,351.5,359.5,1282301
2026-01-09,346.45001220703125,346.45001220703125,353.75,345.6000061035156,350.70001220703125,1105040
2026-01-12,349.70001220703125,349.70001220703125,350.75,340.0,345.0,2008447
2026-01-13,346.0,346.0,351.79998779296875,343.0,350.1000061035156,917928
2026-01-14,345.3500061035156,345.3500061035156,346.45001220703125,342.75,345.0,989702
2026-01-15,345.3500061035156,345.3500061035156,345.3500061035156,345.3500061035156,345.3500061035156,0
2026-01-16,344.1000061035156,344.1000061035156,348.95001220703125,343.45001220703125,345.3500061035156,879779
