date_,adj close_hscl.ns,close_hscl.ns,high_hscl.ns,low_hscl.ns,open_hscl.ns,volume_hscl.ns
2024-01-16,390.6253662109375,391.70001220703125,393.5,372.1000061035156,375.20001220703125,1635182
2024-01-17,375.91583251953125,376.95001220703125,388.75,375.0,383.75,862347
2024-01-18,374.9684143066406,376.0,381.0,358.1000061035156,377.0,732498
2024-01-19,373.0237731933594,374.04998779296875,381.45001220703125,370.0,376.70001220703125,534004
2024-01-23,363.6994323730469,364.70001220703125,376.6000061035156,357.0,374.0,870677
2024-01-24,363.9487609863281,364.95001220703125,368.0,358.1000061035156,361.1000061035156,1031573
2024-01-25,371.0791015625,372.1000061035156,377.0,361.0,366.6000061035156,351124
2024-01-29,369.23419189453125,370.25,378.70001220703125,367.29998779296875,373.6000061035156,483677
2024-01-30,364.54705810546875,365.54998779296875,373.5,365.1000061035156,372.1000061035156,380628
2024-01-31,373.32293701171875,374.3500061035156,379.0,366.0,366.0,488732
2024-02-01,369.5832214355469,370.6000061035156,378.1000061035156,368.6000061035156,376.95001220703125,438357
2024-02-02,369.23419189453125,370.25,372.1000061035156,366.1000061035156,372.1000061035156,467807
2024-02-05,366.5914611816406,367.6000061035156,370.5,362.0,370.0,575278
2024-02-06,372.8243103027344,373.8500061035156,375.0,366.0,369.04998779296875,619200
2024-02-07,378.1097717285156,379.1499938964844,389.8999938964844,374.0,374.0,598662
2024-02-08,370.58050537109375,371.6000061035156,389.29998779296875,370.1000061035156,389.29998779296875,322619
2024-02-09,368.13720703125,369.1499938964844,375.1000061035156,353.04998779296875,371.6000061035156,523553
2024-02-12,351.8819274902344,352.8500061035156,369.1499938964844,350.70001220703125,365.0,857421
2024-02-13,350.3361511230469,351.29998779296875,358.1000061035156,335.20001220703125,349.0,741049
2024-02-14,353.9761657714844,354.95001220703125,359.79998779296875,341.1000061035156,342.5,415731
2024-02-15,358.513671875,359.5,366.1000061035156,353.95001220703125,356.1000061035156,312784
2024-02-16,363.10107421875,364.1000061035156,369.95001220703125,356.04998779296875,361.6499938964844,421203
2024-02-19,361.7547607421875,362.75,369.0,358.8999938964844,367.0,372601
2024-02-20,363.35040283203125,364.3500061035156,365.8999938964844,360.04998779296875,365.6499938964844,256673
2024-02-21,361.4555969238281,362.45001220703125,366.0,359.1000061035156,365.8500061035156,289415
2024-02-22,361.206298828125,362.20001220703125,364.8999938964844,353.1000061035156,362.45001220703125,1244021
2024-02-23,364.8961181640625,365.8999938964844,369.0,356.5,363.1499938964844,406458
2024-02-26,365.1953125,366.20001220703125,373.0,361.0,369.0,826505
2024-02-27,364.995849609375,366.0,369.8999938964844,360.70001220703125,368.79998779296875,311326
2024-02-28,359.0123291015625,360.0,368.20001220703125,351.25,368.20001220703125,407992
2024-02-29,367.2895202636719,368.29998779296875,374.75,350.0,364.8999938964844,906162
2024-03-01,362.7021789550781,363.70001220703125,372.79998779296875,358.1000061035156,368.29998779296875,273529
2024-03-04,354.8238220214844,355.79998779296875,365.0,352.29998779296875,364.54998779296875,325785
2024-03-05,352.430419921875,353.3999938964844,358.0,351.20001220703125,355.0,230027
2024-03-06,341.06170654296875,342.0,353.3500061035156,336.0,350.1000061035156,660044
2024-03-07,332.9839172363281,333.8999938964844,341.95001220703125,332.0,341.95001220703125,633932
2024-03-11,316.32977294921875,317.20001220703125,333.0,317.20001220703125,333.0,725015
2024-03-12,300.5232238769531,301.3500061035156,310.8999938964844,301.3500061035156,301.3500061035156,825662
2024-03-13,285.5145263671875,286.29998779296875,294.95001220703125,286.29998779296875,286.29998779296875,744167
2024-03-14,299.7752685546875,300.6000061035156,300.6000061035156,272.0,272.0,938149
2024-03-15,314.38507080078125,315.25,315.6000061035156,301.25,312.0,1069686
2024-03-18,319.07220458984375,319.95001220703125,331.0,316.8500061035156,324.95001220703125,500351
2024-03-19,318.9225769042969,319.79998779296875,324.79998779296875,308.8999938964844,316.04998779296875,401069
2024-03-20,318.074951171875,318.95001220703125,327.0,305.04998779296875,321.0,485717
2024-03-21,314.4349365234375,315.29998779296875,326.8999938964844,315.0,321.5,288584
2024-03-22,313.3878479003906,314.25,319.8999938964844,310.54998779296875,319.79998779296875,340612
2024-03-26,308.2519836425781,309.1000061035156,317.8999938964844,307.6499938964844,316.0,703155
2024-03-27,307.404296875,308.25,314.8999938964844,295.0,310.95001220703125,1102219
2024-03-28,301.4706115722656,302.29998779296875,313.0,300.04998779296875,308.0,425761
2024-04-01,314.8338623046875,315.70001220703125,317.0,302.0,302.29998779296875,357267
2024-04-02,321.91436767578125,322.79998779296875,324.1499938964844,305.54998779296875,316.0,1058802
2024-04-03,336.02557373046875,336.95001220703125,338.0,315.0,322.79998779296875,541379
2024-04-04,333.53240966796875,334.45001220703125,348.20001220703125,332.0,342.3999938964844,295942
2024-04-05,334.429931640625,335.3500061035156,339.8999938964844,330.0,338.45001220703125,207975
2024-04-08,327.34942626953125,328.25,335.25,324.8999938964844,335.25,227272
2024-04-09,331.98663330078125,332.8999938964844,337.0,324.1499938964844,330.95001220703125,310860
2024-04-10,322.1636962890625,323.04998779296875,334.6499938964844,321.0,332.5,298488
2024-04-12,316.5291748046875,317.3999938964844,327.0,315.0,323.70001220703125,352304
2024-04-15,308.8004455566406,309.6499938964844,317.0,302.0,308.0,579928
2024-04-16,308.052490234375,308.8999938964844,314.8999938964844,303.0,303.1000061035156,455662
2024-04-18,320.96697998046875,321.8500061035156,324.29998779296875,312.79998779296875,314.0,744839
2024-04-19,332.6348876953125,333.54998779296875,337.6499938964844,310.3500061035156,320.0,1453688
2024-04-22,349.2392272949219,350.20001220703125,350.20001220703125,328.0,339.0,641393
2024-04-23,366.6911926269531,367.70001220703125,367.70001220703125,352.0,355.5,1064963
2024-04-24,359.7104187011719,360.70001220703125,385.0,356.0,374.0,716067
2024-04-25,366.5914611816406,367.6000061035156,372.0,362.0,372.0,271633
2024-04-26,370.2314453125,371.25,384.0,368.1000061035156,384.0,843375
2024-04-29,376.9130554199219,377.95001220703125,382.3500061035156,371.04998779296875,380.0,1391679
2024-04-30,373.9711608886719,375.0,382.20001220703125,369.20001220703125,379.20001220703125,1446458
2024-05-02,372.924072265625,373.95001220703125,380.5,372.25,377.1000061035156,812657
2024-05-03,374.5196533203125,375.54998779296875,381.0,370.0,374.1000061035156,1639508
2024-05-06,356.12030029296875,357.1000061035156,377.8999938964844,356.79998779296875,375.54998779296875,1083369
2024-05-07,365.6440734863281,366.6499938964844,369.54998779296875,344.8999938964844,346.29998779296875,1273838
2024-05-08,356.12030029296875,357.1000061035156,367.20001220703125,355.20001220703125,365.0,374840
2024-05-09,348.0923156738281,349.04998779296875,359.8999938964844,340.29998779296875,357.0,565340
2024-05-10,345.2002868652344,346.1499938964844,349.20001220703125,340.0,348.8999938964844,359847
2024-05-13,338.618408203125,339.54998779296875,348.54998779296875,330.0,346.1499938964844,422987
2024-05-14,349.8874206542969,350.8500061035156,355.1000061035156,340.04998779296875,342.20001220703125,588664
2024-05-15,354.4249267578125,355.3999938964844,359.8999938964844,353.0,355.0,681780
2024-05-16,347.5438537597656,348.5,357.75,347.5,357.75,270712
2024-05-17,348.0425109863281,349.0,352.29998779296875,346.70001220703125,352.0,196779
2024-05-21,362.95147705078125,363.95001220703125,366.04998779296875,347.0,353.75,1149875
2024-05-22,361.25616455078125,362.25,370.29998779296875,360.0,367.0,787783
2024-05-23,354.4249267578125,355.3999938964844,367.29998779296875,354.0,364.04998779296875,334668
2024-05-24,349.53839111328125,350.5,360.0,347.0,354.95001220703125,490810
2024-05-27,345.25018310546875,346.20001220703125,354.6000061035156,345.0,350.5,275245
2024-05-28,338.81787109375,339.75,349.1499938964844,335.95001220703125,346.20001220703125,342698
2024-05-29,340.01458740234375,340.95001220703125,347.0,337.5,337.5,371470
2024-05-30,329.6430969238281,330.54998779296875,343.1499938964844,327.95001220703125,341.0,366563
2024-05-31,331.98663330078125,332.8999938964844,341.20001220703125,331.0,334.29998779296875,451111
2024-06-03,340.01458740234375,340.95001220703125,348.95001220703125,337.29998779296875,348.95001220703125,554189
2024-06-04,323.0113525390625,323.8999938964844,341.54998779296875,323.8999938964844,340.95001220703125,743614
2024-06-05,323.2108154296875,324.1000061035156,331.29998779296875,307.70001220703125,307.70001220703125,1258853
2024-06-06,336.57403564453125,337.5,340.29998779296875,328.0,331.29998779296875,497421
2024-06-07,341.8174133300781,342.25,343.29998779296875,335.29998779296875,339.79998779296875,438553
2024-06-10,358.7460021972656,359.20001220703125,359.3500061035156,346.0,346.0,1465737
2024-06-11,353.352783203125,353.79998779296875,366.79998779296875,352.45001220703125,364.29998779296875,804108
2024-06-12,361.7921142578125,362.25,369.70001220703125,353.79998779296875,353.79998779296875,1221827
2024-06-13,360.3938903808594,360.8500061035156,366.0,356.0,364.29998779296875,511039
2024-06-14,361.44256591796875,361.8999938964844,372.0,358.8999938964844,364.29998779296875,812466
2024-06-18,363.3901062011719,363.8500061035156,368.0,361.29998779296875,364.1000061035156,636089
2024-06-19,381.51715087890625,382.0,382.0,365.79998779296875,365.79998779296875,2903722
2024-06-20,400.593017578125,401.1000061035156,401.1000061035156,390.0,394.0,2870001
2024-06-21,394.0013732910156,394.5,418.5,385.0,408.04998779296875,2958884
2024-06-24,391.6044006347656,392.1000061035156,397.29998779296875,382.0,392.0,1142413
2024-06-25,400.0936584472656,400.6000061035156,405.0,392.29998779296875,394.5,1415863
2024-06-26,392.9027404785156,393.3999938964844,404.79998779296875,391.20001220703125,400.6499938964844,993143
2024-06-27,389.1075744628906,389.6000061035156,396.95001220703125,382.20001220703125,388.20001220703125,1416207
2024-06-28,393.7017517089844,394.20001220703125,398.5,382.75,391.3999938964844,891247
2024-07-01,396.348388671875,396.8500061035156,401.29998779296875,393.0,398.95001220703125,851235
2024-07-02,400.6929016113281,401.20001220703125,412.1000061035156,394.20001220703125,399.95001220703125,1539361
2024-07-03,404.837646484375,405.3500061035156,415.0,403.3999938964844,406.5,1312309
2024-07-04,402.14105224609375,402.6499938964844,412.3999938964844,401.29998779296875,412.3999938964844,667226
2024-07-05,402.79022216796875,403.29998779296875,407.0,397.20001220703125,404.6000061035156,657931
2024-07-08,404.8875732421875,405.3999938964844,408.20001220703125,401.0,405.20001220703125,837718
2024-07-09,425.1119689941406,425.6499938964844,425.6499938964844,406.45001220703125,407.79998779296875,3023180
2024-07-10,432.3028869628906,432.8500061035156,442.8999938964844,406.54998779296875,430.0,3100267
2024-07-11,427.8585205078125,428.3999938964844,438.0,426.0,437.5,897241
2024-07-12,420.0683898925781,420.6000061035156,431.95001220703125,418.25,430.70001220703125,691345
2024-07-15,417.571533203125,418.1000061035156,424.3999938964844,412.5,424.3999938964844,784183
2024-07-16,431.9533386230469,432.5,439.0,419.0,419.70001220703125,3973242
2024-07-18,413.8262634277344,414.3500061035156,435.8999938964844,411.25,435.8999938964844,1544079
2024-07-19,400.24346923828125,400.75,415.25,395.3500061035156,414.3500061035156,1239244
2024-07-22,404.03863525390625,404.54998779296875,415.3999938964844,391.3500061035156,400.75,1028990
2024-07-23,408.28326416015625,408.79998779296875,412.0,384.3500061035156,407.8500061035156,955176
2024-07-24,408.4830322265625,409.0,418.0,405.0,409.70001220703125,577118
2024-07-25,401.9912414550781,402.5,408.3500061035156,401.0,407.0,404477
2024-07-26,422.06585693359375,422.6000061035156,422.6000061035156,403.8999938964844,403.8999938964844,1938950
2024-07-29,417.22198486328125,417.75,429.79998779296875,415.6000061035156,428.0,1053552
2024-07-30,430.05572509765625,430.6000061035156,433.04998779296875,420.8500061035156,420.8500061035156,4056597
2024-07-31,428.6575012207031,429.20001220703125,448.0,426.29998779296875,436.3999938964844,1859931
2024-08-01,447.1840515136719,447.75,450.6499938964844,427.6499938964844,432.25,3527943
2024-08-02,466.6593933105469,467.25,469.8999938964844,435.6000061035156,441.0,3204417
2024-08-05,452.0778503417969,452.6499938964844,465.95001220703125,443.8999938964844,465.95001220703125,3564772
2024-08-06,474.6492919921875,475.25,475.25,452.54998779296875,452.54998779296875,1710004
2024-08-07,476.79656982421875,477.3999938964844,491.3999938964844,463.8500061035156,487.5,2107696
2024-08-08,466.9090881347656,467.5,483.54998779296875,460.5,478.70001220703125,1129899
2024-08-09,475.54815673828125,476.1499938964844,482.6499938964844,458.0,475.0,1562220
2024-08-12,471.3534851074219,471.95001220703125,478.6000061035156,465.45001220703125,474.0,1250531
2024-08-13,453.3262634277344,453.8999938964844,475.3999938964844,450.54998779296875,473.95001220703125,1258840
2024-08-14,464.66192626953125,465.25,468.1000061035156,441.1000061035156,459.0,1606931
2024-08-16,464.3123779296875,464.8999938964844,471.0,458.0,469.0,777766
2024-08-19,487.63287353515625,488.25,494.04998779296875,467.0,467.0,2475011
2024-08-20,483.2384338378906,483.8500061035156,495.0,480.5,489.8999938964844,1162951
2024-08-21,482.93878173828125,483.54998779296875,488.0,480.5,484.0,551812
2024-08-22,483.0386657714844,483.6499938964844,492.0,480.8999938964844,483.5,953434
2024-08-23,526.4837036132812,527.1500244140625,530.0,480.5,484.0,6651290
2024-08-26,526.3837890625,527.0499877929688,539.7999877929688,511.0,530.0,4162997
2024-08-27,529.9793090820312,530.6500244140625,539.0,523.7999877929688,527.7999877929688,1975531
2024-08-28,531.6771240234375,532.3499755859375,535.75,526.0,532.7999877929688,1283931
2024-08-29,524.1366577148438,524.7999877929688,534.2000122070312,515.0999755859375,532.3499755859375,1066587
2024-08-30,522.588623046875,523.25,527.2999877929688,515.0,525.0999755859375,1235616
2024-09-02,521.4400634765625,522.0999755859375,556.0,520.0,524.2999877929688,4084617
2024-09-03,530.3787231445312,531.0499877929688,534.0,521.6500244140625,522.0999755859375,1426774
2024-09-04,531.2776489257812,531.9500122070312,539.7999877929688,523.0,525.0,1084031
2024-09-05,537.2201538085938,537.9000244140625,554.2999877929688,534.3499755859375,534.4000244140625,2075424
2024-09-06,529.1303100585938,529.7999877929688,542.4000244140625,526.25,540.5499877929688,936998
2024-09-09,529.5797729492188,530.25,533.9000244140625,511.20001220703125,522.0,1205611
2024-09-10,562.1385498046875,562.8499755859375,567.0,530.0999755859375,532.7000122070312,5161412
2024-09-11,559.5418701171875,560.25,578.5,554.0,564.0,3709777
2024-09-12,562.837646484375,563.5499877929688,569.0,547.6500244140625,561.9500122070312,1699992
2024-09-13,573.07470703125,573.7999877929688,578.0,557.2000122070312,564.2000122070312,2074000
2024-09-16,592.550048828125,593.2999877929688,599.7000122070312,578.1500244140625,582.0,3182937
2024-09-17,639.8402709960938,640.6500244140625,651.75,590.0499877929688,596.0,9342532
2024-09-18,660.813720703125,661.6500244140625,688.7000122070312,647.7000122070312,652.6500244140625,9042822
2024-09-19,659.1158447265625,659.9500122070312,668.0,632.0,663.0,4526145
2024-09-20,640.1898193359375,641.0,667.9000244140625,638.0,664.8499755859375,2608657
2024-09-23,646.0823364257812,646.9000244140625,653.0,636.2000122070312,644.0499877929688,1306626
2024-09-24,644.1348266601562,644.9500122070312,658.0,640.0499877929688,648.9000244140625,1046939
2024-09-25,659.265625,660.0999755859375,664.8499755859375,643.0,648.4000244140625,3142705
2024-09-26,656.0697021484375,656.9000244140625,681.25,652.0,664.0499877929688,4856900
2024-09-27,656.11962890625,656.9500122070312,666.0,648.1500244140625,664.0,1692472
2024-09-30,660.813720703125,661.6500244140625,670.5,640.7000122070312,657.0999755859375,3825963
2024-10-01,666.7561645507812,667.5999755859375,674.0,650.75,664.0,2443321
2024-10-03,643.5355224609375,644.3499755859375,661.4000244140625,632.0,639.0999755859375,2381053
2024-10-04,633.8478393554688,634.6500244140625,652.0,621.0,644.3499755859375,2484114
2024-10-07,598.4925537109375,599.25,639.75,595.0,636.0,2797469
2024-10-08,606.8319702148438,607.5999755859375,611.5,582.25,595.9500122070312,2721059
2024-10-09,628.2049560546875,629.0,639.9500122070312,611.0499877929688,611.0499877929688,1547241
2024-10-10,628.8541870117188,629.6500244140625,642.9500122070312,626.5999755859375,632.0,991961
2024-10-11,637.5430908203125,638.3499755859375,645.7000122070312,622.5499877929688,632.8499755859375,965009
2024-10-14,634.9464111328125,635.75,647.5,622.3499755859375,642.0999755859375,1118179
2024-10-15,648.3794555664062,649.2000122070312,654.0,632.0999755859375,638.5499877929688,1506332
2024-10-16,659.265625,660.0999755859375,665.9000244140625,646.3499755859375,652.0,2995445
2024-10-17,622.5121459960938,623.2999877929688,676.2000122070312,617.1500244140625,668.0,3139436
2024-10-18,619.1663818359375,619.9500122070312,632.0,601.0,613.1500244140625,1769282
2024-10-21,610.8768920898438,611.6500244140625,631.9500122070312,605.2000122070312,621.9500122070312,1793274
2024-10-22,574.1233520507812,574.8499755859375,611.2000122070312,570.2999877929688,610.0999755859375,1942458
2024-10-23,571.02734375,571.75,591.0,555.0999755859375,562.4500122070312,1655657
2024-10-24,577.768798828125,578.5,589.0,564.25,572.4500122070312,2608821
2024-10-25,552.1511840820312,552.8499755859375,579.7999877929688,547.0,577.0,2356297
2024-10-28,570.8775024414062,571.5999755859375,579.7999877929688,541.5499877929688,549.0,1634849
2024-10-29,567.4818115234375,568.2000122070312,577.7000122070312,558.2000122070312,566.0999755859375,785812
2024-10-30,566.7327880859375,567.4500122070312,576.5,564.0499877929688,567.0,537865
2024-10-31,572.32568359375,573.0499877929688,575.0,562.5,565.0499877929688,570233
2024-11-01,575.571533203125,576.2999877929688,580.0,570.4500122070312,573.0499877929688,217583
2024-11-04,559.0924072265625,559.7999877929688,578.5499877929688,553.5499877929688,576.8499755859375,640808
2024-11-05,585.9085083007812,586.6500244140625,594.0,554.0,556.0,1460253
2024-11-06,587.0570068359375,587.7999877929688,593.0,584.2000122070312,593.0,981899
2024-11-07,575.921142578125,576.6500244140625,597.7000122070312,575.0,590.75,570981
2024-11-08,553.3995971679688,554.0999755859375,578.8499755859375,550.0999755859375,576.0,680821
2024-11-11,543.262451171875,543.9500122070312,553.0,537.0499877929688,550.0,650019
2024-11-12,531.7770385742188,532.4500122070312,552.5,529.25,545.9500122070312,636320
2024-11-13,502.9634704589844,503.6000061035156,532.0,499.3500061035156,526.8499755859375,1579487
2024-11-14,497.120849609375,497.75,517.75,492.54998779296875,503.6000061035156,1276367
2024-11-18,497.7200927734375,498.3500061035156,509.75,472.0,497.75,1573000
2024-11-19,492.8262939453125,493.45001220703125,514.7000122070312,488.95001220703125,500.0,782127
2024-11-21,480.5418395996094,481.1499938964844,497.5,479.04998779296875,493.45001220703125,827883
2024-11-22,487.8326110839844,488.45001220703125,489.95001220703125,476.70001220703125,478.0,617313
2024-11-25,489.4305725097656,490.04998779296875,511.5,487.04998779296875,505.0,844071
2024-11-26,498.1195983886719,498.75,507.20001220703125,487.3500061035156,492.6499938964844,685697
2024-11-27,531.077880859375,531.75,537.0,493.25,503.95001220703125,2027335
2024-11-28,523.3875732421875,524.0499877929688,542.7999877929688,521.5,533.1500244140625,1117175
2024-11-29,526.4337158203125,527.0999755859375,530.8499755859375,514.5,525.9500122070312,683054
2024-12-02,533.6246337890625,534.2999877929688,540.5999755859375,519.2000122070312,525.0,898401
2024-12-03,539.4172973632812,540.0999755859375,551.7000122070312,534.5,536.1500244140625,753489
2024-12-04,553.0999755859375,553.7999877929688,557.7999877929688,540.0999755859375,542.7000122070312,966406
2024-12-05,570.2283325195312,570.9500122070312,577.0,553.2000122070312,557.5,1807331
2024-12-06,570.4281005859375,571.1500244140625,577.6500244140625,566.6500244140625,574.4000244140625,957238
2024-12-09,564.58544921875,565.2999877929688,578.5,563.2000122070312,573.8499755859375,892366
2024-12-10,564.6853637695312,565.4000244140625,570.0499877929688,553.0499877929688,570.0,587714
2024-12-11,568.2308959960938,568.9500122070312,570.9500122070312,562.0999755859375,567.5,449026
2024-12-12,564.7852172851562,565.5,570.5,552.25,569.0,664254
2024-12-13,561.2896728515625,562.0,566.9000244140625,547.8499755859375,565.0999755859375,789580
2024-12-16,555.8464965820312,556.5499877929688,567.5499877929688,555.0999755859375,560.8499755859375,388370
2024-12-17,550.9027709960938,551.5999755859375,567.4000244140625,549.0,554.9500122070312,1133487
2024-12-18,544.8104858398438,545.5,563.5,543.0499877929688,551.5999755859375,1074427
2024-12-19,540.6657104492188,541.3499755859375,550.5,530.2999877929688,538.2000122070312,640676
2024-12-20,546.1587524414062,546.8499755859375,551.0,536.9000244140625,543.7999877929688,1038123
2024-12-23,549.1549682617188,549.8499755859375,553.5,536.0499877929688,553.5,894879
2024-12-24,551.0526123046875,551.75,558.7999877929688,546.0499877929688,549.7999877929688,609512
2024-12-26,565.0848388671875,565.7999877929688,575.25,551.0,555.0,2023409
2024-12-27,572.225830078125,572.9500122070312,587.0,568.5,570.3499755859375,6286229
2024-12-30,587.6063232421875,588.3499755859375,591.9000244140625,568.25,581.5499877929688,2499019
2024-12-31,583.9609375,584.7000122070312,590.2000122070312,571.2000122070312,586.9500122070312,1374231
2025-01-01,580.5153198242188,581.25,589.5,577.5,589.5,618020
2025-01-02,586.7573852539062,587.5,594.2000122070312,579.5,582.0,901601
2025-01-03,590.8522338867188,591.5999755859375,606.5999755859375,587.0,588.0,1798871
2025-01-06,566.9325561523438,567.6500244140625,593.9000244140625,560.2999877929688,591.5999755859375,1394864
2025-01-07,569.0797729492188,569.7999877929688,575.9000244140625,558.25,562.0,1162220
2025-01-08,571.676513671875,572.4000244140625,579.9500122070312,559.2999877929688,571.0,854665
2025-01-09,578.3180541992188,579.0499877929688,585.9500122070312,567.0,570.8499755859375,1323737
2025-01-10,574.373046875,575.0999755859375,578.0,555.0999755859375,578.0,1202128
2025-01-13,545.9090576171875,546.5999755859375,570.0499877929688,539.2000122070312,568.7999877929688,1303239
2025-01-14,545.3598022460938,546.0499877929688,566.9500122070312,532.0499877929688,555.0,1508655
2025-01-15,539.3673706054688,540.0499877929688,558.5,536.0,550.0,692376
2025-01-16,542.61328125,543.2999877929688,553.25,542.0,544.8499755859375,381042
2025-01-17,535.4723510742188,536.1500244140625,548.9500122070312,533.3499755859375,544.7000122070312,381826
2025-01-20,539.46728515625,540.1500244140625,551.9500122070312,530.0999755859375,537.0,676106
2025-01-21,528.5311279296875,529.2000122070312,545.75,526.0,538.0,366996
2025-01-22,530.528564453125,531.2000122070312,536.0,515.7000122070312,529.0,858888
2025-01-23,531.7271118164062,532.4000244140625,539.2000122070312,522.5499877929688,528.0,255290
2025-01-24,513.4002685546875,514.0499877929688,538.1500244140625,505.95001220703125,532.75,510915
2025-01-27,481.4906311035156,482.1000061035156,507.95001220703125,479.0,505.0,707053
2025-01-28,461.06646728515625,461.6499938964844,487.3500061035156,444.0,483.6000061035156,1436413
2025-01-29,482.1897277832031,482.79998779296875,487.29998779296875,458.04998779296875,465.0,625342
2025-01-30,484.5367736816406,485.1499938964844,494.95001220703125,480.6499938964844,484.5,542915
2025-01-31,493.07598876953125,493.70001220703125,496.25,484.5,488.0,433475
2025-02-01,494.97357177734375,495.6000061035156,503.70001220703125,480.04998779296875,497.45001220703125,431237
2025-02-03,481.69036865234375,482.29998779296875,495.54998779296875,475.8500061035156,485.0,405053
2025-02-04,488.83135986328125,489.45001220703125,496.95001220703125,483.8999938964844,490.0,373712
2025-02-05,512.1018676757812,512.75,515.75,492.8500061035156,496.6000061035156,849201
2025-02-06,500.96600341796875,501.6000061035156,516.4500122070312,497.25,515.1500244140625,351516
2025-02-07,492.6764831542969,493.29998779296875,503.0,490.3500061035156,502.0,345408
2025-02-10,474.7491760253906,475.3500061035156,494.3500061035156,473.0,492.5,451635
2025-02-11,449.1815185546875,449.75,476.0,442.25,475.0,758656
2025-02-12,433.6012268066406,434.1499938964844,448.45001220703125,419.04998779296875,440.0,1303897
2025-02-13,438.59490966796875,439.1499938964844,452.6000061035156,432.3500061035156,437.0,567886
2025-02-14,413.1770935058594,413.70001220703125,443.0,404.54998779296875,440.95001220703125,1185198
2025-02-17,416.8724060058594,417.3999938964844,422.1000061035156,399.04998779296875,413.5,1044443
2025-02-18,414.1258850097656,414.6499938964844,421.3500061035156,397.1499938964844,416.3500061035156,1117898
2025-02-19,440.6922607421875,441.25,449.20001220703125,411.0,415.0,1573385
2025-02-20,447.8332214355469,448.3999938964844,455.79998779296875,436.3500061035156,440.0,697401
2025-02-21,456.3724365234375,456.95001220703125,459.29998779296875,441.0,448.3999938964844,628343
2025-02-24,446.1354064941406,446.70001220703125,453.70001220703125,436.0,436.0,621263
2025-02-25,433.6012268066406,434.1499938964844,456.3500061035156,432.0,448.0,472552
2025-02-27,421.266845703125,421.79998779296875,437.20001220703125,418.04998779296875,434.95001220703125,382163
2025-02-28,407.7339782714844,408.25,421.0,402.04998779296875,420.0,1152889
2025-03-03,398.09619140625,398.6000061035156,412.45001220703125,384.6000061035156,405.0,1339413
2025-03-04,409.98114013671875,410.5,414.0,391.54998779296875,391.95001220703125,1099505
2025-03-05,433.90087890625,434.45001220703125,436.5,411.0,411.0,1323418
2025-03-06,435.848388671875,436.3999938964844,447.0,433.95001220703125,440.0,524133
2025-03-07,434.2503967285156,434.79998779296875,442.8500061035156,429.6499938964844,434.0,598638
2025-03-10,410.6802673339844,411.20001220703125,443.3500061035156,410.04998779296875,437.0,737083
2025-03-11,405.73651123046875,406.25,413.25,403.54998779296875,405.0,705521
2025-03-12,404.1385192871094,404.6499938964844,416.20001220703125,399.75,409.25,625055
2025-03-13,401.0924072265625,401.6000061035156,412.1000061035156,398.8999938964844,409.54998779296875,618997
2025-03-17,401.49188232421875,402.0,410.45001220703125,400.0,400.04998779296875,719955
2025-03-18,401.49188232421875,402.0,402.0,402.0,402.0,0
2025-03-19,430.60504150390625,431.1499938964844,437.0,422.54998779296875,424.0,967613
2025-03-20,425.9109802246094,426.45001220703125,441.20001220703125,425.1000061035156,435.8999938964844,792061
2025-03-21,440.99188232421875,441.54998779296875,444.0,427.45001220703125,428.70001220703125,812456
2025-03-24,457.47100830078125,458.04998779296875,461.75,443.0,445.0,1000736
2025-03-25,432.3028869628906,432.8500061035156,464.0,430.1499938964844,461.1000061035156,1340736
2025-03-26,423.0146179199219,423.54998779296875,435.70001220703125,421.6499938964844,432.95001220703125,598568
2025-03-27,429.10693359375,429.6499938964844,438.29998779296875,422.29998779296875,426.95001220703125,1983615
2025-03-28,423.8136291503906,424.3500061035156,439.79998779296875,420.25,433.8999938964844,591009
2025-04-01,435.2991027832031,435.8500061035156,439.5,427.0,438.70001220703125,920562
2025-04-02,454.32501220703125,454.8999938964844,474.0,424.5,432.5,6114932
2025-04-03,455.7232360839844,456.29998779296875,467.6000061035156,451.20001220703125,451.20001220703125,1493317
2025-04-04,433.4514465332031,434.0,459.0,430.25,457.0,964363
2025-04-07,411.9286804199219,412.45001220703125,419.0,365.3500061035156,365.3500061035156,1258260
2025-04-08,412.42803955078125,412.95001220703125,431.95001220703125,412.1000061035156,422.3500061035156,596926
2025-04-09,408.13348388671875,408.6499938964844,415.1000061035156,405.0,412.95001220703125,430461
2025-04-11,436.2478942871094,436.79998779296875,439.6000061035156,416.20001220703125,425.3500061035156,2826734
2025-04-15,448.9318542480469,449.5,457.3999938964844,438.6000061035156,444.0,1387526
2025-04-16,443.28900146484375,443.8500061035156,457.54998779296875,442.0,453.3500061035156,908061
2025-04-17,462.4646911621094,463.04998779296875,468.5,443.1000061035156,444.3999938964844,1936237
2025-04-21,478.4444885253906,479.04998779296875,482.3999938964844,461.25,468.29998779296875,2674302
2025-04-22,480.39202880859375,481.0,503.8500061035156,479.0,494.0,4364436
2025-04-23,466.45965576171875,467.04998779296875,484.79998779296875,464.3999938964844,484.0,1360175
2025-04-24,465.4609069824219,466.04998779296875,472.75,463.1000061035156,470.0,773140
2025-04-25,455.1240234375,455.70001220703125,469.8999938964844,442.04998779296875,468.0,1540481
2025-04-28,451.5784912109375,452.1499938964844,460.75,445.20001220703125,456.0,672736
2025-04-29,460.96661376953125,461.54998779296875,468.0,450.5,452.1000061035156,1588282
2025-04-30,437.1467590332031,437.70001220703125,462.1499938964844,434.1000061035156,462.0,859662
2025-05-02,431.80352783203125,432.3500061035156,445.79998779296875,431.95001220703125,436.70001220703125,691197
2025-05-05,440.34271240234375,440.8999938964844,442.95001220703125,431.6499938964844,437.8999938964844,664077
2025-05-06,429.5563659667969,430.1000061035156,445.6000061035156,416.5,441.54998779296875,1211348
2025-05-07,424.8623046875,425.3999938964844,429.95001220703125,416.0,416.0,877651
2025-05-08,430.0057678222656,430.54998779296875,434.8999938964844,422.5,429.0,779913
2025-05-09,413.8262634277344,414.3500061035156,424.54998779296875,410.20001220703125,420.5,895585
2025-05-12,440.093017578125,440.6499938964844,447.0,428.1499938964844,430.0,1628718
2025-05-13,444.7371520996094,445.29998779296875,446.5,435.25,442.6499938964844,890427
2025-05-14,445.9855651855469,446.54998779296875,454.95001220703125,443.0,448.3500061035156,1121984
2025-05-15,451.87811279296875,452.45001220703125,456.5,445.29998779296875,449.70001220703125,778765
2025-05-16,461.316162109375,461.8999938964844,464.3999938964844,450.54998779296875,453.70001220703125,772741
2025-05-19,462.6145324707031,463.20001220703125,471.5,457.04998779296875,464.0,1129296
2025-05-20,462.4646911621094,463.04998779296875,466.20001220703125,457.79998779296875,464.95001220703125,695679
2025-05-21,464.51214599609375,465.1000061035156,467.0,454.0,462.0,541906
2025-05-22,474.1000061035156,474.70001220703125,481.20001220703125,461.79998779296875,467.8999938964844,2445671
2025-05-23,474.20001220703125,474.20001220703125,477.8999938964844,467.04998779296875,477.8999938964844,699549
2025-05-26,477.25,477.25,481.3999938964844,472.8999938964844,478.1000061035156,816574
2025-05-27,479.1000061035156,479.1000061035156,481.75,473.25,477.25,690094
2025-05-28,476.1499938964844,476.1499938964844,484.95001220703125,474.6499938964844,479.0,636255
2025-05-29,476.1000061035156,476.1000061035156,478.79998779296875,473.1000061035156,475.29998779296875,299833
2025-05-30,472.3999938964844,472.3999938964844,478.3999938964844,468.70001220703125,476.1000061035156,427907
2025-06-02,464.29998779296875,464.29998779296875,474.25,462.75,469.95001220703125,531679
2025-06-03,472.8500061035156,472.8500061035156,487.0,465.1000061035156,465.1000061035156,2159393
2025-06-04,482.3500061035156,482.3500061035156,486.5,467.5,474.75,925018
2025-06-05,497.29998779296875,497.29998779296875,502.8999938964844,482.04998779296875,485.0,3225667
2025-06-06,496.3999938964844,496.3999938964844,505.0,493.6000061035156,500.0,1564229
2025-06-09,497.29998779296875,497.29998779296875,500.8500061035156,490.45001220703125,499.0,659206
2025-06-10,490.3500061035156,490.3500061035156,503.25,488.0,500.3999938964844,800892
2025-06-11,487.20001220703125,487.20001220703125,496.70001220703125,481.8500061035156,491.95001220703125,648508
2025-06-12,476.6000061035156,476.6000061035156,493.8999938964844,474.5,491.54998779296875,664475
2025-06-13,469.45001220703125,469.45001220703125,475.54998779296875,462.0,462.0,705144
2025-06-16,469.1499938964844,469.1499938964844,471.95001220703125,456.0,464.95001220703125,740382
2025-06-17,457.8999938964844,457.8999938964844,472.3999938964844,456.04998779296875,472.3999938964844,512009
2025-06-18,450.45001220703125,450.45001220703125,465.0,448.54998779296875,457.8999938964844,795143
2025-06-19,437.8999938964844,437.8999938964844,459.8999938964844,435.29998779296875,449.20001220703125,989839
2025-06-20,439.5,439.5,450.5,436.1000061035156,437.5,2304809
2025-06-23,440.75,440.75,444.0,437.3999938964844,440.1000061035156,575850
2025-06-24,440.04998779296875,440.04998779296875,449.1000061035156,438.0,445.0,745782
2025-06-25,452.6499938964844,452.6499938964844,456.5,445.1499938964844,448.75,1245565
2025-06-26,448.95001220703125,448.95001220703125,457.0,447.1000061035156,454.5,615381
2025-06-27,505.1499938964844,505.1499938964844,527.5,449.25,451.8999938964844,54673090
2025-06-30,517.7999877929688,517.7999877929688,523.5999755859375,506.04998779296875,506.5,12957025
2025-07-01,502.8999938964844,502.8999938964844,521.7999877929688,500.6000061035156,518.9500122070312,3055208
2025-07-02,493.95001220703125,493.95001220703125,506.95001220703125,492.0,503.0,1751929
2025-07-03,503.70001220703125,503.70001220703125,508.70001220703125,489.3999938964844,495.8999938964844,3839179
2025-07-04,499.3500061035156,499.3500061035156,505.3999938964844,495.5,505.0,1096682
2025-07-07,491.04998779296875,491.04998779296875,504.5,486.1000061035156,500.0,1113131
2025-07-08,493.0,493.0,500.54998779296875,483.5,490.70001220703125,1248284
2025-07-09,509.95001220703125,509.95001220703125,518.75,493.20001220703125,495.0,6252613
2025-07-10,510.04998779296875,510.04998779296875,518.0,507.1000061035156,512.0,1640122
2025-07-11,499.20001220703125,499.20001220703125,512.5999755859375,495.70001220703125,509.5,1002828
2025-07-14,516.6500244140625,516.6500244140625,520.7999877929688,496.6000061035156,499.20001220703125,2122303
2025-07-15,513.0999755859375,513.0999755859375,534.4500122070312,508.25,520.0,8008377
2025-07-16,514.1500244140625,514.1500244140625,521.7000122070312,510.5,518.0,1745805
2025-07-17,517.7000122070312,517.7000122070312,522.5,513.0,516.7000122070312,1368241
2025-07-18,513.9500122070312,513.9500122070312,521.0,512.0,519.9000244140625,912845
2025-07-21,510.20001220703125,510.20001220703125,518.9000244140625,505.95001220703125,514.0,954467
2025-07-22,513.1500244140625,513.1500244140625,522.5,508.54998779296875,518.0,1101892
2025-07-23,514.8499755859375,514.8499755859375,518.9000244140625,506.79998779296875,516.7999877929688,1180014
2025-07-24,513.0,513.0,527.9000244140625,510.3500061035156,519.4500122070312,1819589
2025-07-25,498.3500061035156,498.3500061035156,513.9500122070312,494.0,513.0,924986
2025-07-28,481.1000061035156,481.1000061035156,498.8500061035156,480.0,496.0,1188611
2025-07-29,486.5,486.5,492.5,478.3999938964844,483.3999938964844,1261123
2025-07-30,478.8999938964844,478.8999938964844,491.25,476.70001220703125,489.25,644579
2025-07-31,473.04998779296875,473.04998779296875,480.5,469.3500061035156,477.95001220703125,613536
2025-08-01,462.75,462.75,474.8999938964844,461.0,472.95001220703125,719102
2025-08-04,474.8500061035156,474.8500061035156,479.0,458.6000061035156,463.95001220703125,888341
2025-08-05,471.3500061035156,471.3500061035156,482.5,468.5,475.8999938964844,660300
2025-08-06,456.8500061035156,456.8500061035156,474.25,454.1499938964844,471.3500061035156,1385714
2025-08-07,451.0,451.0,464.5,447.6000061035156,452.45001220703125,1051180
2025-08-08,449.3500061035156,449.3500061035156,457.8500061035156,445.70001220703125,451.6499938964844,591238
2025-08-11,446.45001220703125,446.45001220703125,449.8999938964844,440.54998779296875,446.1000061035156,590227
2025-08-12,469.29998779296875,469.29998779296875,480.8999938964844,447.75,448.70001220703125,5568591
2025-08-13,473.70001220703125,473.70001220703125,480.5,469.29998779296875,471.5,1121497
2025-08-14,466.6499938964844,466.6499938964844,475.8999938964844,465.0,474.6499938964844,574253
2025-08-18,471.04998779296875,471.04998779296875,475.79998779296875,468.04998779296875,475.0,494532
2025-08-19,480.1000061035156,480.1000061035156,482.0,469.75,471.0,820449
2025-08-20,477.6000061035156,477.6000061035156,484.70001220703125,474.45001220703125,480.0,525981
2025-08-21,478.29998779296875,478.29998779296875,482.8999938964844,474.25,477.0,632303
2025-08-22,469.45001220703125,469.45001220703125,478.6000061035156,466.0,474.0,489454
2025-08-25,466.1499938964844,466.1499938964844,475.70001220703125,465.0,470.20001220703125,504416
2025-08-26,455.6000061035156,455.6000061035156,469.1499938964844,449.0,465.0,583323
2025-08-28,450.70001220703125,450.70001220703125,459.8500061035156,449.1000061035156,454.8999938964844,497097
2025-08-29,445.8999938964844,445.8999938964844,456.0,444.45001220703125,452.79998779296875,494580
2025-09-01,452.6499938964844,452.6499938964844,456.79998779296875,447.3999938964844,447.3999938964844,498339
2025-09-02,461.75,461.75,467.79998779296875,454.0,454.79998779296875,776704
2025-09-03,464.54998779296875,464.54998779296875,467.5,459.0,462.0,414509
2025-09-04,457.20001220703125,457.20001220703125,471.45001220703125,455.95001220703125,468.1499938964844,385660
2025-09-05,454.79998779296875,454.79998779296875,461.95001220703125,451.1000061035156,457.29998779296875,511841
2025-09-08,452.3500061035156,452.3500061035156,460.0,451.29998779296875,456.8999938964844,333433
2025-09-09,450.5,450.5,457.04998779296875,449.1499938964844,454.3999938964844,315167
2025-09-10,468.3999938964844,468.3999938964844,490.0,452.6499938964844,452.6499938964844,5457521
2025-09-11,474.95001220703125,474.95001220703125,478.04998779296875,465.5,474.8999938964844,950599
2025-09-12,469.70001220703125,469.70001220703125,476.79998779296875,465.95001220703125,474.95001220703125,834775
2025-09-15,466.0,466.0,472.3500061035156,465.0,469.0,924771
2025-09-16,463.75,463.75,469.25,462.5,467.70001220703125,607817
2025-09-17,467.8999938964844,467.8999938964844,474.3999938964844,464.04998779296875,465.95001220703125,1101940
2025-09-18,469.8500061035156,469.8500061035156,477.0,464.3999938964844,468.3999938964844,842844
2025-09-19,467.04998779296875,467.04998779296875,474.8999938964844,465.5,469.95001220703125,1150095
2025-09-22,455.20001220703125,455.20001220703125,466.3500061035156,452.8500061035156,465.0,905726
2025-09-23,451.6499938964844,451.6499938964844,460.79998779296875,450.0,455.5,592276
2025-09-24,467.8500061035156,467.8500061035156,487.79998779296875,445.54998779296875,453.0,25572771
2025-09-25,462.29998779296875,462.29998779296875,474.75,459.29998779296875,468.29998779296875,3673359
2025-09-26,452.5,452.5,461.6000061035156,450.20001220703125,460.95001220703125,929376
2025-09-29,447.6000061035156,447.6000061035156,457.5,445.3500061035156,454.25,826365
2025-09-30,440.54998779296875,440.54998779296875,452.8999938964844,438.0,448.8999938964844,879460
2025-10-01,448.25,448.25,450.0,442.5,442.5,828213
2025-10-03,451.5,451.5,454.6499938964844,448.25,449.3500061035156,617902
2025-10-06,456.79998779296875,456.79998779296875,464.3999938964844,447.95001220703125,452.8999938964844,1513272
2025-10-07,461.70001220703125,461.70001220703125,465.79998779296875,454.20001220703125,460.0,1499677
2025-10-08,461.79998779296875,461.79998779296875,470.5,458.79998779296875,461.6000061035156,980323
2025-10-09,452.75,452.75,462.79998779296875,450.0,461.25,816186
2025-10-10,455.5,455.5,460.0,451.04998779296875,452.8999938964844,795803
2025-10-13,467.95001220703125,467.95001220703125,469.79998779296875,452.20001220703125,455.0,2401012
2025-10-14,466.04998779296875,466.04998779296875,474.45001220703125,463.5,469.1000061035156,1252758
2025-10-15,471.8999938964844,471.8999938964844,474.5,464.6000061035156,466.3999938964844,1880582
2025-10-16,467.8999938964844,467.8999938964844,477.3500061035156,466.54998779296875,473.0,1423818
2025-10-17,456.29998779296875,456.29998779296875,469.54998779296875,452.6499938964844,468.79998779296875,1174656
2025-10-20,460.0,460.0,464.75,441.8999938964844,455.0,3169271
2025-10-21,467.8500061035156,467.8500061035156,472.70001220703125,462.0,464.0,727994
2025-10-23,470.70001220703125,470.70001220703125,473.29998779296875,464.04998779296875,468.6000061035156,1798108
2025-10-24,471.8999938964844,471.8999938964844,478.29998779296875,466.29998779296875,470.75,1060280
2025-10-27,474.1000061035156,474.1000061035156,475.0,468.04998779296875,471.8500061035156,1563649
2025-10-28,474.29998779296875,474.29998779296875,478.0,471.0,473.1000061035156,1907906
2025-10-29,485.75,485.75,488.6000061035156,473.0,474.0,2732080
2025-10-30,486.0,486.0,494.3999938964844,483.79998779296875,488.0,1715222
2025-10-31,482.25,482.25,489.0,478.0,485.0,1264457
2025-11-03,475.6499938964844,475.6499938964844,486.6000061035156,473.5,481.0,576417
2025-11-04,462.54998779296875,462.54998779296875,474.95001220703125,461.0,473.0,584907
2025-11-05,462.54998779296875,462.54998779296875,462.54998779296875,462.54998779296875,462.54998779296875,0
2025-11-06,456.29998779296875,456.29998779296875,465.0,455.0,462.54998779296875,535636
2025-11-07,452.70001220703125,452.70001220703125,458.1499938964844,449.0,454.79998779296875,572943
2025-11-10,451.3999938964844,451.3999938964844,456.29998779296875,450.0,453.0,328457
2025-11-11,459.20001220703125,459.20001220703125,461.70001220703125,450.04998779296875,452.04998779296875,602940
2025-11-12,459.79998779296875,459.79998779296875,463.75,457.1499938964844,462.79998779296875,429885
2025-11-13,456.6000061035156,456.6000061035156,464.20001220703125,456.0,459.75,360870
2025-11-14,454.6000061035156,454.6000061035156,460.04998779296875,453.25,456.0,462167
2025-11-17,456.25,456.25,458.75,453.3500061035156,454.0,297595
2025-11-18,450.54998779296875,450.54998779296875,457.29998779296875,450.0,456.8999938964844,280338
2025-11-19,451.54998779296875,451.54998779296875,454.3999938964844,447.70001220703125,450.5,321668
2025-11-20,446.25,446.25,453.75,442.5,453.04998779296875,455094
2025-11-21,440.54998779296875,440.54998779296875,447.79998779296875,439.0,444.75,440598
2025-11-24,422.0,422.0,441.25,418.5,440.0,1206778
2025-11-25,440.6499938964844,440.6499938964844,449.70001220703125,425.0,425.0,7407896
2025-11-26,446.45001220703125,446.45001220703125,448.0,434.3500061035156,440.70001220703125,785002
2025-11-27,445.1499938964844,445.1499938964844,450.70001220703125,442.20001220703125,448.6000061035156,446171
2025-11-28,437.6000061035156,437.6000061035156,445.1499938964844,436.0,445.1499938964844,368662
2025-12-01,437.29998779296875,437.29998779296875,442.95001220703125,435.1000061035156,438.5,335648
2025-12-02,433.6499938964844,433.6499938964844,439.20001220703125,432.04998779296875,438.79998779296875,401437
2025-12-03,449.54998779296875,449.54998779296875,454.0,433.3999938964844,434.1000061035156,3012879
2025-12-04,462.3500061035156,462.3500061035156,469.5,445.25,447.6499938964844,3599088
2025-12-05,476.75,476.75,483.0,460.25,462.3500061035156,9501190
2025-12-08,462.25,462.25,475.3999938964844,458.54998779296875,471.0,1888468
2025-12-09,457.1000061035156,457.1000061035156,461.20001220703125,452.3500061035156,458.70001220703125,1038584
2025-12-10,463.5,463.5,471.5,456.5,456.5,1565464
2025-12-11,459.25,459.25,464.25,455.3999938964844,462.0,705651
2025-12-12,465.54998779296875,465.54998779296875,474.3999938964844,461.5,462.0,864587
2025-12-15,476.8500061035156,476.8500061035156,478.29998779296875,463.0,466.8500061035156,1192994
2025-12-16,470.1000061035156,470.1000061035156,476.29998779296875,469.0,474.5,501080
2025-12-17,465.1499938964844,465.1499938964844,472.20001220703125,463.6000061035156,470.1000061035156,602016
2025-12-18,463.1499938964844,463.1499938964844,467.0,460.20001220703125,462.5,473792
2025-12-19,478.3500061035156,478.3500061035156,480.75,459.1000061035156,466.0,1170689
2025-12-22,483.20001220703125,483.20001220703125,488.3999938964844,473.0,479.79998779296875,957608
2025-12-23,481.75,481.75,491.5,480.0,486.0,1256839
2025-12-24,482.8999938964844,482.8999938964844,485.5,477.3500061035156,479.0,928093
2025-12-25,482.8999938964844,482.8999938964844,482.8999938964844,482.8999938964844,482.8999938964844,0
2025-12-26,482.54998779296875,482.54998779296875,494.3500061035156,481.0,482.8999938964844,1132003
2025-12-29,482.25,482.25,488.5,475.1499938964844,485.0,809950
2025-12-30,489.25,489.25,491.5,476.5,481.0,1432828
2025-12-31,487.8500061035156,487.8500061035156,493.3999938964844,485.3500061035156,490.1000061035156,897666
2026-01-01,485.3999938964844,485.3999938964844,490.20001220703125,484.0,487.75,297411
2026-01-02,494.0,494.0,497.04998779296875,486.5,487.3999938964844,1213228
2026-01-05,489.70001220703125,489.70001220703125,498.79998779296875,486.95001220703125,491.8500061035156,997134
2026-01-06,479.95001220703125,479.95001220703125,491.20001220703125,477.6000061035156,490.0,735637
2026-01-07,481.45001220703125,481.45001220703125,486.0,477.3999938964844,481.54998779296875,602997
2026-01-08,476.75,476.75,484.8999938964844,471.70001220703125,479.5,620164
2026-01-09,470.8999938964844,470.8999938964844,479.70001220703125,467.5,478.25,733933
2026-01-12,471.0,471.0,473.0,457.25,469.0,1331742
2026-01-13,473.95001220703125,473.95001220703125,482.5,472.0,472.0,466757
2026-01-14,470.3500061035156,470.3500061035156,476.6499938964844,466.79998779296875,473.8999938964844,534266
2026-01-15,470.3500061035156,470.3500061035156,470.3500061035156,470.3500061035156,470.3500061035156,0
2026-01-16,472.70001220703125,472.70001220703125,481.0,470.25,472.6000061035156,1022265
