date_,adj close_industower.ns,close_industower.ns,high_industower.ns,low_industower.ns,open_industower.ns,volume_industower.ns
2024-01-16,219.5,219.5,222.25,213.3000030517578,222.1999969482422,13370944
2024-01-17,211.25,211.25,218.6999969482422,209.3000030517578,215.89999389648438,12467379
2024-01-18,215.9499969482422,215.9499969482422,219.0,206.0,212.10000610351562,20306069
2024-01-19,220.35000610351562,220.35000610351562,221.89999389648438,215.85000610351562,217.89999389648438,14521093
2024-01-23,217.10000610351562,217.10000610351562,225.39999389648438,215.8000030517578,216.1999969482422,15110861
2024-01-24,229.9499969482422,229.9499969482422,236.0,219.0,224.89999389648438,45883653
2024-01-25,225.4499969482422,225.4499969482422,233.4499969482422,221.1999969482422,232.25,16159229
2024-01-29,232.25,232.25,233.9499969482422,226.10000610351562,227.0,11621907
2024-01-30,229.9499969482422,229.9499969482422,234.85000610351562,228.64999389648438,234.0500030517578,13591981
2024-01-31,221.9499969482422,221.9499969482422,230.75,220.6999969482422,230.10000610351562,13074866
2024-02-01,219.0,219.0,223.4499969482422,210.8000030517578,215.0,179433641
2024-02-02,216.14999389648438,216.14999389648438,222.39999389648438,215.5,221.35000610351562,20610570
2024-02-05,214.5,214.5,218.1999969482422,213.14999389648438,216.5,12688736
2024-02-06,221.0,221.0,222.8000030517578,213.14999389648438,215.0500030517578,21232928
2024-02-07,225.64999389648438,225.64999389648438,226.5500030517578,215.0,224.0,31399900
2024-02-08,227.60000610351562,227.60000610351562,230.39999389648438,225.0,226.8000030517578,22948763
2024-02-09,226.14999389648438,226.14999389648438,229.0500030517578,217.9499969482422,228.89999389648438,19574909
2024-02-12,213.5500030517578,213.5500030517578,226.39999389648438,210.35000610351562,226.39999389648438,12889298
2024-02-13,209.39999389648438,209.39999389648438,214.5,206.35000610351562,213.5,16041187
2024-02-14,215.9499969482422,215.9499969482422,218.6999969482422,207.0,207.64999389648438,12948046
2024-02-15,221.25,221.25,223.64999389648438,216.5500030517578,217.9499969482422,17812731
2024-02-16,220.5500030517578,220.5500030517578,224.8000030517578,218.9499969482422,221.85000610351562,7867687
2024-02-19,223.1999969482422,223.1999969482422,228.0,220.60000610351562,222.0500030517578,14359432
2024-02-20,221.39999389648438,221.39999389648438,225.0,219.39999389648438,223.25,10004050
2024-02-21,218.85000610351562,218.85000610351562,225.85000610351562,216.89999389648438,223.0,11554309
2024-02-22,225.14999389648438,225.14999389648438,226.10000610351562,217.5,220.5,11796419
2024-02-23,241.14999389648438,241.14999389648438,245.5,231.10000610351562,231.64999389648438,77810544
2024-02-26,246.35000610351562,246.35000610351562,252.89999389648438,243.3000030517578,245.0,47416676
2024-02-27,240.25,240.25,250.39999389648438,239.10000610351562,247.0,19963258
2024-02-28,244.64999389648438,244.64999389648438,250.39999389648438,234.5,240.5,54016111
2024-02-29,252.8000030517578,252.8000030517578,255.1999969482422,240.39999389648438,244.0,32290220
2024-03-01,263.1000061035156,263.1000061035156,264.1499938964844,246.4499969482422,252.8000030517578,37746325
2024-03-04,268.1000061035156,268.1000061035156,269.79998779296875,263.3999938964844,265.54998779296875,12237066
2024-03-05,261.45001220703125,261.45001220703125,271.3500061035156,260.3999938964844,267.45001220703125,16010730
2024-03-06,252.9499969482422,252.9499969482422,261.0,246.0,261.0,24899815
2024-03-07,255.39999389648438,255.39999389648438,258.3500061035156,252.5500030517578,254.1999969482422,9619303
2024-03-11,247.4499969482422,247.4499969482422,255.1999969482422,246.39999389648438,254.0,8073625
2024-03-12,247.1999969482422,247.1999969482422,250.5500030517578,241.6999969482422,249.0500030517578,10111209
2024-03-13,236.39999389648438,236.39999389648438,249.5500030517578,231.3000030517578,248.0,16039868
2024-03-14,245.6999969482422,245.6999969482422,247.85000610351562,227.25,234.85000610351562,15267590
2024-03-15,248.35000610351562,248.35000610351562,252.39999389648438,241.1999969482422,244.1999969482422,14024872
2024-03-18,248.5,248.5,251.0,245.85000610351562,249.8000030517578,5938154
2024-03-19,238.25,238.25,251.60000610351562,234.0,249.0,30394055
2024-03-20,250.6999969482422,250.6999969482422,252.1999969482422,241.5500030517578,242.0,30243183
2024-03-21,250.1999969482422,250.1999969482422,254.8000030517578,249.35000610351562,253.0,9360207
2024-03-22,271.29998779296875,271.29998779296875,275.20001220703125,250.1999969482422,250.5,33142623
2024-03-26,283.6499938964844,283.6499938964844,286.0,274.3999938964844,279.0,51320717
2024-03-27,283.6000061035156,283.6000061035156,286.75,279.3500061035156,283.6499938964844,15903523
2024-03-28,291.1499938964844,291.1499938964844,292.75,283.25,283.6000061035156,20460251
2024-04-01,315.20001220703125,315.20001220703125,319.5,292.1499938964844,294.8999938964844,40267500
2024-04-02,304.75,304.75,314.5,303.6499938964844,314.5,18843574
2024-04-03,300.54998779296875,300.54998779296875,307.3999938964844,298.3999938964844,304.79998779296875,21197899
2024-04-04,306.6000061035156,306.6000061035156,310.0,301.54998779296875,304.04998779296875,13875200
2024-04-05,314.0,314.0,321.54998779296875,302.1000061035156,305.95001220703125,21960872
2024-04-08,327.79998779296875,327.79998779296875,331.5,315.95001220703125,316.5,28736885
2024-04-09,328.0,328.0,331.0,324.20001220703125,328.5,13705541
2024-04-10,326.70001220703125,326.70001220703125,330.0,317.1499938964844,325.0,17295594
2024-04-12,328.04998779296875,328.04998779296875,336.0,323.70001220703125,331.8999938964844,20855397
2024-04-15,334.54998779296875,334.54998779296875,337.75,322.25,322.3500061035156,15430900
2024-04-16,332.5,332.5,339.1499938964844,326.45001220703125,336.79998779296875,14995680
2024-04-18,344.3999938964844,344.3999938964844,353.8500061035156,335.0,335.5,40001173
2024-04-19,351.3999938964844,351.3999938964844,359.5,336.8500061035156,342.04998779296875,40376246
2024-04-22,349.79998779296875,349.79998779296875,355.25,341.6499938964844,352.0,18832015
2024-04-23,359.5,359.5,366.54998779296875,356.8500061035156,359.8500061035156,27662734
2024-04-24,348.3500061035156,348.3500061035156,364.0,346.8500061035156,363.20001220703125,20859429
2024-04-25,351.6499938964844,351.6499938964844,356.79998779296875,345.20001220703125,349.0,15367285
2024-04-26,353.29998779296875,353.29998779296875,355.45001220703125,348.6000061035156,352.0,11226725
2024-04-29,352.0,352.0,354.8999938964844,343.8500061035156,352.0,14121040
2024-04-30,354.79998779296875,354.79998779296875,360.5,352.54998779296875,353.0,15377757
2024-05-02,352.95001220703125,352.95001220703125,363.6000061035156,348.45001220703125,359.0,19136966
2024-05-03,350.95001220703125,350.95001220703125,358.3500061035156,347.6499938964844,353.5,14060465
2024-05-06,351.1499938964844,351.1499938964844,356.0,345.45001220703125,353.79998779296875,7702154
2024-05-07,338.20001220703125,338.20001220703125,348.79998779296875,335.5,347.0,12770435
2024-05-08,337.29998779296875,337.29998779296875,342.1499938964844,333.75,336.0,9756671
2024-05-09,327.8500061035156,327.8500061035156,341.3500061035156,325.8500061035156,338.29998779296875,6656525
2024-05-10,330.54998779296875,330.54998779296875,332.75,322.6499938964844,324.8500061035156,6438304
2024-05-13,328.29998779296875,328.29998779296875,332.25,321.25,329.0,6016682
2024-05-14,339.5,339.5,342.0,328.04998779296875,330.25,8910910
2024-05-15,341.79998779296875,341.79998779296875,347.8999938964844,340.0,342.45001220703125,9691825
2024-05-16,341.0,341.0,343.79998779296875,337.54998779296875,342.70001220703125,6688038
2024-05-17,344.45001220703125,344.45001220703125,349.0,342.5,343.3999938964844,8269010
2024-05-21,339.04998779296875,339.04998779296875,347.54998779296875,338.1499938964844,347.0,7533289
2024-05-22,339.5,339.5,345.25,336.75,342.5,8139260
2024-05-23,343.79998779296875,343.79998779296875,347.6499938964844,340.1499938964844,341.6499938964844,6693276
2024-05-24,346.70001220703125,346.70001220703125,356.45001220703125,343.04998779296875,346.1499938964844,22371674
2024-05-27,342.75,342.75,352.0,340.79998779296875,347.0,7873067
2024-05-28,341.3999938964844,341.3999938964844,350.95001220703125,340.04998779296875,346.0,10680935
2024-05-29,340.95001220703125,340.95001220703125,345.29998779296875,340.25,343.0,6954616
2024-05-30,343.75,343.75,346.3999938964844,338.70001220703125,340.79998779296875,10307057
2024-05-31,348.1499938964844,348.1499938964844,350.70001220703125,342.0,347.20001220703125,110651268
2024-06-03,364.0,364.0,369.8999938964844,341.70001220703125,360.5,29686486
2024-06-04,307.95001220703125,307.95001220703125,363.0,292.0,363.0,28901481
2024-06-05,332.70001220703125,332.70001220703125,335.79998779296875,309.25,319.29998779296875,14300262
2024-06-06,339.3500061035156,339.3500061035156,344.95001220703125,334.5,335.0,8216145
2024-06-07,347.1499938964844,347.1499938964844,351.3999938964844,337.1000061035156,338.04998779296875,10966598
2024-06-10,348.1499938964844,348.1499938964844,352.5,344.45001220703125,347.1499938964844,5450324
2024-06-11,347.95001220703125,347.95001220703125,353.3500061035156,342.0,350.1000061035156,6964630
2024-06-12,342.1499938964844,342.1499938964844,349.3999938964844,340.95001220703125,349.3999938964844,9458583
2024-06-13,339.5,339.5,346.6000061035156,337.0,344.1000061035156,7980545
2024-06-14,340.75,340.75,346.79998779296875,338.5,340.0,12332822
2024-06-18,344.54998779296875,344.54998779296875,347.54998779296875,331.6499938964844,335.29998779296875,17706369
2024-06-19,334.0,334.0,341.95001220703125,311.3999938964844,329.1000061035156,832154977
2024-06-20,336.29998779296875,336.29998779296875,340.0,334.0,335.75,26757768
2024-06-21,336.45001220703125,336.45001220703125,339.45001220703125,330.1000061035156,337.75,38940980
2024-06-24,339.8500061035156,339.8500061035156,341.6000061035156,331.25,338.95001220703125,27730484
2024-06-25,344.20001220703125,344.20001220703125,344.95001220703125,341.0,342.95001220703125,20205939
2024-06-26,356.1000061035156,356.1000061035156,358.0,340.8500061035156,346.0,41378980
2024-06-27,365.1499938964844,365.1499938964844,369.20001220703125,351.29998779296875,363.0,70241770
2024-06-28,375.29998779296875,375.29998779296875,384.79998779296875,370.0,374.0,75125583
2024-07-01,389.6499938964844,389.6499938964844,391.0,372.75,377.0,32581017
2024-07-02,383.79998779296875,383.79998779296875,396.5,379.79998779296875,391.6000061035156,27609215
2024-07-03,396.5,396.5,397.45001220703125,385.0,389.0,20902391
2024-07-04,404.04998779296875,404.04998779296875,408.3999938964844,389.6499938964844,398.3999938964844,27983391
2024-07-05,395.6499938964844,395.6499938964844,403.45001220703125,392.29998779296875,401.0,13752975
2024-07-08,385.75,385.75,398.8500061035156,384.20001220703125,396.0,17394416
2024-07-09,385.0,385.0,387.45001220703125,376.3500061035156,385.0,12570385
2024-07-10,382.8999938964844,382.8999938964844,388.45001220703125,373.54998779296875,386.70001220703125,16109267
2024-07-11,394.25,394.25,395.6000061035156,383.0,383.0,13286371
2024-07-12,392.0,392.0,398.54998779296875,389.1000061035156,396.5,10718103
2024-07-15,396.54998779296875,396.54998779296875,398.04998779296875,388.0,392.04998779296875,7398000
2024-07-16,406.8500061035156,406.8500061035156,407.8999938964844,398.1000061035156,401.8999938964844,17411078
2024-07-18,418.95001220703125,418.95001220703125,423.20001220703125,407.5,407.5,41312223
2024-07-19,409.5,409.5,424.70001220703125,404.79998779296875,421.1499938964844,18446103
2024-07-22,421.75,421.75,422.8999938964844,403.6499938964844,409.6000061035156,12653379
2024-07-23,434.54998779296875,434.54998779296875,439.3999938964844,403.79998779296875,424.0,34818877
2024-07-24,426.1499938964844,426.1499938964844,439.70001220703125,418.75,439.1499938964844,71801651
2024-07-25,424.8500061035156,424.8500061035156,429.70001220703125,415.54998779296875,417.5,13231597
2024-07-26,444.8500061035156,444.8500061035156,447.3500061035156,435.0,439.8999938964844,20829504
2024-07-29,443.3999938964844,443.3999938964844,449.0,441.1000061035156,448.8999938964844,10917593
2024-07-30,446.79998779296875,446.79998779296875,453.29998779296875,443.6000061035156,444.5,10182321
2024-07-31,433.1499938964844,433.1499938964844,449.70001220703125,430.3500061035156,448.0,23215256
2024-08-01,428.75,428.75,436.6000061035156,424.29998779296875,435.8999938964844,10696575
2024-08-02,421.1000061035156,421.1000061035156,427.5,420.1000061035156,422.5,7685638
2024-08-05,413.6499938964844,413.6499938964844,425.3999938964844,407.0,417.8999938964844,14601326
2024-08-06,414.54998779296875,414.54998779296875,427.29998779296875,413.20001220703125,418.04998779296875,13583635
2024-08-07,421.29998779296875,421.29998779296875,422.5,414.5,420.04998779296875,12573368
2024-08-08,417.0,417.0,426.04998779296875,416.3500061035156,424.0,14007899
2024-08-09,414.95001220703125,414.95001220703125,422.3500061035156,414.3999938964844,416.0,6011495
2024-08-12,415.8999938964844,415.8999938964844,421.0,413.70001220703125,415.0,4743010
2024-08-13,405.29998779296875,405.29998779296875,418.0,403.20001220703125,418.0,7084701
2024-08-14,403.04998779296875,403.04998779296875,408.8999938964844,400.6499938964844,408.0,6900595
2024-08-16,411.79998779296875,411.79998779296875,413.20001220703125,405.45001220703125,406.45001220703125,4001648
2024-08-19,418.6499938964844,418.6499938964844,422.0,412.1000061035156,413.70001220703125,6217589
2024-08-20,428.29998779296875,428.29998779296875,430.3500061035156,419.6000061035156,421.0,9343091
2024-08-21,424.8999938964844,424.8999938964844,431.45001220703125,423.5,429.5,6930168
2024-08-22,434.8999938964844,434.8999938964844,439.20001220703125,426.0,426.5,10947918
2024-08-23,434.3500061035156,434.3500061035156,438.5,432.45001220703125,436.45001220703125,5262529
2024-08-26,433.25,433.25,439.29998779296875,428.54998779296875,435.45001220703125,6148376
2024-08-27,437.95001220703125,437.95001220703125,439.79998779296875,431.20001220703125,434.70001220703125,6392653
2024-08-28,444.45001220703125,444.45001220703125,448.6000061035156,440.75,442.0,15433839
2024-08-29,446.54998779296875,446.54998779296875,450.3500061035156,438.8500061035156,442.1000061035156,15663444
2024-08-30,458.5,458.5,460.3500061035156,445.25,447.95001220703125,17888531
2024-09-02,438.95001220703125,438.95001220703125,460.0,433.54998779296875,460.0,15612684
2024-09-03,441.3999938964844,441.3999938964844,444.29998779296875,438.8500061035156,439.75,5978801
2024-09-04,434.3999938964844,434.3999938964844,441.29998779296875,431.3500061035156,434.95001220703125,6147494
2024-09-05,443.1000061035156,443.1000061035156,444.54998779296875,436.20001220703125,440.45001220703125,7834138
2024-09-06,423.1000061035156,423.1000061035156,443.20001220703125,414.0,443.20001220703125,21421372
2024-09-09,421.5,421.5,426.0,416.79998779296875,420.95001220703125,7073948
2024-09-10,425.3999938964844,425.3999938964844,429.8999938964844,422.3999938964844,423.75,5089383
2024-09-11,428.0,428.0,436.20001220703125,423.95001220703125,433.8500061035156,13300174
2024-09-12,433.45001220703125,433.45001220703125,437.1000061035156,429.0,430.8999938964844,5905816
2024-09-13,428.45001220703125,428.45001220703125,438.6499938964844,427.25,435.6000061035156,6918635
2024-09-16,428.70001220703125,428.70001220703125,431.1499938964844,420.1000061035156,428.45001220703125,5356337
2024-09-17,430.45001220703125,430.45001220703125,433.6000061035156,426.5,427.20001220703125,2422065
2024-09-18,428.25,428.25,430.70001220703125,421.54998779296875,428.0,3228858
2024-09-19,389.79998779296875,389.79998779296875,430.8999938964844,366.3500061035156,423.0,83881230
2024-09-20,388.25,388.25,397.3999938964844,378.75,393.0,46485982
2024-09-23,403.70001220703125,403.70001220703125,412.6000061035156,397.1000061035156,399.8999938964844,27447906
2024-09-24,401.29998779296875,401.29998779296875,408.0,395.70001220703125,403.70001220703125,8767855
2024-09-25,391.1499938964844,391.1499938964844,401.1499938964844,385.04998779296875,401.0,12185928
2024-09-26,393.75,393.75,395.3500061035156,387.3999938964844,390.54998779296875,10843976
2024-09-27,392.3999938964844,392.3999938964844,395.6499938964844,389.25,392.54998779296875,8263851
2024-09-30,392.54998779296875,392.54998779296875,393.3999938964844,385.3999938964844,391.6499938964844,9678928
2024-10-01,384.04998779296875,384.04998779296875,395.6000061035156,382.3500061035156,389.04998779296875,7039394
2024-10-03,377.6000061035156,377.6000061035156,389.04998779296875,375.5,376.0,9305494
2024-10-04,372.20001220703125,372.20001220703125,381.75,369.45001220703125,378.6000061035156,10290272
2024-10-07,361.1499938964844,361.1499938964844,375.79998779296875,352.29998779296875,374.1000061035156,19905422
2024-10-08,370.0,370.0,371.8999938964844,358.29998779296875,360.0,7021080
2024-10-09,373.5,373.5,377.6000061035156,368.25,371.8500061035156,4667993
2024-10-10,378.8999938964844,378.8999938964844,383.25,376.0,376.0,6150764
2024-10-11,378.5,378.5,382.8500061035156,376.5,380.79998779296875,3322205
2024-10-14,386.8999938964844,386.8999938964844,389.0,378.25,380.3999938964844,5695193
2024-10-15,385.8999938964844,385.8999938964844,388.95001220703125,381.54998779296875,387.6000061035156,3460929
2024-10-16,388.25,388.25,390.3999938964844,380.29998779296875,384.95001220703125,3840308
2024-10-17,384.75,384.75,391.0,382.75,386.5,5379127
2024-10-18,384.54998779296875,384.54998779296875,386.3500061035156,378.20001220703125,383.6499938964844,2601893
2024-10-21,375.3500061035156,375.3500061035156,386.5,372.1000061035156,384.0,8530940
2024-10-22,366.75,366.75,378.3999938964844,364.3500061035156,375.0,5046553
2024-10-23,357.1000061035156,357.1000061035156,380.95001220703125,355.5,380.95001220703125,12160417
2024-10-24,350.25,350.25,359.45001220703125,349.04998779296875,358.0,6558434
2024-10-25,334.70001220703125,334.70001220703125,352.0,330.1000061035156,352.0,14093116
2024-10-28,346.25,346.25,348.6499938964844,336.5,340.95001220703125,6060360
2024-10-29,347.8999938964844,347.8999938964844,349.54998779296875,338.79998779296875,345.8999938964844,10432509
2024-10-30,342.75,342.75,349.3999938964844,341.6000061035156,347.70001220703125,4285325
2024-10-31,340.54998779296875,340.54998779296875,345.25,338.6499938964844,341.79998779296875,6947893
2024-11-01,342.8500061035156,342.8500061035156,346.0,340.75,342.3500061035156,756568
2024-11-04,337.3999938964844,337.3999938964844,350.0,335.3500061035156,346.8500061035156,12597097
2024-11-05,342.1499938964844,342.1499938964844,342.8500061035156,332.3500061035156,336.8500061035156,3304753
2024-11-06,342.04998779296875,342.04998779296875,344.8500061035156,338.6499938964844,343.0,4103190
2024-11-07,339.5,339.5,347.6000061035156,338.5,342.25,4622999
2024-11-08,326.20001220703125,326.20001220703125,340.6499938964844,324.25,340.29998779296875,8234519
2024-11-11,325.04998779296875,325.04998779296875,328.20001220703125,315.5,318.04998779296875,6026607
2024-11-12,321.0,321.0,331.1000061035156,319.25,326.0,3353016
2024-11-13,318.1000061035156,318.1000061035156,322.70001220703125,316.6000061035156,321.8999938964844,7525374
2024-11-14,317.75,317.75,321.1000061035156,315.6000061035156,319.0,8628870
2024-11-18,323.1499938964844,323.1499938964844,326.6000061035156,317.0,320.0,6992604
2024-11-19,328.1499938964844,328.1499938964844,335.25,325.1499938964844,328.75,5955778
2024-11-21,329.1000061035156,329.1000061035156,340.0,326.1499938964844,340.0,17871198
2024-11-22,330.1000061035156,330.1000061035156,332.79998779296875,325.54998779296875,330.0,3576020
2024-11-25,337.3500061035156,337.3500061035156,339.45001220703125,330.29998779296875,333.6000061035156,9817548
2024-11-26,340.95001220703125,340.95001220703125,355.8500061035156,339.6499938964844,351.0,23264396
2024-11-27,349.75,349.75,352.1499938964844,340.79998779296875,341.0,5617102
2024-11-28,348.25,348.25,354.5,345.6000061035156,349.0,5759041
2024-11-29,349.3500061035156,349.3500061035156,353.70001220703125,345.5,347.1499938964844,4666533
2024-12-02,346.6499938964844,346.6499938964844,350.29998779296875,345.6000061035156,350.0,3309131
2024-12-03,353.8999938964844,353.8999938964844,356.79998779296875,345.5,350.5,5656362
2024-12-04,357.20001220703125,357.20001220703125,361.0,348.3500061035156,354.8999938964844,7749633
2024-12-05,363.54998779296875,363.54998779296875,375.0,360.0,375.0,48848190
2024-12-06,364.6499938964844,364.6499938964844,373.25,363.0,368.0,16816288
2024-12-09,362.1499938964844,362.1499938964844,366.79998779296875,358.95001220703125,364.75,14327412
2024-12-10,360.04998779296875,360.04998779296875,362.75,355.0,362.45001220703125,9563283
2024-12-11,359.6000061035156,359.6000061035156,362.75,358.20001220703125,360.0,5852606
2024-12-12,343.8500061035156,343.8500061035156,359.1000061035156,342.75,358.8500061035156,14316251
2024-12-13,350.0,350.0,351.20001220703125,335.3500061035156,342.0,13444504
2024-12-16,353.0,353.0,355.8999938964844,349.54998779296875,351.0,5191999
2024-12-17,345.8500061035156,345.8500061035156,359.29998779296875,343.8999938964844,359.29998779296875,10729278
2024-12-18,340.75,340.75,346.79998779296875,339.8999938964844,344.70001220703125,3077237
2024-12-19,346.3999938964844,346.3999938964844,347.3500061035156,332.6000061035156,335.0,9661691
2024-12-20,337.1000061035156,337.1000061035156,348.75,335.20001220703125,346.5,7046688
2024-12-23,335.0,335.0,339.0,333.1000061035156,339.0,4070412
2024-12-24,333.54998779296875,333.54998779296875,337.5,327.1499938964844,336.0,5404134
2024-12-26,332.3500061035156,332.3500061035156,336.04998779296875,331.3999938964844,334.6499938964844,6062223
2024-12-27,329.54998779296875,329.54998779296875,337.20001220703125,328.6499938964844,332.5,4035369
2024-12-30,340.04998779296875,340.04998779296875,342.54998779296875,329.6499938964844,331.8999938964844,17505371
2024-12-31,341.79998779296875,341.79998779296875,343.79998779296875,335.20001220703125,341.79998779296875,7230147
2025-01-01,343.95001220703125,343.95001220703125,345.6499938964844,338.5,340.0,2228186
2025-01-02,346.3999938964844,346.3999938964844,347.20001220703125,341.3500061035156,343.8500061035156,5093469
2025-01-03,344.0,344.0,352.5,342.54998779296875,346.0,4130940
2025-01-06,329.79998779296875,329.79998779296875,345.79998779296875,328.04998779296875,345.79998779296875,6233638
2025-01-07,328.1499938964844,328.1499938964844,335.29998779296875,327.54998779296875,331.29998779296875,4495351
2025-01-08,330.3500061035156,330.3500061035156,334.0,325.20001220703125,329.79998779296875,5541381
2025-01-09,330.79998779296875,330.79998779296875,339.29998779296875,328.6000061035156,330.3500061035156,7595457
2025-01-10,320.3999938964844,320.3999938964844,330.6499938964844,319.45001220703125,330.0,6603060
2025-01-13,320.5,320.5,333.25,315.54998779296875,315.54998779296875,13453147
2025-01-14,340.29998779296875,340.29998779296875,341.8500061035156,323.3999938964844,324.0,12001185
2025-01-15,351.79998779296875,351.79998779296875,361.20001220703125,339.1499938964844,340.8999938964844,22050850
2025-01-16,354.54998779296875,354.54998779296875,363.0,353.3999938964844,363.0,8279242
2025-01-17,362.70001220703125,362.70001220703125,365.0,357.1499938964844,358.1000061035156,14711286
2025-01-20,375.6000061035156,375.6000061035156,390.45001220703125,370.3500061035156,380.3999938964844,23507683
2025-01-21,361.6499938964844,361.6499938964844,374.0,360.6499938964844,373.8999938964844,5167716
2025-01-22,357.1000061035156,357.1000061035156,361.8999938964844,348.5,361.6000061035156,9032850
2025-01-23,366.6000061035156,366.6000061035156,369.6499938964844,354.5,360.0,9182913
2025-01-24,367.95001220703125,367.95001220703125,374.20001220703125,365.25,367.20001220703125,19643296
2025-01-27,348.95001220703125,348.95001220703125,366.70001220703125,346.8500061035156,365.6499938964844,7693448
2025-01-28,353.5,353.5,356.8999938964844,342.8500061035156,352.0,7413921
2025-01-29,346.70001220703125,346.70001220703125,355.1000061035156,343.29998779296875,352.5,4888368
2025-01-30,345.6000061035156,345.6000061035156,349.5,342.04998779296875,347.0,8768186
2025-01-31,347.20001220703125,347.20001220703125,348.8999938964844,342.3999938964844,345.95001220703125,6499334
2025-02-01,352.79998779296875,352.79998779296875,366.3999938964844,334.0,346.8999938964844,7963805
2025-02-03,350.1000061035156,350.1000061035156,351.25,338.70001220703125,347.1000061035156,4618051
2025-02-04,356.8999938964844,356.8999938964844,359.1499938964844,349.70001220703125,353.6499938964844,5792352
2025-02-05,358.04998779296875,358.04998779296875,363.45001220703125,356.45001220703125,358.25,6894532
2025-02-06,356.1000061035156,356.1000061035156,368.29998779296875,354.04998779296875,359.95001220703125,8285405
2025-02-07,363.29998779296875,363.29998779296875,369.3500061035156,357.70001220703125,358.29998779296875,10231223
2025-02-10,352.04998779296875,352.04998779296875,364.79998779296875,348.54998779296875,363.25,4667093
2025-02-11,348.20001220703125,348.20001220703125,354.45001220703125,344.5,353.25,4574371
2025-02-12,347.3999938964844,347.3999938964844,350.75,332.1499938964844,349.0,7020361
2025-02-13,348.75,348.75,356.79998779296875,343.45001220703125,347.04998779296875,4427505
2025-02-14,335.5,335.5,350.3999938964844,329.6000061035156,350.1499938964844,3742431
2025-02-17,339.29998779296875,339.29998779296875,340.3999938964844,326.75,334.25,4162964
2025-02-18,337.04998779296875,337.04998779296875,340.1000061035156,329.04998779296875,339.29998779296875,2976715
2025-02-19,341.3999938964844,341.3999938964844,344.25,329.95001220703125,334.6000061035156,7010165
2025-02-20,341.1000061035156,341.1000061035156,344.5,336.04998779296875,337.04998779296875,3324577
2025-02-21,336.3999938964844,336.3999938964844,340.95001220703125,331.5,339.0,7741976
2025-02-24,330.20001220703125,330.20001220703125,333.8999938964844,325.25,332.0,5605913
2025-02-25,331.6000061035156,331.6000061035156,336.95001220703125,329.6000061035156,330.5,4709750
2025-02-27,338.25,338.25,339.8999938964844,329.5,331.6499938964844,8675643
2025-02-28,323.3500061035156,323.3500061035156,337.8999938964844,321.8999938964844,337.8999938964844,9209911
2025-03-03,326.70001220703125,326.70001220703125,328.25,312.75,325.0,6628370
2025-03-04,327.0,327.0,330.1499938964844,319.5,326.0,3429689
2025-03-05,336.79998779296875,336.79998779296875,337.5,326.54998779296875,329.8999938964844,3824203
2025-03-06,330.45001220703125,330.45001220703125,340.8999938964844,328.6000061035156,338.0,5352132
2025-03-07,327.3999938964844,327.3999938964844,332.25,325.8999938964844,331.04998779296875,3798696
2025-03-10,330.20001220703125,330.20001220703125,336.54998779296875,328.1499938964844,329.04998779296875,4911269
2025-03-11,341.3999938964844,341.3999938964844,342.5,325.20001220703125,326.29998779296875,6330559
2025-03-12,324.6499938964844,324.6499938964844,345.0,314.70001220703125,345.0,16599619
2025-03-13,327.0,327.0,330.20001220703125,323.3500061035156,324.95001220703125,6340342
2025-03-17,330.6000061035156,330.6000061035156,332.0,322.25,326.0,4496735
2025-03-18,330.6000061035156,330.6000061035156,330.6000061035156,330.6000061035156,330.6000061035156,0
2025-03-19,339.29998779296875,339.29998779296875,342.8500061035156,336.04998779296875,337.25,7037625
2025-03-20,340.6000061035156,340.6000061035156,342.1000061035156,334.1000061035156,341.0,3429892
2025-03-21,348.8500061035156,348.8500061035156,350.0,338.45001220703125,340.8999938964844,8201117
2025-03-24,349.04998779296875,349.04998779296875,358.8999938964844,348.25,355.0,5023515
2025-03-25,339.75,339.75,350.8999938964844,337.25,350.8999938964844,4042558
2025-03-26,339.25,339.25,344.0,334.8999938964844,339.70001220703125,3678722
2025-03-27,338.3999938964844,338.3999938964844,341.6000061035156,335.0,338.1000061035156,4513735
2025-03-28,334.29998779296875,334.29998779296875,343.20001220703125,332.0,339.95001220703125,5874129
2025-04-01,352.45001220703125,352.45001220703125,360.8999938964844,346.79998779296875,349.8999938964844,21049199
2025-04-02,361.29998779296875,361.29998779296875,362.70001220703125,350.0,352.3999938964844,8411874
2025-04-03,358.0,358.0,360.0,352.8500061035156,355.3500061035156,4129080
2025-04-04,360.5,360.5,368.0,356.3999938964844,360.0,16145235
2025-04-07,356.0,356.0,358.20001220703125,336.1499938964844,340.0,10272279
2025-04-08,370.6499938964844,370.6499938964844,372.0,359.5,363.95001220703125,10437414
2025-04-09,370.6000061035156,370.6000061035156,374.3999938964844,365.20001220703125,371.20001220703125,9155700
2025-04-11,373.6499938964844,373.6499938964844,375.20001220703125,365.29998779296875,371.04998779296875,7244994
2025-04-15,380.45001220703125,380.45001220703125,382.70001220703125,374.25,380.79998779296875,7889826
2025-04-16,386.1000061035156,386.1000061035156,387.20001220703125,375.0,375.0,9061814
2025-04-17,397.8999938964844,397.8999938964844,398.8500061035156,384.5,385.8999938964844,9288018
2025-04-21,407.5,407.5,409.5,397.3999938964844,398.3500061035156,3516980
2025-04-22,400.8500061035156,400.8500061035156,421.5,399.5,409.20001220703125,13842212
2025-04-23,400.1000061035156,400.1000061035156,405.0,393.8999938964844,400.0,8895838
2025-04-24,406.5,406.5,407.3500061035156,397.20001220703125,400.1499938964844,6409664
2025-04-25,397.3500061035156,397.3500061035156,406.8999938964844,390.29998779296875,406.5,6732062
2025-04-28,408.1000061035156,408.1000061035156,411.5,403.6499938964844,409.0,8988016
2025-04-29,402.6000061035156,402.6000061035156,413.79998779296875,401.45001220703125,410.79998779296875,3721608
2025-04-30,408.20001220703125,408.20001220703125,409.3500061035156,397.70001220703125,403.45001220703125,6841231
2025-05-02,380.6000061035156,380.6000061035156,395.45001220703125,378.45001220703125,394.0,17028770
2025-05-05,384.1000061035156,384.1000061035156,387.3999938964844,378.04998779296875,380.3999938964844,3295612
2025-05-06,378.8999938964844,378.8999938964844,387.5,376.54998779296875,384.8999938964844,6415596
2025-05-07,383.8500061035156,383.8500061035156,385.75,376.75,379.8999938964844,8336824
2025-05-08,384.6499938964844,384.6499938964844,395.6000061035156,380.6000061035156,383.8999938964844,11135804
2025-05-09,388.20001220703125,388.20001220703125,389.8500061035156,377.6000061035156,379.3999938964844,5477155
2025-05-12,397.3999938964844,397.3999938964844,400.0,392.25,395.3999938964844,5386177
2025-05-13,394.75,394.75,400.1499938964844,391.6499938964844,397.3999938964844,5876199
2025-05-14,396.0,396.0,398.95001220703125,392.04998779296875,396.75,6920703
2025-05-15,396.95001220703125,396.95001220703125,400.45001220703125,391.25,395.25,7283759
2025-05-16,400.45001220703125,400.45001220703125,407.3500061035156,396.1000061035156,397.70001220703125,5908953
2025-05-19,389.1000061035156,389.1000061035156,403.8999938964844,382.0,402.25,11516967
2025-05-20,386.5,386.5,392.5,384.8500061035156,389.1000061035156,5699529
2025-05-21,387.95001220703125,387.95001220703125,392.25,385.04998779296875,385.20001220703125,13139198
2025-05-22,383.95001220703125,383.95001220703125,388.8500061035156,382.25,386.0,3595416
2025-05-23,383.6000061035156,383.6000061035156,389.20001220703125,381.29998779296875,385.25,3469258
2025-05-26,380.5,380.5,385.0,375.6000061035156,383.6000061035156,8119620
2025-05-27,383.8500061035156,383.8500061035156,386.0,377.25,380.5,7402268
2025-05-28,391.29998779296875,391.29998779296875,398.95001220703125,383.79998779296875,385.70001220703125,14515992
2025-05-29,391.25,391.25,394.75,387.79998779296875,392.5,4344927
2025-05-30,384.1499938964844,384.1499938964844,394.5,381.3500061035156,391.25,23501700
2025-06-02,382.5,382.5,387.20001220703125,380.0,382.25,5400006
2025-06-03,380.8500061035156,380.8500061035156,386.20001220703125,378.29998779296875,384.3500061035156,5884017
2025-06-04,383.3500061035156,383.3500061035156,385.8999938964844,379.04998779296875,381.70001220703125,6075425
2025-06-05,384.3999938964844,384.3999938964844,387.70001220703125,382.1000061035156,385.0,4937853
2025-06-06,391.1000061035156,391.1000061035156,393.75,383.0,383.0,5045503
2025-06-09,395.70001220703125,395.70001220703125,401.3999938964844,388.5,391.0,8531345
2025-06-10,393.3500061035156,393.3500061035156,397.6499938964844,391.75,397.6499938964844,2823556
2025-06-11,387.8999938964844,387.8999938964844,396.29998779296875,386.0,395.0,4889189
2025-06-12,382.75,382.75,391.6000061035156,380.6000061035156,388.5,2868975
2025-06-13,380.3500061035156,380.3500061035156,381.45001220703125,374.25,374.25,2644160
2025-06-16,391.04998779296875,391.04998779296875,392.20001220703125,377.3999938964844,380.3500061035156,6542254
2025-06-17,392.1000061035156,392.1000061035156,394.6000061035156,390.0,390.0,5942280
2025-06-18,391.8999938964844,391.8999938964844,394.45001220703125,388.5,390.0,2753696
2025-06-19,389.6499938964844,389.6499938964844,393.75,387.8999938964844,391.8999938964844,2323401
2025-06-20,404.29998779296875,404.29998779296875,405.75,389.5,389.6499938964844,15341490
2025-06-23,401.8999938964844,401.8999938964844,407.3500061035156,400.45001220703125,403.8999938964844,3059353
2025-06-24,415.04998779296875,415.04998779296875,416.8999938964844,405.0,408.5,9559930
2025-06-25,415.5,415.5,419.20001220703125,412.0,415.8999938964844,4221078
2025-06-26,415.3500061035156,415.3500061035156,418.6000061035156,411.5,413.0,8679054
2025-06-27,412.20001220703125,412.20001220703125,421.8999938964844,411.0,417.45001220703125,7687289
2025-06-30,421.1000061035156,421.1000061035156,423.0,411.6499938964844,415.5,8228456
2025-07-01,420.3500061035156,420.3500061035156,426.3999938964844,417.3500061035156,424.8500061035156,9631934
2025-07-02,423.25,423.25,425.0,419.45001220703125,419.6000061035156,5734710
2025-07-03,425.75,425.75,430.0,422.6499938964844,425.3999938964844,6185945
2025-07-04,424.95001220703125,424.95001220703125,429.79998779296875,421.75,426.0,3900169
2025-07-07,408.3999938964844,408.3999938964844,422.70001220703125,407.54998779296875,422.70001220703125,7571465
2025-07-08,406.25,406.25,409.95001220703125,403.29998779296875,406.6000061035156,4897626
2025-07-09,405.1499938964844,405.1499938964844,410.0,404.0,406.29998779296875,4972819
2025-07-10,402.20001220703125,402.20001220703125,411.3500061035156,399.79998779296875,406.1499938964844,4146664
2025-07-11,404.3999938964844,404.3999938964844,405.79998779296875,394.6000061035156,402.0,4904859
2025-07-14,404.1000061035156,404.1000061035156,409.29998779296875,400.0,406.0,3807277
2025-07-15,408.0,408.0,409.79998779296875,404.1499938964844,405.04998779296875,3263712
2025-07-16,405.0,405.0,408.95001220703125,403.70001220703125,408.0,2886867
2025-07-17,406.25,406.25,407.8500061035156,402.8500061035156,406.95001220703125,3892900
2025-07-18,403.3999938964844,403.3999938964844,407.29998779296875,400.25,406.25,2999829
2025-07-21,404.1499938964844,404.1499938964844,406.1000061035156,396.25,398.6000061035156,4307190
2025-07-22,396.29998779296875,396.29998779296875,404.1499938964844,394.5,404.1499938964844,4850966
2025-07-23,405.25,405.25,406.6499938964844,394.6000061035156,396.29998779296875,4580827
2025-07-24,401.54998779296875,401.54998779296875,407.54998779296875,397.79998779296875,404.8999938964844,3573541
2025-07-25,393.54998779296875,393.54998779296875,399.3999938964844,391.20001220703125,398.5,4784269
2025-07-28,384.6000061035156,384.6000061035156,397.70001220703125,382.6499938964844,393.54998779296875,3389242
2025-07-29,390.54998779296875,390.54998779296875,392.29998779296875,381.95001220703125,383.0,3790547
2025-07-30,383.79998779296875,383.79998779296875,392.25,382.1499938964844,390.54998779296875,2430128
2025-07-31,363.0,363.0,380.0,361.0,377.5,12526255
2025-08-01,345.1000061035156,345.1000061035156,364.20001220703125,343.8500061035156,363.04998779296875,6251009
2025-08-04,345.79998779296875,345.79998779296875,348.1499938964844,339.25,346.0,6962596
2025-08-05,342.8500061035156,342.8500061035156,348.20001220703125,341.04998779296875,348.0,3459901
2025-08-06,340.95001220703125,340.95001220703125,346.3999938964844,339.79998779296875,342.8500061035156,8179886
2025-08-07,334.6499938964844,334.6499938964844,339.54998779296875,330.5,339.54998779296875,20953620
2025-08-08,332.54998779296875,332.54998779296875,339.45001220703125,330.70001220703125,335.5,13407199
2025-08-11,337.3999938964844,337.3999938964844,338.0,330.04998779296875,335.0,6020830
2025-08-12,339.5,339.5,343.3999938964844,337.20001220703125,337.3999938964844,3637933
2025-08-13,337.29998779296875,337.29998779296875,343.29998779296875,336.3500061035156,341.5,3352695
2025-08-14,333.0,333.0,337.79998779296875,330.20001220703125,337.20001220703125,8393964
2025-08-18,337.6000061035156,337.6000061035156,340.95001220703125,328.0,336.0,12633896
2025-08-19,339.95001220703125,339.95001220703125,342.5,335.25,339.70001220703125,3615727
2025-08-20,349.1000061035156,349.1000061035156,355.1000061035156,341.29998779296875,341.8500061035156,7536509
2025-08-21,348.04998779296875,348.04998779296875,353.45001220703125,346.6000061035156,350.04998779296875,2900166
2025-08-22,353.54998779296875,353.54998779296875,359.79998779296875,348.79998779296875,352.5,16977389
2025-08-25,354.75,354.75,357.70001220703125,351.29998779296875,356.75,4414881
2025-08-26,342.54998779296875,342.54998779296875,350.0,339.54998779296875,345.8999938964844,11956450
2025-08-28,335.6000061035156,335.6000061035156,344.0,334.6499938964844,343.0,7073411
2025-08-29,338.6000061035156,338.6000061035156,346.45001220703125,336.0,337.0,7338329
2025-09-01,339.3999938964844,339.3999938964844,342.29998779296875,338.3500061035156,340.0,3912531
2025-09-02,329.45001220703125,329.45001220703125,340.0,328.29998779296875,340.0,8558281
2025-09-03,324.1499938964844,324.1499938964844,326.5,312.54998779296875,324.8999938964844,50414456
2025-09-04,324.04998779296875,324.04998779296875,329.8500061035156,321.6000061035156,329.0,14259927
2025-09-05,337.3999938964844,337.3999938964844,341.8999938964844,324.29998779296875,325.54998779296875,17007563
2025-09-08,344.1000061035156,344.1000061035156,345.5,334.8999938964844,339.6499938964844,11053837
2025-09-09,346.8999938964844,346.8999938964844,349.70001220703125,343.0,344.95001220703125,8589184
2025-09-10,349.29998779296875,349.29998779296875,355.0,347.6000061035156,355.0,12143686
2025-09-11,353.25,353.25,355.79998779296875,348.3500061035156,349.29998779296875,9104627
2025-09-12,361.8500061035156,361.8500061035156,363.04998779296875,354.04998779296875,355.5,13224633
2025-09-15,359.29998779296875,359.29998779296875,369.54998779296875,358.1000061035156,362.70001220703125,7809090
2025-09-16,357.6000061035156,357.6000061035156,360.8999938964844,352.75,359.79998779296875,4475632
2025-09-17,354.25,354.25,359.5,352.29998779296875,359.5,6344314
2025-09-18,354.29998779296875,354.29998779296875,357.70001220703125,352.6000061035156,355.70001220703125,5598853
2025-09-19,356.8500061035156,356.8500061035156,361.70001220703125,350.95001220703125,354.29998779296875,7422079
2025-09-22,356.0,356.0,362.75,354.20001220703125,356.0,5271465
2025-09-23,359.1000061035156,359.1000061035156,360.0,353.3500061035156,356.1499938964844,7194465
2025-09-24,358.1499938964844,358.1499938964844,363.3500061035156,355.54998779296875,359.1000061035156,7448879
2025-09-25,356.45001220703125,356.45001220703125,361.0,355.04998779296875,358.0,6298204
2025-09-26,346.29998779296875,346.29998779296875,357.3999938964844,344.5,355.45001220703125,10014825
2025-09-29,347.20001220703125,347.20001220703125,350.8500061035156,344.8999938964844,347.95001220703125,5564080
2025-09-30,342.8999938964844,342.8999938964844,347.79998779296875,340.8999938964844,344.79998779296875,5785588
2025-10-01,352.04998779296875,352.04998779296875,353.0,342.29998779296875,342.29998779296875,4163278
2025-10-03,353.1000061035156,353.1000061035156,355.3999938964844,348.29998779296875,350.1000061035156,2694415
2025-10-06,353.6499938964844,353.6499938964844,355.95001220703125,349.20001220703125,354.1000061035156,2819005
2025-10-07,357.8999938964844,357.8999938964844,359.79998779296875,350.6499938964844,352.0,6631987
2025-10-08,354.75,354.75,360.5,353.79998779296875,358.0,2273254
2025-10-09,354.8500061035156,354.8500061035156,356.75,352.0,355.0,4320615
2025-10-10,353.70001220703125,353.70001220703125,358.8999938964844,353.0,354.8500061035156,4420019
2025-10-13,349.8999938964844,349.8999938964844,355.95001220703125,348.1000061035156,354.0,5017414
2025-10-14,338.54998779296875,338.54998779296875,351.45001220703125,337.79998779296875,350.45001220703125,9282025
2025-10-15,344.79998779296875,344.79998779296875,346.04998779296875,339.3999938964844,339.8999938964844,3966733
2025-10-16,343.95001220703125,343.95001220703125,346.54998779296875,343.3500061035156,346.54998779296875,3586844
2025-10-17,343.0,343.0,347.8500061035156,341.20001220703125,345.0,5754532
2025-10-20,354.3999938964844,354.3999938964844,356.1000061035156,344.0,345.0,4782239
2025-10-21,360.29998779296875,360.29998779296875,361.20001220703125,353.6000061035156,356.45001220703125,1140917
2025-10-23,358.75,358.75,363.45001220703125,357.54998779296875,359.0,5608282
2025-10-24,361.54998779296875,361.54998779296875,362.5,355.8999938964844,358.79998779296875,6707932
2025-10-27,371.29998779296875,371.29998779296875,381.3999938964844,359.6499938964844,363.70001220703125,26826730
2025-10-28,385.8999938964844,385.8999938964844,386.5,375.5,377.0,20602382
2025-10-29,381.04998779296875,381.04998779296875,389.20001220703125,379.3500061035156,385.95001220703125,8329384
2025-10-30,368.25,368.25,378.0,364.29998779296875,378.0,15575932
2025-10-31,363.6000061035156,363.6000061035156,371.3500061035156,362.79998779296875,367.75,6866183
2025-11-03,382.75,382.75,384.54998779296875,365.20001220703125,366.0,15961474
2025-11-04,392.54998779296875,392.54998779296875,397.25,389.04998779296875,392.0,24189758
2025-11-05,392.54998779296875,392.54998779296875,392.54998779296875,392.54998779296875,392.54998779296875,0
2025-11-06,398.29998779296875,398.29998779296875,404.8500061035156,386.6000061035156,391.8999938964844,14237144
2025-11-07,400.79998779296875,400.79998779296875,404.79998779296875,391.0,396.5,6409878
2025-11-10,398.75,398.75,402.3999938964844,397.6499938964844,400.45001220703125,2465473
2025-11-11,400.6000061035156,400.6000061035156,404.8999938964844,395.95001220703125,402.0,4964281
2025-11-12,406.95001220703125,406.95001220703125,410.70001220703125,400.1000061035156,401.3500061035156,8054895
2025-11-13,407.8500061035156,407.8500061035156,414.0,405.54998779296875,406.0,5069406
2025-11-14,412.3500061035156,412.3500061035156,414.0,405.1499938964844,405.8999938964844,4523897
2025-11-17,410.1499938964844,410.1499938964844,413.70001220703125,408.25,413.70001220703125,2866155
2025-11-18,402.20001220703125,402.20001220703125,411.70001220703125,400.8500061035156,411.0,7797153
2025-11-19,403.25,403.25,405.8999938964844,399.8999938964844,402.0,4630031
2025-11-20,400.5,400.5,406.29998779296875,399.20001220703125,406.0,3782742
2025-11-21,397.0,397.0,402.1499938964844,395.5,399.70001220703125,3496761
2025-11-24,400.1000061035156,400.1000061035156,404.6499938964844,396.29998779296875,397.04998779296875,6005510
2025-11-25,403.6000061035156,403.6000061035156,405.6499938964844,397.54998779296875,399.45001220703125,2738092
2025-11-26,405.6000061035156,405.6000061035156,409.79998779296875,403.6499938964844,406.0,3963301
2025-11-27,404.25,404.25,409.04998779296875,401.25,405.0,3495842
2025-11-28,401.04998779296875,401.04998779296875,404.79998779296875,400.5,404.04998779296875,2277681
2025-12-01,396.6000061035156,396.6000061035156,405.3999938964844,395.25,404.6000061035156,2528988
2025-12-02,401.95001220703125,401.95001220703125,406.70001220703125,398.0,404.0,5325984
2025-12-03,404.6499938964844,404.6499938964844,413.29998779296875,401.45001220703125,402.45001220703125,11451550
2025-12-04,402.0,402.0,408.25,398.54998779296875,405.5,3535840
2025-12-05,415.70001220703125,415.70001220703125,416.8500061035156,399.1000061035156,400.8999938964844,9654037
2025-12-08,403.0,403.0,418.0,398.75,414.0,6435755
2025-12-09,403.04998779296875,403.04998779296875,404.95001220703125,396.5,400.8999938964844,5453366
2025-12-10,404.25,404.25,407.5,401.54998779296875,403.29998779296875,4960080
2025-12-11,410.3500061035156,410.3500061035156,411.45001220703125,401.20001220703125,403.3999938964844,4260259
2025-12-12,415.20001220703125,415.20001220703125,416.25,409.04998779296875,411.0,4899002
2025-12-15,409.45001220703125,409.45001220703125,421.95001220703125,406.79998779296875,418.0,9794272
2025-12-16,408.1499938964844,408.1499938964844,411.25,405.6499938964844,407.3999938964844,4424641
2025-12-17,407.20001220703125,407.20001220703125,409.20001220703125,403.54998779296875,408.1499938964844,4479594
2025-12-18,408.75,408.75,412.20001220703125,405.29998779296875,408.3999938964844,4672944
2025-12-19,414.04998779296875,414.04998779296875,415.20001220703125,408.29998779296875,411.0,10797815
2025-12-22,411.45001220703125,411.45001220703125,414.04998779296875,407.54998779296875,414.04998779296875,3737410
2025-12-23,414.3500061035156,414.3500061035156,417.20001220703125,410.3999938964844,412.3999938964844,3117996
2025-12-24,423.8999938964844,423.8999938964844,428.5,412.0,414.3500061035156,8149917
2025-12-25,423.8999938964844,423.8999938964844,423.8999938964844,423.8999938964844,423.8999938964844,0
2025-12-26,419.8500061035156,419.8500061035156,427.54998779296875,419.04998779296875,423.8999938964844,2510361
2025-12-29,422.25,422.25,427.1000061035156,417.29998779296875,420.0,6424028
2025-12-30,422.04998779296875,422.04998779296875,426.3999938964844,419.79998779296875,422.0,4570566
2025-12-31,418.75,418.75,434.70001220703125,410.0,422.8999938964844,17326544
2026-01-01,435.79998779296875,435.79998779296875,439.8500061035156,421.04998779296875,421.04998779296875,17970341
2026-01-02,442.04998779296875,442.04998779296875,446.0,432.75,438.0,11982152
2026-01-05,434.20001220703125,434.20001220703125,442.6499938964844,432.0,439.29998779296875,5894990
2026-01-06,432.25,432.25,436.79998779296875,430.04998779296875,434.0,5754607
2026-01-07,429.0,429.0,433.5,427.04998779296875,433.0,5018878
2026-01-08,430.8500061035156,430.8500061035156,436.79998779296875,424.45001220703125,430.45001220703125,10696988
2026-01-09,433.3999938964844,433.3999938964844,454.95001220703125,430.04998779296875,450.0,26527175
2026-01-12,432.6000061035156,432.6000061035156,441.5,428.45001220703125,435.0,8821785
2026-01-13,427.8999938964844,427.8999938964844,433.45001220703125,423.1000061035156,433.0,5850975
2026-01-14,438.3999938964844,438.3999938964844,443.70001220703125,432.25,432.25,9332296
2026-01-15,438.3999938964844,438.3999938964844,438.3999938964844,438.3999938964844,438.3999938964844,0
2026-01-16,433.8500061035156,433.8500061035156,438.95001220703125,429.5,438.3999938964844,10418752
