date_,adj close_indusindbk.ns,close_indusindbk.ns,high_indusindbk.ns,low_indusindbk.ns,open_indusindbk.ns,volume_indusindbk.ns
2024-01-16,1648.7459716796875,1667.050048828125,1691.75,1663.050048828125,1688.8499755859375,1316138
2024-01-17,1625.8502197265625,1643.9000244140625,1677.050048828125,1631.8499755859375,1650.0,6683398
2024-01-18,1595.1905517578125,1612.9000244140625,1639.5999755859375,1595.0999755859375,1634.949951171875,3557256
2024-01-19,1543.959228515625,1561.0999755859375,1631.75,1550.199951171875,1622.699951171875,10982524
2024-01-23,1425.8702392578125,1441.699951171875,1547.9000244140625,1428.050048828125,1535.0,10097057
2024-01-24,1474.4805908203125,1490.8499755859375,1495.800048828125,1442.0,1459.949951171875,9155544
2024-01-25,1495.3984375,1512.0,1543.949951171875,1488.5999755859375,1490.0,8118578
2024-01-29,1510.0360107421875,1526.800048828125,1537.75,1515.3499755859375,1523.0,3058020
2024-01-30,1503.211669921875,1519.9000244140625,1544.449951171875,1510.050048828125,1530.0,1721705
2024-01-31,1517.206298828125,1534.050048828125,1548.0,1507.1500244140625,1519.199951171875,3867886
2024-02-01,1524.2283935546875,1541.1500244140625,1547.550048828125,1523.550048828125,1537.75,2240634
2024-02-02,1516.9095458984375,1533.75,1564.8499755859375,1529.550048828125,1551.0,3554450
2024-02-05,1520.9151611328125,1537.800048828125,1550.0,1521.800048828125,1532.75,2624023
2024-02-06,1494.8050537109375,1511.4000244140625,1550.449951171875,1504.1500244140625,1550.0,3312270
2024-02-07,1498.7115478515625,1515.3499755859375,1522.4000244140625,1492.199951171875,1522.4000244140625,4066189
2024-02-08,1461.0794677734375,1477.300048828125,1540.949951171875,1470.0,1522.699951171875,2931291
2024-02-09,1469.93115234375,1486.25,1491.4000244140625,1462.6500244140625,1480.25,2388841
2024-02-12,1431.260498046875,1447.1500244140625,1497.0,1442.1500244140625,1488.199951171875,2821957
2024-02-13,1447.8265380859375,1463.9000244140625,1476.25,1430.6500244140625,1452.4000244140625,4601482
2024-02-14,1465.2332763671875,1481.5,1494.5,1435.949951171875,1450.050048828125,4208176
2024-02-15,1460.733154296875,1476.949951171875,1492.8499755859375,1460.300048828125,1491.0,1906763
2024-02-16,1477.2498779296875,1493.6500244140625,1506.5,1471.0,1485.949951171875,1844045
2024-02-19,1467.3101806640625,1483.5999755859375,1502.800048828125,1477.0,1499.9000244140625,1209609
2024-02-20,1487.6839599609375,1504.199951171875,1508.0,1475.050048828125,1489.0,2390096
2024-02-21,1500.5908203125,1517.25,1526.800048828125,1502.5,1520.0,5259113
2024-02-22,1472.79931640625,1489.1500244140625,1520.0,1463.5,1517.25,4969478
2024-02-23,1464.0465087890625,1480.300048828125,1504.9000244140625,1475.050048828125,1498.449951171875,2557861
2024-02-26,1450.39794921875,1466.5,1486.0,1463.9000244140625,1481.0,2077787
2024-02-27,1476.656494140625,1493.050048828125,1497.3499755859375,1458.5,1466.5,2843312
2024-02-28,1433.287841796875,1449.199951171875,1503.449951171875,1442.5,1495.0,2661887
2024-02-29,1458.705810546875,1474.9000244140625,1484.0,1440.0,1451.0,4216252
2024-03-01,1509.8875732421875,1526.6500244140625,1528.75,1477.8499755859375,1480.0,3549401
2024-03-04,1514.486572265625,1531.300048828125,1538.949951171875,1520.3499755859375,1529.949951171875,2985524
2024-03-05,1525.5140380859375,1542.449951171875,1547.0,1524.0,1529.6500244140625,2694157
2024-03-06,1537.481201171875,1554.550048828125,1564.75,1536.550048828125,1542.449951171875,5167456
2024-03-07,1546.5802001953125,1563.75,1571.5,1546.050048828125,1556.449951171875,2285176
2024-03-11,1524.1295166015625,1541.050048828125,1568.75,1536.5999755859375,1566.0999755859375,1694488
2024-03-12,1516.21728515625,1533.050048828125,1555.949951171875,1528.5,1541.050048828125,1918571
2024-03-13,1486.151123046875,1502.6500244140625,1540.5999755859375,1495.0,1535.0,4165036
2024-03-14,1460.535400390625,1476.75,1506.9000244140625,1469.199951171875,1471.550048828125,3652530
2024-03-15,1468.052001953125,1484.3499755859375,1489.5,1456.699951171875,1474.0,2985042
2024-03-18,1464.4420166015625,1480.699951171875,1491.5999755859375,1466.300048828125,1487.25,2365287
2024-03-19,1418.353759765625,1434.0999755859375,1482.949951171875,1430.8499755859375,1476.050048828125,3180412
2024-03-20,1425.7220458984375,1441.550048828125,1464.0,1422.699951171875,1440.0,5480729
2024-03-21,1467.8046875,1484.0999755859375,1486.9000244140625,1459.0,1460.0,3870591
2024-03-22,1495.497314453125,1512.0999755859375,1520.3499755859375,1473.0,1477.75,5309042
2024-03-26,1502.0247802734375,1518.699951171875,1523.5999755859375,1502.199951171875,1512.0999755859375,9046136
2024-03-27,1516.7117919921875,1533.550048828125,1542.949951171875,1514.449951171875,1519.0,8408702
2024-03-28,1535.9482421875,1553.0,1564.5,1533.5999755859375,1534.75,3964429
2024-04-01,1525.464599609375,1542.4000244140625,1572.75,1539.0,1553.0,2159432
2024-04-02,1542.2779541015625,1559.4000244140625,1570.949951171875,1537.0,1542.949951171875,2335256
2024-04-03,1525.7119140625,1542.6500244140625,1556.9000244140625,1538.050048828125,1554.0,3711781
2024-04-04,1527.4920654296875,1544.449951171875,1550.449951171875,1511.199951171875,1548.050048828125,6077155
2024-04-05,1535.3548583984375,1552.4000244140625,1556.3499755859375,1528.0999755859375,1552.0,3286862
2024-04-08,1551.129638671875,1568.3499755859375,1576.3499755859375,1550.0,1560.0,2372626
2024-04-09,1537.8768310546875,1554.949951171875,1574.9000244140625,1541.0,1574.9000244140625,1176425
2024-04-10,1535.7998046875,1552.8499755859375,1564.8499755859375,1548.0,1564.8499755859375,2528578
2024-04-12,1538.5692138671875,1555.6500244140625,1562.699951171875,1542.0,1546.0,1749128
2024-04-15,1522.9920654296875,1539.9000244140625,1557.9000244140625,1530.0,1544.949951171875,1528341
2024-04-16,1474.5794677734375,1490.949951171875,1534.800048828125,1487.949951171875,1530.0,3981325
2024-04-18,1458.2113037109375,1474.4000244140625,1508.3499755859375,1468.1500244140625,1502.800048828125,3856849
2024-04-19,1465.77734375,1482.050048828125,1490.25,1444.4000244140625,1466.0,4311650
2024-04-22,1461.2772216796875,1477.5,1501.0,1469.949951171875,1494.0,2887202
2024-04-23,1458.3101806640625,1474.5,1485.800048828125,1471.0999755859375,1482.800048828125,1206443
2024-04-24,1458.45849609375,1474.6500244140625,1483.25,1462.75,1477.0,2964953
2024-04-25,1479.6729736328125,1496.0999755859375,1499.5,1470.550048828125,1476.050048828125,3697957
2024-04-26,1430.5186767578125,1446.4000244140625,1519.0,1443.300048828125,1511.5,6135488
2024-04-29,1470.920166015625,1487.25,1491.0,1450.0999755859375,1458.75,5463640
2024-04-30,1499.0577392578125,1515.699951171875,1537.0,1489.0,1497.800048828125,6293171
2024-05-02,1488.6729736328125,1505.199951171875,1521.300048828125,1500.050048828125,1508.0,2554549
2024-05-03,1467.4090576171875,1483.699951171875,1517.949951171875,1473.050048828125,1517.199951171875,2119368
2024-05-06,1481.0576171875,1497.5,1510.0,1482.050048828125,1495.699951171875,2600170
2024-05-07,1436.6011962890625,1452.550048828125,1502.6500244140625,1448.0,1497.5,1884596
2024-05-08,1426.6614990234375,1442.5,1455.0,1431.4000244140625,1455.0,5278612
2024-05-09,1386.0621337890625,1401.449951171875,1456.5999755859375,1393.449951171875,1445.5,3272042
2024-05-10,1394.666748046875,1410.1500244140625,1424.5,1395.550048828125,1402.0,1575172
2024-05-13,1389.1282958984375,1404.550048828125,1417.75,1377.25,1415.3499755859375,3624862
2024-05-14,1405.3975830078125,1421.0,1429.3499755859375,1402.800048828125,1407.0,1279355
2024-05-15,1401.5404052734375,1417.0999755859375,1429.8499755859375,1407.4000244140625,1421.0,2516309
2024-05-16,1393.2821044921875,1408.75,1425.0,1385.6500244140625,1420.199951171875,5666243
2024-05-17,1396.842529296875,1412.3499755859375,1417.0999755859375,1395.0,1408.0,3673405
2024-05-21,1391.0567626953125,1406.5,1420.8499755859375,1400.0,1420.0,3010012
2024-05-22,1389.5238037109375,1404.949951171875,1413.1500244140625,1391.8499755859375,1409.0,6739695
2024-05-23,1425.029541015625,1440.8499755859375,1451.0,1406.5999755859375,1408.550048828125,6444146
2024-05-24,1425.96923828125,1441.800048828125,1448.75,1427.8499755859375,1441.0,2155290
2024-05-27,1449.0133056640625,1465.0999755859375,1475.5999755859375,1439.300048828125,1447.8499755859375,3253683
2024-05-28,1443.326416015625,1459.3499755859375,1478.800048828125,1449.0999755859375,1472.800048828125,2381333
2024-05-29,1444.2166748046875,1460.25,1471.6500244140625,1439.25,1453.0,4383563
2024-05-30,1430.914306640625,1446.800048828125,1477.699951171875,1439.1500244140625,1458.0,3415942
2024-05-31,1445.799072265625,1461.8499755859375,1469.9000244140625,1446.550048828125,1456.0,3546505
2024-06-03,1512.904052734375,1529.699951171875,1534.9000244140625,1496.4000244140625,1514.949951171875,8265525
2024-06-04,1376.221435546875,1391.5,1521.9000244140625,1363.550048828125,1509.949951171875,7911282
2024-06-05,1484.4697265625,1500.949951171875,1515.800048828125,1372.3499755859375,1400.5,11014467
2024-06-06,1464.837646484375,1481.0999755859375,1509.800048828125,1470.9000244140625,1500.0,3279775
2024-06-07,1475.7169189453125,1492.0999755859375,1498.4000244140625,1463.449951171875,1468.550048828125,3964791
2024-06-10,1469.5355224609375,1485.8499755859375,1505.800048828125,1480.0999755859375,1498.5,2416022
2024-06-11,1464.788330078125,1481.050048828125,1491.0,1475.199951171875,1485.0,1737873
2024-06-12,1467.953125,1484.25,1492.25,1473.0,1491.0,5419536
2024-06-13,1490.7005615234375,1507.25,1510.0,1481.199951171875,1496.0,2446832
2024-06-14,1485.8543701171875,1502.3499755859375,1515.9000244140625,1495.949951171875,1510.5,2706742
2024-06-18,1491.343505859375,1507.9000244140625,1516.550048828125,1499.0999755859375,1514.0,2811967
2024-06-19,1511.4205322265625,1528.199951171875,1550.0,1513.25,1516.199951171875,11002582
2024-06-20,1511.0743408203125,1527.8499755859375,1540.75,1513.0,1536.0,3589441
2024-06-21,1510.382080078125,1527.1500244140625,1537.800048828125,1511.25,1523.0,5249389
2024-06-24,1474.03564453125,1490.4000244140625,1508.9000244140625,1478.199951171875,1507.1500244140625,4609137
2024-06-25,1479.1290283203125,1495.550048828125,1502.1500244140625,1482.199951171875,1494.75,3309896
2024-06-26,1481.4532470703125,1497.9000244140625,1521.0,1481.550048828125,1498.0,5605220
2024-06-27,1486.25,1502.75,1504.949951171875,1485.0,1494.0,5166134
2024-06-28,1464.5,1464.5,1491.0,1460.5,1491.0,6425323
2024-07-01,1456.9000244140625,1456.9000244140625,1469.0,1452.949951171875,1468.949951171875,3166439
2024-07-02,1429.449951171875,1429.449951171875,1460.449951171875,1420.6500244140625,1457.4000244140625,4644571
2024-07-03,1455.5,1455.5,1458.0,1421.9000244140625,1438.9000244140625,5907225
2024-07-04,1442.8499755859375,1442.8499755859375,1457.8499755859375,1436.199951171875,1455.449951171875,3010077
2024-07-05,1434.25,1434.25,1449.699951171875,1426.0,1437.0,4216309
2024-07-08,1438.050048828125,1438.050048828125,1441.699951171875,1422.800048828125,1428.0,2772277
2024-07-09,1434.25,1434.25,1449.5999755859375,1426.0,1441.0,3126274
2024-07-10,1425.949951171875,1425.949951171875,1433.5,1415.050048828125,1433.5,3979121
2024-07-11,1429.75,1429.75,1435.8499755859375,1415.699951171875,1427.949951171875,2416195
2024-07-12,1434.550048828125,1434.550048828125,1450.949951171875,1427.3499755859375,1432.0,3340305
2024-07-15,1444.050048828125,1444.050048828125,1449.0,1433.0,1438.5,4284427
2024-07-16,1445.9000244140625,1445.9000244140625,1450.0,1435.75,1445.050048828125,2284985
2024-07-18,1456.9000244140625,1456.9000244140625,1460.8499755859375,1438.0,1440.699951171875,3634938
2024-07-19,1432.449951171875,1432.449951171875,1452.0,1429.0,1451.550048828125,2981749
2024-07-22,1423.4000244140625,1423.4000244140625,1429.949951171875,1409.5999755859375,1428.0,2883674
2024-07-23,1413.199951171875,1413.199951171875,1427.0,1395.6500244140625,1422.5,3054925
2024-07-24,1396.6500244140625,1396.6500244140625,1412.5,1386.4000244140625,1409.800048828125,5553500
2024-07-25,1379.0999755859375,1379.0999755859375,1396.550048828125,1374.0,1389.0,3631639
2024-07-26,1403.9000244140625,1403.9000244140625,1409.0,1359.050048828125,1365.0,3607419
2024-07-29,1411.5,1411.5,1444.949951171875,1406.449951171875,1415.0,5955870
2024-07-30,1429.699951171875,1429.699951171875,1432.699951171875,1407.199951171875,1411.5,2158067
2024-07-31,1427.800048828125,1427.800048828125,1435.0,1414.050048828125,1435.0,3926481
2024-08-01,1419.8499755859375,1419.8499755859375,1440.0,1416.800048828125,1432.0,4074181
2024-08-02,1404.300048828125,1404.300048828125,1413.949951171875,1392.699951171875,1413.949951171875,3268026
2024-08-05,1389.449951171875,1389.449951171875,1396.199951171875,1369.0,1388.0,3532894
2024-08-06,1381.0,1381.0,1407.300048828125,1376.25,1395.0,2425599
2024-08-07,1345.1500244140625,1345.1500244140625,1399.5,1329.199951171875,1391.0,8728852
2024-08-08,1347.300048828125,1347.300048828125,1355.800048828125,1334.0,1347.949951171875,3669342
2024-08-09,1349.800048828125,1349.800048828125,1367.0,1338.050048828125,1367.0,5082087
2024-08-12,1350.8499755859375,1350.8499755859375,1357.5999755859375,1336.6500244140625,1349.800048828125,4436342
2024-08-13,1350.5999755859375,1350.5999755859375,1371.6500244140625,1343.5,1355.0,3905817
2024-08-14,1338.0999755859375,1338.0999755859375,1356.949951171875,1335.949951171875,1356.949951171875,4868357
2024-08-16,1364.1500244140625,1364.1500244140625,1367.9000244140625,1338.550048828125,1347.0999755859375,5456176
2024-08-19,1347.5999755859375,1347.5999755859375,1375.800048828125,1345.550048828125,1370.050048828125,5895105
2024-08-20,1381.300048828125,1381.300048828125,1391.6500244140625,1357.199951171875,1363.9000244140625,5507239
2024-08-21,1384.0,1384.0,1387.3499755859375,1366.4000244140625,1380.0,5441231
2024-08-22,1381.9000244140625,1381.9000244140625,1395.949951171875,1379.5999755859375,1384.050048828125,3510879
2024-08-23,1388.550048828125,1388.550048828125,1390.300048828125,1373.800048828125,1382.0,2252945
2024-08-26,1384.5,1384.5,1395.550048828125,1379.800048828125,1395.300048828125,2541300
2024-08-27,1383.199951171875,1383.199951171875,1387.1500244140625,1377.550048828125,1385.9000244140625,1167406
2024-08-28,1415.75,1415.75,1421.949951171875,1382.550048828125,1389.050048828125,6532773
2024-08-29,1417.449951171875,1417.449951171875,1423.050048828125,1405.25,1414.199951171875,3316387
2024-08-30,1425.25,1425.25,1430.0,1415.550048828125,1422.1500244140625,2792988
2024-09-02,1449.050048828125,1449.050048828125,1451.25,1425.25,1425.25,4024426
2024-09-03,1436.699951171875,1436.699951171875,1451.9000244140625,1433.9000244140625,1450.0,2351018
2024-09-04,1434.4000244140625,1434.4000244140625,1439.25,1417.0,1417.0,2919356
2024-09-05,1422.9000244140625,1422.9000244140625,1444.0,1418.9000244140625,1443.0,3427784
2024-09-06,1409.3499755859375,1409.3499755859375,1438.199951171875,1401.5,1426.449951171875,2608515
2024-09-09,1428.0999755859375,1428.0999755859375,1431.0,1400.0999755859375,1409.3499755859375,1802343
2024-09-10,1435.550048828125,1435.550048828125,1438.5,1420.5999755859375,1428.9000244140625,2414043
2024-09-11,1421.199951171875,1421.199951171875,1438.949951171875,1417.800048828125,1435.4000244140625,2622902
2024-09-12,1443.3499755859375,1443.3499755859375,1446.5,1420.1500244140625,1425.1500244140625,2437399
2024-09-13,1464.050048828125,1464.050048828125,1470.949951171875,1442.3499755859375,1450.0,2999055
2024-09-16,1470.199951171875,1470.199951171875,1473.949951171875,1461.0999755859375,1469.949951171875,1495683
2024-09-17,1466.3499755859375,1466.3499755859375,1483.5,1462.25,1478.0,1866702
2024-09-18,1480.25,1480.25,1488.75,1461.1500244140625,1470.0,3966006
2024-09-19,1484.75,1484.75,1498.0,1474.9000244140625,1494.949951171875,3861906
2024-09-20,1480.199951171875,1480.199951171875,1491.949951171875,1473.199951171875,1488.0,5335400
2024-09-23,1465.0999755859375,1465.0999755859375,1490.8499755859375,1453.050048828125,1490.199951171875,4610747
2024-09-24,1448.300048828125,1448.300048828125,1474.0999755859375,1446.0,1470.0999755859375,3893140
2024-09-25,1439.5,1439.5,1456.0,1432.25,1450.0,3012173
2024-09-26,1452.699951171875,1452.699951171875,1457.300048828125,1437.300048828125,1445.0,3388674
2024-09-27,1462.699951171875,1462.699951171875,1481.0,1454.0,1457.0,4708951
2024-09-30,1447.5999755859375,1447.5999755859375,1474.800048828125,1437.0,1467.0,2888962
2024-10-01,1409.699951171875,1409.699951171875,1450.300048828125,1404.6500244140625,1450.0,3377999
2024-10-03,1387.75,1387.75,1412.699951171875,1382.050048828125,1404.0,2081630
2024-10-04,1382.8499755859375,1382.8499755859375,1410.949951171875,1380.8499755859375,1384.050048828125,2178195
2024-10-07,1350.8499755859375,1350.8499755859375,1394.050048828125,1338.199951171875,1388.0,3878973
2024-10-08,1359.550048828125,1359.550048828125,1371.0,1343.550048828125,1357.8499755859375,2429248
2024-10-09,1341.550048828125,1341.550048828125,1371.5,1335.550048828125,1369.0,5269772
2024-10-10,1356.4000244140625,1356.4000244140625,1362.0,1344.300048828125,1350.0,1673393
2024-10-11,1347.5999755859375,1347.5999755859375,1371.300048828125,1339.0,1360.0999755859375,2755874
2024-10-14,1370.449951171875,1370.449951171875,1371.5,1348.300048828125,1354.5999755859375,1381439
2024-10-15,1360.9000244140625,1360.9000244140625,1374.449951171875,1349.449951171875,1371.0,2775029
2024-10-16,1346.300048828125,1346.300048828125,1358.3499755859375,1341.0999755859375,1355.0,2126519
2024-10-17,1347.3499755859375,1347.3499755859375,1354.25,1337.0,1348.0,1353852
2024-10-18,1347.25,1347.25,1354.949951171875,1331.0,1345.0,3676670
2024-10-21,1308.25,1308.25,1353.949951171875,1299.5999755859375,1352.050048828125,5862686
2024-10-22,1274.3499755859375,1274.3499755859375,1312.199951171875,1271.25,1309.0999755859375,4183194
2024-10-23,1274.300048828125,1274.300048828125,1284.9000244140625,1266.5,1274.3499755859375,4860497
2024-10-24,1280.050048828125,1280.050048828125,1285.949951171875,1258.1500244140625,1276.0,2441333
2024-10-25,1041.5999755859375,1041.5999755859375,1166.75,1025.5,1163.0,56935420
2024-10-28,1054.800048828125,1054.800048828125,1084.6500244140625,1031.0,1051.4000244140625,11099823
2024-10-29,1038.1500244140625,1038.1500244140625,1058.800048828125,1018.0999755859375,1058.800048828125,7951124
2024-10-30,1056.4000244140625,1056.4000244140625,1069.4000244140625,1030.25,1037.6500244140625,8907271
2024-10-31,1055.5999755859375,1055.5999755859375,1066.9000244140625,1044.0,1054.0,4509824
2024-11-01,1062.5,1062.5,1069.9000244140625,1058.550048828125,1061.449951171875,441083
2024-11-04,1063.800048828125,1063.800048828125,1070.5,1054.0999755859375,1067.0,5143749
2024-11-05,1090.0999755859375,1090.0999755859375,1092.4000244140625,1062.0,1063.699951171875,4840541
2024-11-06,1077.6500244140625,1077.6500244140625,1098.5999755859375,1068.25,1092.300048828125,7153974
2024-11-07,1056.800048828125,1056.800048828125,1086.0,1051.0,1086.0,4901367
2024-11-08,1053.800048828125,1053.800048828125,1061.449951171875,1048.050048828125,1061.449951171875,2107903
2024-11-11,1060.800048828125,1060.800048828125,1067.5,1040.0,1053.0,4918839
2024-11-12,1059.550048828125,1059.550048828125,1065.449951171875,1051.550048828125,1061.300048828125,2186055
2024-11-13,1036.699951171875,1036.699951171875,1067.800048828125,1032.199951171875,1053.800048828125,4850346
2024-11-14,1017.1500244140625,1017.1500244140625,1045.0,1015.0,1043.0,2612235
2024-11-18,1004.5999755859375,1004.5999755859375,1017.9500122070312,1000.0499877929688,1015.5,5427908
2024-11-19,1000.2000122070312,1000.2000122070312,1032.0,998.0999755859375,1010.5,5718490
2024-11-21,981.4500122070312,981.4500122070312,1003.0,966.4000244140625,1000.4000244140625,6606440
2024-11-22,998.2000122070312,998.2000122070312,1002.4500122070312,981.4000244140625,986.0,4026863
2024-11-25,1003.5,1003.5,1022.0499877929688,997.0499877929688,1020.0,6491357
2024-11-26,1009.5999755859375,1009.5999755859375,1017.7000122070312,998.0999755859375,1011.7000122070312,2390208
2024-11-27,1001.9500122070312,1001.9500122070312,1012.0,994.5,1012.0,4798242
2024-11-28,993.5999755859375,993.5999755859375,1013.4000244140625,991.3499755859375,1005.9500122070312,4822835
2024-11-29,995.8499755859375,995.8499755859375,999.5,987.2999877929688,998.0999755859375,4815934
2024-12-02,990.9500122070312,990.9500122070312,993.1500244140625,979.0,990.0499877929688,4969967
2024-12-03,998.3499755859375,998.3499755859375,1011.5,991.4000244140625,993.0,4665094
2024-12-04,998.8499755859375,998.8499755859375,1005.9500122070312,990.5,1005.0,4256690
2024-12-05,998.2000122070312,998.2000122070312,1006.0,990.5499877929688,1006.0,5254145
2024-12-06,990.3499755859375,990.3499755859375,1003.0499877929688,986.2999877929688,1000.0,6258019
2024-12-09,982.5999755859375,982.5999755859375,994.0,977.7999877929688,992.7999877929688,3565285
2024-12-10,984.2999877929688,984.2999877929688,988.4000244140625,979.0999755859375,983.0,3843321
2024-12-11,984.8499755859375,984.8499755859375,999.9000244140625,981.25,985.5,4679888
2024-12-12,997.9500122070312,997.9500122070312,1005.5,986.0,986.0,5771673
2024-12-13,986.6500244140625,986.6500244140625,997.6500244140625,965.5499877929688,991.0,5674567
2024-12-16,999.3499755859375,999.3499755859375,1007.9500122070312,985.5499877929688,987.9000244140625,3058066
2024-12-17,975.6500244140625,975.6500244140625,1002.0,972.0,1002.0,3294161
2024-12-18,965.2000122070312,965.2000122070312,979.2999877929688,960.5,976.7999877929688,2958191
2024-12-19,964.4000244140625,964.4000244140625,966.8499755859375,948.0,959.0,3665813
2024-12-20,929.4500122070312,929.4500122070312,966.8499755859375,926.4500122070312,960.0,4466131
2024-12-23,945.7000122070312,945.7000122070312,948.7999877929688,930.0499877929688,938.9500122070312,2502370
2024-12-24,935.2999877929688,935.2999877929688,946.0,929.7999877929688,941.0,5603093
2024-12-26,931.9500122070312,931.9500122070312,945.0,928.25,940.0,5262262
2024-12-27,953.4000244140625,953.4000244140625,971.0999755859375,933.0499877929688,933.0499877929688,6300341
2024-12-30,963.5,963.5,973.5,948.8499755859375,953.2999877929688,8165774
2024-12-31,960.1500244140625,960.1500244140625,961.4500122070312,949.0499877929688,958.0,2295670
2025-01-01,969.4000244140625,969.4000244140625,979.2999877929688,953.5,958.5999755859375,4024591
2025-01-02,991.3499755859375,991.3499755859375,998.0,968.7999877929688,975.5,3956740
2025-01-03,997.9000244140625,997.9000244140625,1025.4000244140625,990.6500244140625,993.0,5896120
2025-01-06,970.0499877929688,970.0499877929688,1004.9500122070312,963.2000122070312,1004.9500122070312,3370654
2025-01-07,983.5999755859375,983.5999755859375,994.5499877929688,970.1500244140625,970.1500244140625,3581533
2025-01-08,981.0499877929688,981.0499877929688,986.0,967.0999755859375,985.9000244140625,3781895
2025-01-09,980.9000244140625,980.9000244140625,985.3499755859375,970.4000244140625,981.0499877929688,3134034
2025-01-10,937.5999755859375,937.5999755859375,975.0,933.0499877929688,971.75,5611356
2025-01-13,941.7000122070312,941.7000122070312,973.5,934.5,936.9000244140625,8752532
2025-01-14,962.0999755859375,962.0999755859375,979.2999877929688,945.0999755859375,945.0999755859375,5735697
2025-01-15,962.4500122070312,962.4500122070312,983.0,954.6500244140625,971.25,3633812
2025-01-16,975.3499755859375,975.3499755859375,990.6500244140625,967.0,967.0,3948431
2025-01-17,970.9500122070312,970.9500122070312,975.5999755859375,959.0,972.8499755859375,3066978
2025-01-20,970.7000122070312,970.7000122070312,980.4500122070312,948.0999755859375,966.2000122070312,4485164
2025-01-21,960.4500122070312,960.4500122070312,978.5,958.0,971.5499877929688,3369291
2025-01-22,970.9500122070312,970.9500122070312,977.5499877929688,949.1500244140625,964.4500122070312,2639472
2025-01-23,970.9500122070312,970.9500122070312,988.5499877929688,962.5,965.9500122070312,3359986
2025-01-24,950.7999877929688,950.7999877929688,973.0,948.25,970.8499755859375,2938649
2025-01-27,926.4500122070312,926.4500122070312,947.0,923.7000122070312,947.0,3907787
2025-01-28,934.1500244140625,934.1500244140625,948.9500122070312,925.7000122070312,937.3499755859375,5708478
2025-01-29,948.2999877929688,948.2999877929688,953.0,931.9500122070312,935.7000122070312,2571504
2025-01-30,957.0499877929688,957.0499877929688,967.4000244140625,946.0999755859375,948.2999877929688,4509409
2025-01-31,991.2000122070312,991.2000122070312,999.2999877929688,953.0999755859375,957.5499877929688,5365839
2025-02-01,1009.4000244140625,1009.4000244140625,1023.0,972.4000244140625,977.0,6054296
2025-02-03,1012.7000122070312,1012.7000122070312,1023.9500122070312,990.0999755859375,994.0,3655089
2025-02-04,1047.1500244140625,1047.1500244140625,1053.9000244140625,1014.7000122070312,1022.4500122070312,9861468
2025-02-05,1061.199951171875,1061.199951171875,1078.699951171875,1052.4000244140625,1052.4000244140625,5000442
2025-02-06,1065.550048828125,1065.550048828125,1076.75,1058.050048828125,1062.0999755859375,3889634
2025-02-07,1079.0999755859375,1079.0999755859375,1086.550048828125,1061.5,1061.5,3975043
2025-02-10,1068.0,1068.0,1082.0,1062.699951171875,1076.0,4457091
2025-02-11,1054.1500244140625,1054.1500244140625,1074.9000244140625,1047.6500244140625,1063.5,4109028
2025-02-12,1039.6500244140625,1039.6500244140625,1063.949951171875,1020.25,1060.449951171875,4798340
2025-02-13,1047.25,1047.25,1056.949951171875,1025.4000244140625,1039.5,4539780
2025-02-14,1024.4000244140625,1024.4000244140625,1058.0999755859375,1018.2000122070312,1049.5999755859375,4036016
2025-02-17,1048.25,1048.25,1050.949951171875,1013.0999755859375,1024.4000244140625,2795714
2025-02-18,1024.0999755859375,1024.0999755859375,1051.5,1021.3499755859375,1045.0,2620716
2025-02-19,1035.800048828125,1035.800048828125,1042.050048828125,1015.9000244140625,1024.0999755859375,2464555
2025-02-20,1047.6500244140625,1047.6500244140625,1049.9000244140625,1025.5999755859375,1029.949951171875,1819683
2025-02-21,1043.75,1043.75,1055.800048828125,1038.949951171875,1041.550048828125,2589619
2025-02-24,1029.1500244140625,1029.1500244140625,1038.75,1021.0999755859375,1030.0999755859375,3074297
2025-02-25,1034.25,1034.25,1041.699951171875,1026.3499755859375,1028.199951171875,3628538
2025-02-27,1046.699951171875,1046.699951171875,1063.300048828125,1040.699951171875,1046.9000244140625,5951737
2025-02-28,990.0999755859375,990.0999755859375,1040.6500244140625,970.0999755859375,1040.0,55666745
2025-03-03,984.0,984.0,986.2999877929688,947.0,978.9500122070312,6158061
2025-03-04,987.5999755859375,987.5999755859375,1003.5999755859375,966.9500122070312,978.0,3271190
2025-03-05,971.8499755859375,971.8499755859375,995.25,970.6500244140625,984.25,3944062
2025-03-06,971.7000122070312,971.7000122070312,984.0999755859375,962.2000122070312,976.0,3928358
2025-03-07,936.75,936.75,976.5999755859375,932.2999877929688,971.0,7737031
2025-03-10,900.5,900.5,913.3499755859375,881.0999755859375,895.0,16014401
2025-03-11,655.9500122070312,655.9500122070312,810.4500122070312,649.0,810.4500122070312,101075220
2025-03-12,684.7000122070312,684.7000122070312,697.6500244140625,606.0,630.0,108682122
2025-03-13,672.3499755859375,672.3499755859375,706.9000244140625,667.6500244140625,690.0,31592987
2025-03-17,677.4000244140625,677.4000244140625,709.9000244140625,675.0,705.0,22353102
2025-03-18,677.4000244140625,677.4000244140625,677.4000244140625,677.4000244140625,677.4000244140625,0
2025-03-19,692.7000122070312,692.7000122070312,700.7999877929688,682.5499877929688,685.0,11120576
2025-03-20,684.0999755859375,684.0999755859375,701.0,681.0,697.5,8918567
2025-03-21,686.9000244140625,686.9000244140625,693.8499755859375,672.2999877929688,685.0,14265415
2025-03-24,669.4500122070312,669.4500122070312,693.75,665.1500244140625,692.0,14649992
2025-03-25,637.0499877929688,637.0499877929688,672.8499755859375,633.5999755859375,670.2000122070312,18615476
2025-03-26,655.2999877929688,655.2999877929688,662.5,637.4000244140625,637.4000244140625,23506399
2025-03-27,673.5499877929688,673.5499877929688,676.75,640.5,655.2999877929688,21589495
2025-03-28,649.8499755859375,649.8499755859375,673.9500122070312,643.5,672.0,8807815
2025-04-01,682.7000122070312,682.7000122070312,689.7999877929688,646.8499755859375,649.0,14019630
2025-04-02,702.4500122070312,702.4500122070312,708.4000244140625,675.0,682.7000122070312,14993840
2025-04-03,709.4000244140625,709.4000244140625,714.7000122070312,693.5,694.9500122070312,6972769
2025-04-04,682.0,682.0,704.9000244140625,675.6500244140625,701.0,9627949
2025-04-07,675.9000244140625,675.9000244140625,678.6500244140625,637.0,637.0,9382614
2025-04-08,679.6500244140625,679.6500244140625,695.9000244140625,673.0,684.9000244140625,5639989
2025-04-09,678.5499877929688,678.5499877929688,683.2999877929688,670.25,679.6500244140625,4243562
2025-04-11,689.5,689.5,694.0,675.5,684.9500122070312,5019467
2025-04-15,735.9000244140625,735.9000244140625,741.0,693.0499877929688,705.0,12452925
2025-04-16,788.25,788.25,794.4000244140625,733.0,747.0,31252589
2025-04-17,794.7000122070312,794.7000122070312,801.0,777.2999877929688,788.25,13986710
2025-04-21,828.2000122070312,828.2000122070312,841.9000244140625,798.3499755859375,802.0,15639685
2025-04-22,787.5,787.5,808.0,775.4000244140625,790.0,25698945
2025-04-23,794.2000122070312,794.2000122070312,805.0,782.0,797.4500122070312,10657940
2025-04-24,819.75,819.75,837.5,793.2999877929688,795.0,22577201
2025-04-25,822.3499755859375,822.3499755859375,829.0,807.3499755859375,822.0,11724192
2025-04-28,830.5499877929688,830.5499877929688,841.7999877929688,821.0499877929688,828.0,6929801
2025-04-29,836.9500122070312,836.9500122070312,852.0,828.5499877929688,841.9500122070312,8769289
2025-04-30,838.4000244140625,838.4000244140625,843.0999755859375,810.0499877929688,820.0,20241775
2025-05-02,856.4500122070312,856.4500122070312,863.5,833.0999755859375,835.0,7845964
2025-05-05,846.75,846.75,862.0,840.5499877929688,855.0,7875811
2025-05-06,831.7999877929688,831.7999877929688,851.25,821.9000244140625,846.75,10040705
2025-05-07,833.7999877929688,833.7999877929688,842.0,816.0999755859375,827.0,9432595
2025-05-08,826.7999877929688,826.7999877929688,844.25,816.0,835.0,13290700
2025-05-09,818.2000122070312,818.2000122070312,826.4500122070312,805.5,805.5,5074137
2025-05-12,788.5,788.5,838.0,786.0,835.0,14573162
2025-05-13,770.0999755859375,770.0999755859375,804.0,769.0499877929688,794.0,10848937
2025-05-14,781.3499755859375,781.3499755859375,786.4000244140625,764.5499877929688,775.0,9164606
2025-05-15,780.5,780.5,782.6500244140625,757.8499755859375,778.0,7350633
2025-05-16,780.2000122070312,780.2000122070312,785.5,750.0,750.0,27168178
2025-05-19,784.0499877929688,784.0499877929688,791.9500122070312,770.2999877929688,779.9000244140625,7193105
2025-05-20,782.25,782.25,799.7000122070312,780.0499877929688,785.0,6637953
2025-05-21,769.9500122070312,769.9500122070312,786.7000122070312,761.0,783.0,8134620
2025-05-22,785.0,785.0,796.7000122070312,725.7999877929688,750.0,43477564
2025-05-23,793.4000244140625,793.4000244140625,799.2000122070312,777.2999877929688,781.0999755859375,9260373
2025-05-26,800.0999755859375,800.0999755859375,802.0,790.75,793.3499755859375,5381797
2025-05-27,820.7000122070312,820.7000122070312,827.5999755859375,798.0,798.5999755859375,10346628
2025-05-28,805.1500244140625,805.1500244140625,820.7000122070312,802.9000244140625,820.5,5308859
2025-05-29,824.1500244140625,824.1500244140625,827.0,803.0499877929688,805.1500244140625,8791159
2025-05-30,816.9500122070312,816.9500122070312,823.8499755859375,811.0,821.0999755859375,5630146
2025-06-02,812.7000122070312,812.7000122070312,824.7999877929688,809.5499877929688,815.0,4094000
2025-06-03,800.8499755859375,800.8499755859375,818.4500122070312,798.1500244140625,818.4500122070312,3241313
2025-06-04,814.3499755859375,814.3499755859375,815.4500122070312,803.0,807.7999877929688,3877545
2025-06-05,803.2000122070312,803.2000122070312,818.5,800.2999877929688,817.0,3366237
2025-06-06,822.8499755859375,822.8499755859375,845.8499755859375,805.0,807.0,10916786
2025-06-09,836.6500244140625,836.6500244140625,840.0,821.5,831.25,6894267
2025-06-10,845.0499877929688,845.0499877929688,857.3499755859375,836.0,838.0,10162134
2025-06-11,836.2999877929688,836.2999877929688,851.4000244140625,834.4500122070312,845.25,2359273
2025-06-12,829.9000244140625,829.9000244140625,843.1500244140625,826.0,837.0,2742462
2025-06-13,816.8499755859375,816.8499755859375,826.7999877929688,813.0499877929688,819.0,3164561
2025-06-16,821.25,821.25,824.7999877929688,810.25,817.0499877929688,2286257
2025-06-17,809.1500244140625,809.1500244140625,820.9500122070312,806.0499877929688,820.0,2343961
2025-06-18,850.5,850.5,855.5,815.5499877929688,818.0499877929688,20826809
2025-06-19,837.5,837.5,849.5999755859375,835.4500122070312,847.0,4363823
2025-06-20,840.25,840.25,847.75,829.0,835.5,20961217
2025-06-23,839.9000244140625,839.9000244140625,845.0,826.5,835.2000122070312,3191499
2025-06-24,831.9500122070312,831.9500122070312,852.0,823.7999877929688,851.0,5482589
2025-06-25,829.7999877929688,829.7999877929688,838.7999877929688,828.0,834.0,4946637
2025-06-26,836.0999755859375,836.0999755859375,840.5,824.5,834.9000244140625,4451922
2025-06-27,857.7000122070312,857.7000122070312,881.0,831.5,836.0,12647856
2025-06-30,872.0999755859375,872.0999755859375,875.75,857.7000122070312,864.75,4353159
2025-07-01,879.0999755859375,879.0999755859375,892.7999877929688,866.0499877929688,870.0999755859375,5729474
2025-07-02,857.6500244140625,857.6500244140625,875.5,847.7000122070312,875.5,10183147
2025-07-03,862.4000244140625,862.4000244140625,866.0,845.5499877929688,849.0,3855070
2025-07-04,856.25,856.25,863.9000244140625,849.4000244140625,857.0999755859375,2658812
2025-07-07,854.4500122070312,854.4500122070312,866.9500122070312,845.2000122070312,847.0,3295065
2025-07-08,850.2999877929688,850.2999877929688,862.9000244140625,848.4500122070312,855.0,2344400
2025-07-09,840.75,840.75,854.9000244140625,839.5499877929688,851.75,2406142
2025-07-10,852.8499755859375,852.8499755859375,855.7000122070312,840.9500122070312,845.0,2560806
2025-07-11,858.8499755859375,858.8499755859375,867.7000122070312,849.5999755859375,852.0,3849544
2025-07-14,867.5999755859375,867.5999755859375,873.5,857.4500122070312,858.7999877929688,3605770
2025-07-15,881.0,881.0,886.75,869.6500244140625,871.0,3532750
2025-07-16,879.75,879.75,888.9500122070312,876.0,876.0,2863446
2025-07-17,865.0999755859375,865.0999755859375,890.9000244140625,862.75,879.75,4185118
2025-07-18,870.0499877929688,870.0499877929688,876.4500122070312,861.25,866.0,2622714
2025-07-21,858.7999877929688,858.7999877929688,870.0499877929688,830.5999755859375,870.0499877929688,6765856
2025-07-22,843.2000122070312,843.2000122070312,884.6500244140625,841.0999755859375,880.0,7686762
2025-07-23,851.1500244140625,851.1500244140625,854.0,841.7999877929688,849.0,2623940
2025-07-24,847.9000244140625,847.9000244140625,860.7999877929688,845.0,855.25,2006984
2025-07-25,823.7000122070312,823.7000122070312,848.4000244140625,821.4000244140625,846.4000244140625,2805230
2025-07-28,802.0499877929688,802.0499877929688,828.75,798.0,825.0,5922408
2025-07-29,808.2000122070312,808.2000122070312,818.8499755859375,790.0,800.0,16766666
2025-07-30,801.9000244140625,801.9000244140625,814.7999877929688,795.5499877929688,811.0,3218643
2025-07-31,798.9000244140625,798.9000244140625,806.0,789.0999755859375,795.5999755859375,4480429
2025-08-01,783.7000122070312,783.7000122070312,798.6500244140625,779.7000122070312,792.5,4739250
2025-08-04,804.0499877929688,804.0499877929688,805.5999755859375,781.0,783.0,2980888
2025-08-05,819.1500244140625,819.1500244140625,848.7000122070312,810.0499877929688,820.0,18982770
2025-08-06,803.3499755859375,803.3499755859375,822.0,795.4000244140625,822.0,5249912
2025-08-07,807.3499755859375,807.3499755859375,810.0,789.0999755859375,801.8499755859375,2553303
2025-08-08,782.4500122070312,782.4500122070312,808.5,779.0,806.5999755859375,2490574
2025-08-11,783.25,783.25,790.0999755859375,777.8499755859375,784.5,1629229
2025-08-12,783.0499877929688,783.0499877929688,791.3499755859375,780.7999877929688,784.0499877929688,1462522
2025-08-13,773.4500122070312,773.4500122070312,787.7999877929688,766.7000122070312,787.0,4114205
2025-08-14,769.75,769.75,779.7999877929688,765.7000122070312,773.4500122070312,1859573
2025-08-18,788.6500244140625,788.6500244140625,795.9000244140625,777.5,777.5,3029689
2025-08-19,785.5,785.5,790.7000122070312,780.8499755859375,787.25,2807872
2025-08-20,778.2000122070312,778.2000122070312,790.2000122070312,777.0,786.4500122070312,2332155
2025-08-21,767.4500122070312,767.4500122070312,781.8499755859375,766.5,781.0,3324022
2025-08-22,760.0999755859375,760.0999755859375,772.7000122070312,758.75,767.4500122070312,2483587
2025-08-25,770.8499755859375,770.8499755859375,775.0,761.5,767.9500122070312,2790762
2025-08-26,756.4000244140625,756.4000244140625,773.0,754.1500244140625,770.8499755859375,3306397
2025-08-28,746.5999755859375,746.5999755859375,762.4000244140625,744.8499755859375,756.4000244140625,3085661
2025-08-29,739.5,739.5,750.3499755859375,738.0,743.0,2538543
2025-09-01,752.8499755859375,752.8499755859375,754.0,741.5,742.4000244140625,1436082
2025-09-02,751.2000122070312,751.2000122070312,758.75,747.5,753.0,1330606
2025-09-03,768.0999755859375,768.0999755859375,769.0,749.2000122070312,750.0,1933362
2025-09-04,754.8499755859375,754.8499755859375,773.4000244140625,752.8499755859375,771.7999877929688,1401421
2025-09-05,757.0499877929688,757.0499877929688,759.5,750.0,756.3499755859375,2873689
2025-09-08,750.75,750.75,760.5,746.5,759.5,2330647
2025-09-09,746.1500244140625,746.1500244140625,755.0999755859375,745.0999755859375,753.6500244140625,1347461
2025-09-10,751.25,751.25,755.8499755859375,746.0999755859375,750.2000122070312,1350420
2025-09-11,748.5999755859375,748.5999755859375,754.2999877929688,747.5,751.5,975314
2025-09-12,740.5,740.5,754.3499755859375,739.25,753.0,1853165
2025-09-15,739.9000244140625,739.9000244140625,744.4000244140625,738.0999755859375,741.0,1499071
2025-09-16,742.25,742.25,748.9500122070312,734.5999755859375,740.7000122070312,2892657
2025-09-17,739.0499877929688,739.0499877929688,745.9000244140625,737.0499877929688,745.0,2280605
2025-09-18,735.4500122070312,735.4500122070312,743.0,732.5,742.4500122070312,2280312
2025-09-19,744.4000244140625,744.4000244140625,746.9500122070312,736.1500244140625,738.0,8190278
2025-09-22,734.2999877929688,734.2999877929688,748.2999877929688,733.4000244140625,744.4000244140625,1884250
2025-09-23,755.25,755.25,757.0,729.0499877929688,735.0,4501893
2025-09-24,740.75,740.75,758.9500122070312,738.9000244140625,755.25,2993982
2025-09-25,740.75,740.75,745.5999755859375,735.4000244140625,740.9500122070312,3037406
2025-09-26,712.75,712.75,742.6500244140625,710.5999755859375,742.0,5779485
2025-09-29,723.4000244140625,723.4000244140625,734.8499755859375,712.5499877929688,717.75,41100690
2025-09-30,735.5499877929688,735.5499877929688,737.7000122070312,722.5499877929688,730.0,3965781
2025-10-01,743.1500244140625,743.1500244140625,745.4500122070312,726.0,732.2000122070312,4127017
2025-10-03,747.4000244140625,747.4000244140625,758.9500122070312,741.75,743.2000122070312,4112610
2025-10-06,739.2999877929688,739.2999877929688,755.5999755859375,734.0999755859375,742.0,5118797
2025-10-07,749.0,749.0,752.4000244140625,740.4500122070312,742.9500122070312,4348518
2025-10-08,740.9500122070312,740.9500122070312,754.0999755859375,739.1500244140625,747.0499877929688,4238626
2025-10-09,749.1500244140625,749.1500244140625,753.2999877929688,743.0,744.0,3506978
2025-10-10,763.3499755859375,763.3499755859375,766.75,747.75,749.5999755859375,5386722
2025-10-13,759.9000244140625,759.9000244140625,767.9500122070312,757.0499877929688,758.0,2906803
2025-10-14,750.4000244140625,750.4000244140625,763.0499877929688,743.2999877929688,758.0,1833516
2025-10-15,740.0999755859375,740.0999755859375,753.0,733.2000122070312,752.3499755859375,2333738
2025-10-16,739.5,739.5,744.8499755859375,735.0,742.9000244140625,3056360
2025-10-17,751.0,751.0,761.0,734.5,740.0,4770012
2025-10-20,759.75,759.75,770.6500244140625,726.2999877929688,743.0,9184006
2025-10-21,758.4500122070312,758.4500122070312,762.9000244140625,756.0,761.9500122070312,350896
2025-10-23,759.5999755859375,759.5999755859375,766.0,751.7999877929688,759.0,5363491
2025-10-24,755.0499877929688,755.0499877929688,759.9500122070312,750.8499755859375,759.9500122070312,2001556
2025-10-27,770.0499877929688,770.0499877929688,772.0,753.1500244140625,755.7000122070312,3590863
2025-10-28,799.75,799.75,801.9500122070312,772.4500122070312,773.9000244140625,8948361
2025-10-29,807.4500122070312,807.4500122070312,810.0499877929688,793.7999877929688,804.0,4077629
2025-10-30,800.9500122070312,800.9500122070312,810.0,797.25,807.0,4103276
2025-10-31,794.7999877929688,794.7999877929688,806.5,792.0,800.9500122070312,3511425
2025-11-03,796.9000244140625,796.9000244140625,803.7000122070312,791.1500244140625,794.7999877929688,2640561
2025-11-04,790.2000122070312,790.2000122070312,799.25,785.0999755859375,797.0499877929688,3505823
2025-11-05,790.2000122070312,790.2000122070312,790.2000122070312,790.2000122070312,790.2000122070312,0
2025-11-06,786.2000122070312,786.2000122070312,797.5,777.3499755859375,791.0,2640541
2025-11-07,797.25,797.25,801.9500122070312,779.0999755859375,782.1500244140625,2079256
2025-11-10,799.3499755859375,799.3499755859375,807.7999877929688,791.0,791.0,1894738
2025-11-11,826.0999755859375,826.0999755859375,828.2000122070312,792.7999877929688,799.7000122070312,7150449
2025-11-12,864.4000244140625,864.4000244140625,873.0,827.0,830.0499877929688,11714519
2025-11-13,863.4500122070312,863.4500122070312,892.3499755859375,859.0499877929688,862.0,9325204
2025-11-14,848.25,848.25,872.0,845.8499755859375,864.0,4460991
2025-11-17,854.0499877929688,854.0499877929688,861.75,838.5,852.0,4019335
2025-11-18,847.9500122070312,847.9500122070312,858.5,845.0499877929688,854.0499877929688,1958051
2025-11-19,839.5999755859375,839.5999755859375,850.2999877929688,836.2999877929688,850.0,2317710
2025-11-20,829.4000244140625,829.4000244140625,844.0,827.5,844.0,5136903
2025-11-21,846.5499877929688,846.5499877929688,856.7999877929688,830.5499877929688,832.2000122070312,7304707
2025-11-24,836.0499877929688,836.0499877929688,857.5,832.5499877929688,847.0999755859375,5082933
2025-11-25,839.9000244140625,839.9000244140625,844.9000244140625,829.0499877929688,836.0499877929688,3021941
2025-11-26,850.7000122070312,850.7000122070312,858.7000122070312,841.0,844.9000244140625,2939823
2025-11-27,857.4500122070312,857.4500122070312,863.75,846.5499877929688,853.0,3016014
2025-11-28,858.5499877929688,858.5499877929688,863.0,851.5,859.6500244140625,2901007
2025-12-01,847.1500244140625,847.1500244140625,862.4000244140625,842.6500244140625,860.0,3019328
2025-12-02,850.2999877929688,850.2999877929688,860.5,845.4000244140625,847.1500244140625,2674933
2025-12-03,846.9000244140625,846.9000244140625,856.2999877929688,841.3499755859375,854.0,2063761
2025-12-04,863.0,863.0,873.0,842.9000244140625,846.0,4259999
2025-12-05,870.0999755859375,870.0999755859375,874.4000244140625,856.0999755859375,863.6500244140625,3377823
2025-12-08,841.4000244140625,841.4000244140625,873.5999755859375,834.5,870.0999755859375,2015558
2025-12-09,844.3499755859375,844.3499755859375,848.7000122070312,832.1500244140625,841.4500122070312,3015385
2025-12-10,833.8499755859375,833.8499755859375,851.5999755859375,828.1500244140625,847.7999877929688,2623610
2025-12-11,835.5499877929688,835.5499877929688,842.7999877929688,827.5,834.4500122070312,2810755
2025-12-12,846.1500244140625,846.1500244140625,851.2000122070312,839.0,840.0499877929688,3492109
2025-12-15,851.25,851.25,853.5,835.4000244140625,845.9500122070312,2458486
2025-12-16,845.0499877929688,845.0499877929688,856.7999877929688,841.8499755859375,854.0,2811166
2025-12-17,833.8499755859375,833.8499755859375,846.0999755859375,827.7999877929688,838.2000122070312,3107473
2025-12-18,834.9000244140625,834.9000244140625,842.5,826.0,830.7999877929688,1537403
2025-12-19,844.7000122070312,844.7000122070312,847.9000244140625,831.0,834.9000244140625,7000947
2025-12-22,856.4000244140625,856.4000244140625,862.7999877929688,840.9000244140625,845.0,2387606
2025-12-23,849.9000244140625,849.9000244140625,859.7000122070312,846.2000122070312,856.4000244140625,1628642
2025-12-24,848.0499877929688,848.0499877929688,858.8499755859375,844.2000122070312,850.0,1947886
2025-12-25,848.0499877929688,848.0499877929688,848.0499877929688,848.0499877929688,848.0499877929688,0
2025-12-26,849.8499755859375,849.8499755859375,858.9000244140625,837.0999755859375,841.0499877929688,4257972
2025-12-29,839.5999755859375,839.5999755859375,854.5499877929688,836.5999755859375,849.7999877929688,1907670
2025-12-30,841.5,841.5,844.0999755859375,833.25,839.5999755859375,4409838
2025-12-31,864.2000122070312,864.2000122070312,869.5999755859375,836.5499877929688,841.5,2887744
2026-01-01,890.2000122070312,890.2000122070312,891.5999755859375,863.5,865.4500122070312,4244931
2026-01-02,902.4500122070312,902.4500122070312,909.75,890.25,896.0,6250730
2026-01-05,899.9500122070312,899.9500122070312,910.0,892.5,905.0,2521435
2026-01-06,914.25,914.25,924.0,886.5,898.0,8308942
2026-01-07,897.8499755859375,897.8499755859375,924.7000122070312,892.8499755859375,914.5,2952528
2026-01-08,883.4500122070312,883.4500122070312,902.75,876.0999755859375,897.0,3567518
2026-01-09,882.25,882.25,892.0,878.0499877929688,878.0499877929688,2515780
2026-01-12,905.4500122070312,905.4500122070312,907.9500122070312,879.0999755859375,880.2000122070312,4015935
2026-01-13,910.5499877929688,910.5499877929688,913.7000122070312,897.5,909.0,3958844
2026-01-14,944.5,944.5,948.9000244140625,905.0,913.0,11559313
2026-01-16,953.8499755859375,953.8499755859375,960.2000122070312,938.0499877929688,945.0,10345071
