date_,adj close_lichsgfin.ns,close_lichsgfin.ns,high_lichsgfin.ns,low_lichsgfin.ns,open_lichsgfin.ns,volume_lichsgfin.ns
2024-01-16,566.2755737304688,583.9500122070312,589.3499755859375,573.8499755859375,576.5,4329890
2024-01-17,557.8388671875,575.25,585.3499755859375,573.9500122070312,582.0,2747008
2024-01-18,558.711669921875,576.1500244140625,579.5,560.4500122070312,574.0999755859375,1344935
2024-01-19,566.6634521484375,584.3499755859375,590.0,577.5,580.0999755859375,2037879
2024-01-23,543.7777709960938,560.75,584.2999877929688,554.4500122070312,581.7999877929688,3715271
2024-01-24,559.923828125,577.4000244140625,578.9500122070312,554.5999755859375,561.7999877929688,1503671
2024-01-25,561.6693725585938,579.2000122070312,586.5,567.0499877929688,580.0,2560166
2024-01-29,581.8397216796875,600.0,608.7999877929688,578.0,579.2000122070312,6752824
2024-01-30,598.6646118164062,617.3499755859375,627.9500122070312,604.2000122070312,605.0,6018763
2024-01-31,606.6649169921875,625.5999755859375,627.9500122070312,618.3499755859375,621.7999877929688,5030287
2024-02-01,610.5924072265625,629.6500244140625,634.7999877929688,619.9500122070312,625.3499755859375,5463844
2024-02-02,615.0531005859375,634.25,642.4000244140625,625.0,634.9000244140625,2873863
2024-02-05,621.0170288085938,640.4000244140625,655.75,626.0499877929688,640.0,4528404
2024-02-06,628.871826171875,648.5,650.6500244140625,634.5,646.2999877929688,2829812
2024-02-07,626.447509765625,646.0,669.7999877929688,636.2999877929688,659.0,3261779
2024-02-08,627.9990234375,647.5999755859375,655.5999755859375,642.4500122070312,650.25,1639613
2024-02-09,630.5203857421875,650.2000122070312,656.9000244140625,632.1500244140625,650.0,2017131
2024-02-12,601.6708374023438,620.4500122070312,653.5,616.3499755859375,651.0499877929688,1869679
2024-02-13,611.9014892578125,631.0,632.5999755859375,614.1500244140625,616.0,2821807
2024-02-14,617.3319702148438,636.5999755859375,640.6500244140625,619.0,621.0,1260746
2024-02-15,618.64111328125,637.9500122070312,644.2000122070312,629.2999877929688,639.7999877929688,1914588
2024-02-16,622.3261108398438,641.75,648.4500122070312,639.5,641.0,1798377
2024-02-19,615.6349487304688,634.8499755859375,645.9000244140625,633.0,645.0,1148627
2024-02-20,619.6109008789062,638.9500122070312,639.9000244140625,626.6500244140625,634.8499755859375,1502356
2024-02-21,621.5018920898438,640.9000244140625,646.9500122070312,637.5499877929688,637.5499877929688,2367781
2024-02-22,622.8109741210938,642.25,644.0,635.5499877929688,641.4000244140625,868334
2024-02-23,622.8594970703125,642.2999877929688,648.7999877929688,637.9500122070312,645.5,1038739
2024-02-26,639.199462890625,659.1500244140625,661.4500122070312,643.0,643.4500122070312,3011803
2024-02-27,629.8900146484375,649.5499877929688,666.0999755859375,645.0,661.9000244140625,2940335
2024-02-28,618.8351440429688,638.1500244140625,656.3499755859375,635.75,651.8499755859375,1130316
2024-02-29,628.3385009765625,647.9500122070312,652.0,633.5,641.1500244140625,2116417
2024-03-01,629.1142578125,648.75,654.9000244140625,646.4500122070312,650.3499755859375,877615
2024-03-04,637.8418579101562,657.75,661.1500244140625,648.75,650.0,1558962
2024-03-05,636.1448364257812,656.0,671.9500122070312,652.9000244140625,660.0,2375311
2024-03-06,620.7745971679688,640.1500244140625,656.4500122070312,623.0,656.0,2796433
2024-03-07,618.3017578125,637.5999755859375,648.0,634.7999877929688,640.5499877929688,1314041
2024-03-11,615.3925170898438,634.5999755859375,642.0,633.0999755859375,639.0,1351832
2024-03-12,605.2103271484375,624.0999755859375,639.0,619.8499755859375,634.5499877929688,1854808
2024-03-13,572.578857421875,590.4500122070312,625.9500122070312,584.9500122070312,625.0,3102446
2024-03-14,573.887939453125,591.7999877929688,595.5499877929688,577.75,586.5,1799972
2024-03-15,566.9058837890625,584.5999755859375,594.75,575.25,585.2999877929688,3195333
2024-03-18,557.6934204101562,575.0999755859375,587.7000122070312,573.8499755859375,585.0,1642367
2024-03-19,553.47509765625,570.75,575.5,565.0499877929688,574.7000122070312,1575894
2024-03-20,552.7962646484375,570.0499877929688,575.1500244140625,559.4500122070312,573.5,1023212
2024-03-21,573.4515380859375,591.3499755859375,594.0,575.1500244140625,575.2000122070312,1697503
2024-03-22,577.4759521484375,595.5,599.0,588.0,588.0,1290405
2024-03-26,574.8092041015625,592.75,598.7999877929688,590.0499877929688,595.5,2247918
2024-03-27,573.5001220703125,591.4000244140625,597.6500244140625,589.4500122070312,593.9500122070312,1075990
2024-03-28,592.4583740234375,610.9500122070312,614.5,591.7999877929688,591.7999877929688,2992847
2024-04-01,616.9441528320312,636.2000122070312,638.0,614.2000122070312,617.3499755859375,1573234
2024-04-02,619.7562866210938,639.0999755859375,642.9500122070312,630.6500244140625,638.0,1608600
2024-04-03,621.9867553710938,641.4000244140625,644.0,632.0,637.7999877929688,1187104
2024-04-04,624.362548828125,643.8499755859375,661.0,641.8499755859375,646.25,3145305
2024-04-05,624.7989501953125,644.2999877929688,647.7000122070312,636.0499877929688,647.7000122070312,1830294
2024-04-08,627.2232666015625,646.7999877929688,655.8499755859375,636.0999755859375,649.2000122070312,5285739
2024-04-09,631.6355590820312,651.3499755859375,659.3499755859375,646.75,651.0,3264890
2024-04-10,629.4051513671875,649.0499877929688,655.8499755859375,644.5499877929688,654.7999877929688,2938995
2024-04-12,628.871826171875,648.5,658.8499755859375,644.2000122070312,647.5499877929688,3207293
2024-04-15,619.1260375976562,638.4500122070312,654.75,624.5999755859375,633.0,3059341
2024-04-16,634.2537841796875,654.0499877929688,661.6500244140625,633.5499877929688,635.0,5288396
2024-04-18,622.9564819335938,642.4000244140625,666.0,639.0999755859375,658.2000122070312,3395430
2024-04-19,623.4898681640625,642.9500122070312,646.7000122070312,624.25,637.0,2471599
2024-04-22,643.1268920898438,663.2000122070312,665.5,644.75,647.2000122070312,4657549
2024-04-23,650.884765625,671.2000122070312,674.7999877929688,661.0999755859375,669.0,4555962
2024-04-24,653.0667114257812,673.4500122070312,681.5,670.0,674.5499877929688,3744615
2024-04-25,641.2359008789062,661.25,675.0,656.5,675.0,2711612
2024-04-26,641.3328857421875,661.3499755859375,672.4000244140625,657.0,665.8499755859375,1345850
2024-04-29,646.6663818359375,666.8499755859375,670.0999755859375,652.3499755859375,666.0,1647600
2024-04-30,653.4545288085938,673.8499755859375,681.4500122070312,663.5999755859375,671.9000244140625,3980481
2024-05-02,648.8482666015625,669.0999755859375,683.0,666.0,675.0499877929688,2269415
2024-05-03,634.2537841796875,654.0499877929688,675.9000244140625,644.5,672.0,2650534
2024-05-06,614.8591918945312,634.0499877929688,657.9000244140625,627.0,657.9000244140625,2354753
2024-05-07,604.2891235351562,623.1500244140625,636.5499877929688,614.0999755859375,635.9500122070312,2023998
2024-05-08,616.3622436523438,635.5999755859375,643.75,615.2000122070312,622.75,1932062
2024-05-09,601.3313598632812,620.0999755859375,641.8499755859375,617.7999877929688,635.5999755859375,1441646
2024-05-10,607.5377197265625,626.5,639.1500244140625,622.5,623.9500122070312,2207795
2024-05-13,606.131591796875,625.0499877929688,632.0,610.0,627.5,1290217
2024-05-14,614.5682373046875,633.75,638.7000122070312,612.2000122070312,624.0,2703123
2024-05-15,611.9014892578125,631.0,640.6500244140625,623.0499877929688,636.0,2552119
2024-05-16,633.3811645507812,653.1500244140625,657.1500244140625,625.0,635.5,12146190
2024-05-17,632.2659301757812,652.0,669.9500122070312,646.5999755859375,656.0,2802622
2024-05-21,631.926513671875,651.6500244140625,653.9000244140625,638.0499877929688,644.8499755859375,3289447
2024-05-22,635.7084350585938,655.5499877929688,657.9000244140625,644.25,655.9500122070312,2439158
2024-05-23,634.3023071289062,654.0999755859375,663.0,649.4000244140625,657.9500122070312,1479811
2024-05-24,629.4536743164062,649.0999755859375,657.0499877929688,646.3499755859375,653.0,938672
2024-05-27,621.3079223632812,640.7000122070312,653.0,636.5,650.0499877929688,838874
2024-05-28,625.8656616210938,645.4000244140625,646.7999877929688,638.4000244140625,640.0999755859375,1323026
2024-05-29,627.2232666015625,646.7999877929688,653.8499755859375,640.2000122070312,643.5,2015125
2024-05-30,612.1924438476562,631.2999877929688,648.2999877929688,626.7000122070312,642.5499877929688,1576306
2024-05-31,613.550048828125,632.7000122070312,639.0,625.2999877929688,633.0,2597394
2024-06-03,660.3396606445312,680.9500122070312,685.5,651.5499877929688,670.0,5954520
2024-06-04,559.5359497070312,577.0,674.9500122070312,544.7999877929688,674.9500122070312,10513971
2024-06-05,603.46484375,622.2999877929688,624.0,580.4000244140625,593.0,4306196
2024-06-06,631.3446044921875,651.0499877929688,654.0,629.4000244140625,633.9500122070312,2171720
2024-06-07,642.0601806640625,662.0999755859375,671.5,648.3499755859375,654.25,1904908
2024-06-10,653.9879760742188,674.4000244140625,678.0,663.0,666.2999877929688,3121182
2024-06-11,659.5153198242188,680.0999755859375,688.0,672.0499877929688,683.0499877929688,4311375
2024-06-12,693.7470092773438,715.4000244140625,719.5499877929688,682.1500244140625,683.9500122070312,10108963
2024-06-13,697.5289306640625,719.2999877929688,726.0,706.7000122070312,722.0,4302152
2024-06-14,709.505126953125,731.6500244140625,734.7000122070312,717.2000122070312,720.0499877929688,2561548
2024-06-18,726.1845092773438,748.8499755859375,759.7999877929688,733.6500244140625,736.8499755859375,3805256
2024-06-19,714.111328125,736.4000244140625,751.8499755859375,729.3499755859375,750.0,2666976
2024-06-20,717.3115234375,739.7000122070312,746.2999877929688,734.7000122070312,738.0999755859375,1283939
2024-06-21,709.6021118164062,731.75,743.4000244140625,727.2999877929688,743.4000244140625,2238812
2024-06-24,711.68701171875,733.9000244140625,736.75,721.75,731.7000122070312,2494394
2024-06-25,746.5488891601562,769.8499755859375,776.3499755859375,722.6500244140625,734.9000244140625,6460950
2024-06-26,755.22802734375,778.7999877929688,788.0999755859375,759.3499755859375,770.0,5092505
2024-06-27,763.7616577148438,787.5999755859375,800.75,772.4000244140625,775.9500122070312,5870141
2024-06-28,772.6832275390625,796.7999877929688,809.9000244140625,782.5,785.0,3419490
2024-07-01,791.6414794921875,816.3499755859375,821.25,795.0,800.2999877929688,3206810
2024-07-02,771.3741455078125,795.4500122070312,819.2999877929688,788.0,818.0,3268240
2024-07-03,775.3499755859375,799.5499877929688,809.0,795.25,800.9500122070312,1670552
2024-07-04,768.9982299804688,793.0,803.5,785.0999755859375,803.5,1270061
2024-07-05,771.6165161132812,795.7000122070312,804.0,783.5,794.25,1698197
2024-07-08,758.4766845703125,782.1500244140625,800.0,780.2000122070312,798.7999877929688,1801676
2024-07-09,748.1005249023438,771.4500122070312,791.75,768.0,785.0,1892159
2024-07-10,756.2462158203125,779.8499755859375,781.0,751.7000122070312,775.0,1827229
2024-07-11,766.8163452148438,790.75,796.7999877929688,781.5499877929688,784.9500122070312,3014084
2024-07-12,756.1007690429688,779.7000122070312,796.0,776.2999877929688,795.0,1647253
2024-07-15,778.9865112304688,803.2999877929688,807.4000244140625,765.9000244140625,780.2000122070312,3307875
2024-07-16,782.5745239257812,807.0,826.75,801.5999755859375,804.7000122070312,4814069
2024-07-18,771.6165161132812,795.7000122070312,813.9500122070312,788.0,810.0,4410032
2024-07-19,748.2459106445312,771.5999755859375,796.5,769.0499877929688,796.0,1654193
2024-07-22,769.8224487304688,793.8499755859375,799.25,761.1500244140625,770.0,1877865
2024-07-23,746.8883666992188,770.2000122070312,804.0,750.2000122070312,800.7999877929688,4674751
2024-07-24,758.379638671875,782.0499877929688,791.7000122070312,765.0,772.0,2885808
2024-07-25,743.688232421875,766.9000244140625,778.9500122070312,755.5499877929688,778.9500122070312,2947125
2024-07-26,767.3496704101562,791.2999877929688,797.0,767.0,767.9000244140625,1776371
2024-07-29,767.5921630859375,791.5499877929688,809.5499877929688,789.0,797.5,2155386
2024-07-30,750.5733642578125,774.0,794.8499755859375,770.5,794.8499755859375,3815235
2024-07-31,744.027587890625,767.25,776.9500122070312,765.2000122070312,776.0,3049275
2024-08-01,734.6212158203125,757.5499877929688,778.8499755859375,756.0,771.4500122070312,1632602
2024-08-02,725.9420776367188,748.5999755859375,760.9000244140625,741.0,745.0,2233217
2024-08-05,665.38232421875,686.1500244140625,724.0,669.0,710.3499755859375,12392927
2024-08-06,632.1204223632812,651.8499755859375,705.0,650.0,689.5,6818431
2024-08-07,617.8653564453125,637.1500244140625,670.0,633.2000122070312,655.0499877929688,5105582
2024-08-08,620.6290893554688,640.0,650.75,634.0,640.7000122070312,4362479
2024-08-09,618.8351440429688,638.1500244140625,649.1500244140625,635.0,645.0,2405546
2024-08-12,627.077880859375,646.6500244140625,649.1500244140625,626.3499755859375,642.5,3170034
2024-08-13,622.2776489257812,641.7000122070312,654.5499877929688,638.6500244140625,654.4000244140625,3857891
2024-08-14,624.0716552734375,643.5499877929688,647.25,631.7000122070312,643.7000122070312,1845937
2024-08-16,638.3267211914062,658.25,660.2999877929688,646.2000122070312,648.9500122070312,2437248
2024-08-19,647.8786010742188,668.0999755859375,671.7999877929688,654.3499755859375,663.0,3232620
2024-08-20,654.27880859375,674.7000122070312,677.0,658.25,673.0,3143214
2024-08-21,658.3517456054688,678.9000244140625,682.2000122070312,670.5999755859375,677.5,2392035
2024-08-22,661.697265625,682.3499755859375,685.5,678.0,682.7999877929688,1492805
2024-08-23,660.9602661132812,672.5999755859375,678.8499755859375,670.6500244140625,676.0999755859375,1556763
2024-08-26,654.3270874023438,665.8499755859375,675.8499755859375,660.0499877929688,672.0499877929688,2941811
2024-08-27,672.26123046875,684.0999755859375,686.9500122070312,661.9000244140625,665.0499877929688,4318499
2024-08-28,663.2205200195312,674.9000244140625,690.0,671.5,690.0,2289104
2024-08-29,664.2523193359375,675.9500122070312,681.9000244140625,667.0499877929688,673.9000244140625,1357363
2024-08-30,662.7291870117188,674.4000244140625,683.6500244140625,673.25,677.6500244140625,1790107
2024-09-02,663.9083251953125,675.5999755859375,680.75,670.0999755859375,674.5999755859375,1104837
2024-09-03,682.0390625,694.0499877929688,695.2000122070312,678.0,683.5,3808579
2024-09-04,679.2384033203125,691.2000122070312,699.7000122070312,680.9500122070312,689.8499755859375,4494906
2024-09-05,695.1580810546875,707.4000244140625,719.5,694.75,695.0,6112607
2024-09-06,682.5795288085938,694.5999755859375,716.0,691.5499877929688,706.9000244140625,2956463
2024-09-09,687.787841796875,699.9000244140625,705.7999877929688,682.4000244140625,694.5999755859375,2367930
2024-09-10,674.7671508789062,686.6500244140625,705.0,684.0,703.0,2357859
2024-09-11,664.5962524414062,676.2999877929688,696.0,672.0,685.0,2656730
2024-09-12,691.5220947265625,703.7000122070312,706.5999755859375,683.0,683.0,4432592
2024-09-13,710.7828979492188,723.2999877929688,730.7999877929688,703.1500244140625,712.4500122070312,5263604
2024-09-16,668.96923828125,680.75,735.5499877929688,678.0,726.9500122070312,11877313
2024-09-17,663.2205200195312,674.9000244140625,684.8499755859375,670.0,680.5,4411019
2024-09-18,662.9256591796875,674.5999755859375,686.4500122070312,672.2999877929688,674.9000244140625,3120584
2024-09-19,652.1652221679688,663.6500244140625,682.25,644.0,679.0,5325417
2024-09-20,656.2433471679688,667.7999877929688,669.75,658.5499877929688,665.0,1992776
2024-09-23,668.96923828125,680.75,683.4000244140625,666.5999755859375,669.0999755859375,2433332
2024-09-24,674.0792846679688,685.9500122070312,689.8499755859375,681.5499877929688,682.0,2218270
2024-09-25,653.5900268554688,665.0999755859375,687.4000244140625,660.0499877929688,685.5999755859375,3717511
2024-09-26,654.916748046875,666.4500122070312,667.5499877929688,656.7999877929688,665.9500122070312,1965881
2024-09-27,652.5090942382812,664.0,671.3499755859375,663.0499877929688,667.0,1474940
2024-09-30,650.9859619140625,662.4500122070312,670.5499877929688,659.25,664.0,1207831
2024-10-01,647.84130859375,659.25,668.75,657.5,664.4000244140625,1014301
2024-10-03,625.583251953125,636.5999755859375,655.9000244140625,630.0499877929688,654.9000244140625,2143072
2024-10-04,623.863525390625,634.8499755859375,643.75,627.6500244140625,633.25,3148592
2024-10-07,596.9868774414062,607.5,637.8499755859375,601.0,637.0,3979196
2024-10-08,604.602783203125,615.25,617.9000244140625,604.8499755859375,608.2999877929688,1256006
2024-10-09,606.51904296875,617.2000122070312,628.2000122070312,615.0999755859375,622.0,1151776
2024-10-10,605.4380493164062,616.0999755859375,624.9000244140625,613.5499877929688,620.0999755859375,826195
2024-10-11,608.7792358398438,619.5,621.6500244140625,613.7999877929688,617.0499877929688,566594
2024-10-14,607.0595092773438,617.75,623.5999755859375,613.6500244140625,622.5,754905
2024-10-15,615.1176147460938,625.9500122070312,627.9000244140625,617.75,620.0,1311955
2024-10-16,615.2649536132812,626.0999755859375,633.5,623.25,628.0,884581
2024-10-17,601.2124633789062,611.7999877929688,628.5999755859375,610.0999755859375,627.0,1408387
2024-10-18,607.894775390625,618.5999755859375,619.9000244140625,601.2999877929688,611.7999877929688,956834
2024-10-21,597.2325439453125,607.75,623.8499755859375,604.25,620.0499877929688,1393400
2024-10-22,577.382080078125,587.5499877929688,612.9000244140625,584.5499877929688,609.0,2188291
2024-10-23,590.2062377929688,600.5999755859375,610.1500244140625,580.1500244140625,587.0,3069525
2024-10-24,589.8623657226562,600.25,609.8499755859375,595.25,600.5999755859375,1472019
2024-10-25,587.89697265625,598.25,610.5999755859375,588.5,601.5,2102682
2024-10-28,607.7473754882812,618.4500122070312,627.4000244140625,592.0,600.25,3084307
2024-10-29,626.4185791015625,637.4500122070312,642.8499755859375,610.6500244140625,625.0,3947335
2024-10-30,622.0455932617188,633.0,657.5999755859375,630.5,642.4000244140625,4990391
2024-10-31,620.1293334960938,631.0499877929688,636.0,621.4500122070312,633.0,1536695
2024-11-01,623.077392578125,634.0499877929688,637.4500122070312,627.4500122070312,629.9500122070312,194439
2024-11-04,612.0712280273438,622.8499755859375,637.7999877929688,612.9000244140625,637.7999877929688,1041101
2024-11-05,621.1611328125,632.0999755859375,634.7999877929688,608.1500244140625,622.8499755859375,2571586
2024-11-06,623.4705200195312,634.4500122070312,639.3499755859375,628.8499755859375,634.0,956131
2024-11-07,627.64697265625,638.7000122070312,644.2000122070312,631.3499755859375,633.0499877929688,1774477
2024-11-08,624.010986328125,635.0,641.9500122070312,631.25,640.5999755859375,2190023
2024-11-11,615.1176147460938,625.9500122070312,632.4000244140625,620.25,630.9000244140625,1469847
2024-11-12,606.2733764648438,616.9500122070312,638.4000244140625,612.5499877929688,628.0,2155005
2024-11-13,596.3480834960938,606.8499755859375,619.3499755859375,601.4500122070312,615.7000122070312,2156821
2024-11-14,597.6256713867188,608.1500244140625,617.2999877929688,605.0499877929688,606.8499755859375,1130270
2024-11-18,600.57373046875,611.1500244140625,618.5499877929688,602.0,608.1500244140625,1026308
2024-11-19,605.781982421875,616.4500122070312,625.4000244140625,612.0999755859375,614.5,1439885
2024-11-21,600.6719970703125,611.25,614.6500244140625,600.3499755859375,613.1500244140625,1113675
2024-11-22,606.7647094726562,617.4500122070312,618.5499877929688,606.2999877929688,614.0,1018524
2024-11-25,616.6407470703125,627.5,634.4000244140625,624.5,629.9000244140625,1043306
2024-11-26,610.74462890625,621.5,633.4000244140625,620.0,627.5,1951915
2024-11-27,616.6898803710938,627.5499877929688,628.9500122070312,619.5999755859375,622.9500122070312,910998
2024-11-28,623.7161865234375,634.7000122070312,639.6500244140625,627.0,628.9000244140625,1570957
2024-11-29,627.7451782226562,638.7999877929688,639.9500122070312,630.9500122070312,638.0,831686
2024-12-02,616.0020141601562,626.8499755859375,639.0,623.8499755859375,639.0,1028942
2024-12-03,624.3549194335938,635.3499755859375,643.9500122070312,626.8499755859375,626.8499755859375,1006739
2024-12-04,627.2047119140625,638.25,645.0,634.0999755859375,639.0,1077571
2024-12-05,627.64697265625,638.7000122070312,642.4000244140625,632.0999755859375,642.4000244140625,891937
2024-12-06,630.15283203125,641.25,648.9000244140625,634.5499877929688,639.9000244140625,1071453
2024-12-09,619.2449340820312,630.1500244140625,643.9000244140625,628.9500122070312,641.25,824080
2024-12-10,619.5397338867188,630.4500122070312,635.0,623.2999877929688,632.0,640264
2024-12-11,625.8289184570312,636.8499755859375,641.7999877929688,630.4500122070312,630.5,1278597
2024-12-12,621.357666015625,632.2999877929688,639.9000244140625,630.8499755859375,638.0,639651
2024-12-13,613.5452270507812,624.3499755859375,631.25,609.2000122070312,630.0499877929688,1514800
2024-12-16,615.1176147460938,625.9500122070312,635.5499877929688,621.0999755859375,624.9500122070312,913845
2024-12-17,594.3826904296875,604.8499755859375,627.4500122070312,602.5,625.0499877929688,2426995
2024-12-18,588.5848388671875,598.9500122070312,610.0,593.9000244140625,608.7999877929688,2950682
2024-12-19,581.607666015625,591.8499755859375,594.5,584.0,588.0499877929688,1272910
2024-12-20,572.173828125,582.25,601.9500122070312,577.4500122070312,592.5,2125670
2024-12-23,573.1565551757812,583.25,587.4000244140625,577.0999755859375,583.5499877929688,1457232
2024-12-24,574.9253540039062,585.0499877929688,593.2000122070312,583.0999755859375,585.0,701040
2024-12-26,578.0208740234375,588.2000122070312,589.8499755859375,581.5,585.5499877929688,1207304
2024-12-27,586.2755126953125,596.5999755859375,604.5,588.8499755859375,591.0,1065043
2024-12-30,580.5758666992188,590.7999877929688,602.8499755859375,587.5999755859375,596.5999755859375,1115570
2024-12-31,587.7003784179688,598.0499877929688,599.4000244140625,585.75,590.0,660447
2025-01-01,589.9114379882812,600.2999877929688,604.3499755859375,595.6500244140625,598.3499755859375,777096
2025-01-02,595.5619506835938,606.0499877929688,608.0499877929688,597.0,599.8499755859375,1316441
2025-01-03,598.9031372070312,609.4500122070312,617.5,607.0,608.4500122070312,883434
2025-01-06,584.0153198242188,594.2999877929688,611.6500244140625,590.1500244140625,610.0,2364439
2025-01-07,575.023681640625,585.1500244140625,598.25,579.4500122070312,594.9500122070312,1887588
2025-01-08,572.763427734375,582.8499755859375,590.0999755859375,576.2999877929688,587.9000244140625,1739749
2025-01-09,563.526123046875,573.4500122070312,587.4000244140625,565.7000122070312,584.0499877929688,2416674
2025-01-10,545.2971801757812,554.9000244140625,575.75,553.75,573.4500122070312,1291287
2025-01-13,524.36572265625,533.5999755859375,555.0,531.0,552.8499755859375,1119952
2025-01-14,542.8404541015625,552.4000244140625,554.75,537.25,537.9500122070312,1196723
2025-01-15,543.3809204101562,552.9500122070312,559.7999877929688,551.0499877929688,554.25,984734
2025-01-16,555.6646118164062,565.4500122070312,573.25,556.7999877929688,556.7999877929688,994712
2025-01-17,552.962158203125,562.7000122070312,566.9500122070312,557.25,565.4000244140625,807523
2025-01-20,560.03759765625,569.9000244140625,573.5999755859375,560.4000244140625,564.9500122070312,659748
2025-01-21,550.7019653320312,560.4000244140625,573.9000244140625,558.25,572.75,592842
2025-01-22,545.1988525390625,554.7999877929688,562.75,545.5499877929688,562.0,963350
2025-01-23,569.9136352539062,579.9500122070312,585.0,551.4000244140625,554.7999877929688,1880756
2025-01-24,563.3787231445312,573.2999877929688,585.4000244140625,569.0,578.9500122070312,1218435
2025-01-27,554.1414184570312,563.9000244140625,572.9000244140625,560.4500122070312,572.9000244140625,1094060
2025-01-28,560.627197265625,570.5,581.25,562.5999755859375,572.5,1764037
2025-01-29,564.6561889648438,574.5999755859375,583.4500122070312,572.0,574.8499755859375,1439625
2025-01-30,574.2374877929688,584.3499755859375,589.0,570.0499877929688,574.7000122070312,1679601
2025-01-31,587.74951171875,598.0999755859375,601.4500122070312,570.25,584.3499755859375,3086180
2025-02-01,574.5814819335938,584.7000122070312,600.6500244140625,577.4500122070312,599.0,2887781
2025-02-03,547.9503784179688,557.5999755859375,581.9000244140625,555.0,577.5499877929688,3721631
2025-02-04,566.5233764648438,576.5,579.7999877929688,564.2000122070312,564.2000122070312,2384006
2025-02-05,564.1648559570312,574.0999755859375,587.4500122070312,573.0,578.1500244140625,930655
2025-02-06,566.2285766601562,576.2000122070312,581.0,571.2000122070312,576.0499877929688,1069701
2025-02-07,568.1939697265625,578.2000122070312,584.5,569.0,578.7000122070312,2003205
2025-02-10,553.1095581054688,562.8499755859375,580.0,560.4000244140625,578.2000122070312,697835
2025-02-11,535.1753540039062,544.5999755859375,564.7999877929688,542.4000244140625,562.9500122070312,1563345
2025-02-12,533.4556274414062,542.8499755859375,545.0,523.4500122070312,544.7999877929688,1566309
2025-02-13,541.7103271484375,551.25,555.0999755859375,542.8499755859375,542.8499755859375,909883
2025-02-14,524.3165893554688,533.5499877929688,555.5,526.9000244140625,553.2000122070312,1129504
2025-02-17,529.1809692382812,538.5,539.5999755859375,519.0,531.0999755859375,1023175
2025-02-18,521.3685302734375,530.5499877929688,539.7000122070312,524.3499755859375,538.7999877929688,995613
2025-02-19,531.6376953125,541.0,542.0999755859375,525.25,530.0,774412
2025-02-20,535.86328125,545.2999877929688,549.0499877929688,532.5499877929688,537.8499755859375,627894
2025-02-21,534.6348876953125,544.0499877929688,550.4000244140625,538.0,543.7999877929688,579614
2025-02-24,527.9525756835938,537.25,542.5499877929688,533.6500244140625,540.7000122070312,503814
2025-02-25,512.426025390625,521.4500122070312,539.0999755859375,520.2000122070312,537.9500122070312,1624129
2025-02-27,504.5644836425781,513.4500122070312,524.7000122070312,511.29998779296875,521.0,2132821
2025-02-28,488.3008728027344,496.8999938964844,510.0,492.8500061035156,508.75,2317148
2025-03-03,492.1825256347656,500.8500061035156,503.04998779296875,483.70001220703125,500.0,2527437
2025-03-04,494.4918518066406,503.20001220703125,506.79998779296875,485.6000061035156,495.95001220703125,2796873
2025-03-05,511.5415954589844,520.5499877929688,522.0,501.0,501.0,1733531
2025-03-06,520.9754638671875,530.1500244140625,534.0,525.9500122070312,530.7000122070312,1505311
2025-03-07,523.1865234375,532.4000244140625,535.5,525.9000244140625,533.0,1102620
2025-03-10,519.3048706054688,528.4500122070312,541.9500122070312,525.9500122070312,532.4000244140625,1380384
2025-03-11,524.36572265625,533.5999755859375,535.6500244140625,518.0,525.0,1482953
2025-03-12,514.6370849609375,523.7000122070312,538.3499755859375,516.75,536.0,964546
2025-03-13,506.67724609375,515.5999755859375,529.9000244140625,514.5499877929688,529.0,1129709
2025-03-17,511.6889953613281,520.7000122070312,535.5999755859375,518.8499755859375,520.0499877929688,1738901
2025-03-18,511.6889953613281,520.7000122070312,520.7000122070312,520.7000122070312,520.7000122070312,0
2025-03-19,540.285400390625,549.7999877929688,554.9000244140625,538.6500244140625,540.6500244140625,1260817
2025-03-20,546.1815795898438,555.7999877929688,561.5499877929688,551.0,554.5,1318070
2025-03-21,561.8064575195312,571.7000122070312,572.6500244140625,556.0999755859375,558.0,1626838
2025-03-24,568.2921752929688,578.2999877929688,584.0,568.5,573.0,1677434
2025-03-25,560.7254028320312,570.5999755859375,585.5,566.2000122070312,585.0,1198501
2025-03-26,551.4390258789062,561.1500244140625,573.8499755859375,559.9500122070312,573.8499755859375,1378770
2025-03-27,559.6444702148438,569.5,572.0,557.5,560.0499877929688,1332075
2025-03-28,554.0922241210938,563.8499755859375,577.7999877929688,560.2999877929688,572.7999877929688,995411
2025-04-01,551.7338256835938,561.4500122070312,568.5999755859375,557.2999877929688,561.5,574944
2025-04-02,555.8611450195312,565.6500244140625,566.5999755859375,552.0,562.9500122070312,688464
2025-04-03,563.3787231445312,573.2999877929688,579.9000244140625,559.5,560.0,1663351
2025-04-04,552.1268310546875,561.8499755859375,577.0,557.5499877929688,575.0,1073812
2025-04-07,534.340087890625,543.75,549.5,522.6500244140625,534.0,2930918
2025-04-08,556.0576171875,565.8499755859375,576.7999877929688,555.3499755859375,555.7000122070312,4244758
2025-04-09,546.7220458984375,556.3499755859375,566.25,544.5499877929688,563.0,2505800
2025-04-11,549.9649658203125,559.6500244140625,571.0999755859375,557.3499755859375,568.9000244140625,1498360
2025-04-15,577.6768798828125,587.8499755859375,589.1500244140625,563.0499877929688,567.4000244140625,2009461
2025-04-16,583.67138671875,593.9500122070312,598.2999877929688,587.4500122070312,590.0,2344820
2025-04-17,593.9896850585938,604.4500122070312,607.7000122070312,595.0,597.9000244140625,2253697
2025-04-21,595.8567504882812,606.3499755859375,619.0499877929688,605.0,610.0,2248648
2025-04-22,598.3626708984375,608.9000244140625,615.25,603.0,608.0999755859375,1405480
2025-04-23,603.07958984375,613.7000122070312,614.3499755859375,595.5999755859375,610.5499877929688,1221212
2025-04-24,603.0304565429688,613.6500244140625,623.9000244140625,612.0499877929688,614.0,2029135
2025-04-25,581.95166015625,592.2000122070312,618.5999755859375,586.3499755859375,616.2000122070312,1351835
2025-04-28,598.9031372070312,609.4500122070312,610.4000244140625,593.5,595.3499755859375,1560852
2025-04-29,596.2989501953125,606.7999877929688,625.9000244140625,604.2000122070312,615.0,1985066
2025-04-30,590.5502319335938,600.9500122070312,610.2000122070312,597.8499755859375,605.2000122070312,1307908
2025-05-02,590.9924926757812,601.4000244140625,613.4000244140625,598.9000244140625,599.7999877929688,906483
2025-05-05,597.871337890625,608.4000244140625,610.7000122070312,599.4500122070312,604.5,661215
2025-05-06,574.9253540039062,585.0499877929688,609.4500122070312,582.7999877929688,607.0,1154226
2025-05-07,589.9114379882812,600.2999877929688,600.9500122070312,580.5999755859375,583.4500122070312,909587
2025-05-08,567.2112426757812,577.2000122070312,605.4500122070312,573.0999755859375,602.0,1327750
2025-05-09,564.8036499023438,574.75,575.9500122070312,563.0,563.0,777353
2025-05-12,591.0906982421875,601.5,604.0999755859375,590.2999877929688,590.2999877929688,2186006
2025-05-13,592.5647583007812,603.0,617.0,598.0999755859375,601.0,1644329
2025-05-14,605.8311157226562,616.5,619.2999877929688,594.9000244140625,595.0,2467993
2025-05-15,614.1348876953125,624.9500122070312,630.9000244140625,609.2000122070312,622.0,4669972
2025-05-16,610.3515014648438,621.0999755859375,635.0,608.3499755859375,634.0,7031785
2025-05-19,591.2381591796875,601.6500244140625,620.0,599.0,619.0,4828693
2025-05-20,578.1682739257812,588.3499755859375,605.6500244140625,587.0499877929688,605.6500244140625,3752657
2025-05-21,585.4402465820312,595.75,598.5,584.25,590.0,1860193
2025-05-22,583.0325927734375,593.2999877929688,596.5999755859375,583.5,595.5,1508904
2025-05-23,586.6194458007812,596.9500122070312,601.25,590.7999877929688,596.9000244140625,1839400
2025-05-26,592.90869140625,603.3499755859375,605.5,597.0499877929688,600.0,2310350
2025-05-27,590.451904296875,600.8499755859375,606.2000122070312,596.9000244140625,604.2000122070312,1072628
2025-05-28,583.867919921875,594.1500244140625,605.0,592.7999877929688,605.0,2596317
2025-05-29,585.7349853515625,596.0499877929688,600.0,591.0,597.9500122070312,1624633
2025-05-30,586.1281127929688,596.4500122070312,599.3499755859375,587.3499755859375,595.9000244140625,2806423
2025-06-02,591.9751586914062,602.4000244140625,604.2999877929688,592.0,595.0,1331928
2025-06-03,597.5764770507812,608.0999755859375,614.3499755859375,602.75,605.0,2969033
2025-06-04,592.90869140625,603.3499755859375,612.2000122070312,600.2000122070312,609.0,1650309
2025-06-05,590.7958984375,601.2000122070312,608.4000244140625,598.2000122070312,605.0499877929688,1508253
2025-06-06,602.8339233398438,613.4500122070312,616.5,595.25,602.2000122070312,3541465
2025-06-09,611.3833618164062,622.1500244140625,623.5999755859375,617.5499877929688,618.0,2583496
2025-06-10,607.4525756835938,618.1500244140625,625.25,615.5,625.0,1596557
2025-06-11,609.4671020507812,620.2000122070312,627.25,615.5,619.0,2206461
2025-06-12,594.1370239257812,604.5999755859375,623.2999877929688,603.25,621.0,1664346
2025-06-13,589.6166381835938,600.0,601.25,588.7000122070312,590.0,3086858
2025-06-16,595.021484375,605.5,607.2000122070312,590.5499877929688,602.0,867846
2025-06-17,590.3536987304688,600.75,611.5,598.4000244140625,606.0,1145741
2025-06-18,593.5474243164062,604.0,607.5,596.5499877929688,599.0,1147464
2025-06-19,571.6824951171875,581.75,603.7000122070312,578.6500244140625,603.7000122070312,2106363
2025-06-20,584.260986328125,594.5499877929688,600.5499877929688,581.8499755859375,584.5999755859375,1916265
2025-06-23,581.0671997070312,591.2999877929688,594.5499877929688,581.0499877929688,589.0,3871676
2025-06-24,592.515625,602.9500122070312,610.9000244140625,594.75,600.0,1946233
2025-06-25,599.4927368164062,610.0499877929688,613.9500122070312,604.5999755859375,606.5,1389319
2025-06-26,611.2850952148438,622.0499877929688,624.4000244140625,607.0999755859375,613.0,2892656
2025-06-27,602.0477905273438,612.6500244140625,627.2999877929688,610.0499877929688,626.0,2897771
2025-06-30,608.1404418945312,618.8499755859375,621.1500244140625,614.0499877929688,614.0499877929688,1465724
2025-07-01,600.7702026367188,611.3499755859375,618.8499755859375,608.0499877929688,618.8499755859375,1400114
2025-07-02,598.657470703125,609.2000122070312,616.4500122070312,605.5,612.0,1038538
2025-07-03,598.8048095703125,609.3499755859375,612.5,607.0,612.0,1183645
2025-07-04,600.229736328125,610.7999877929688,615.9500122070312,607.25,609.0,676058
2025-07-07,597.2816772460938,607.7999877929688,612.0,606.0499877929688,610.0,591073
2025-07-08,594.6775512695312,605.1500244140625,611.1500244140625,599.5499877929688,607.7999877929688,1369320
2025-07-09,593.6948852539062,604.1500244140625,607.5,601.25,606.0,1196902
2025-07-10,595.021484375,605.5,611.9500122070312,601.5999755859375,607.9500122070312,1041149
2025-07-11,594.1862182617188,604.6500244140625,608.4000244140625,598.5499877929688,604.9500122070312,1432073
2025-07-14,596.3972778320312,606.9000244140625,611.4000244140625,600.75,602.7000122070312,1171906
2025-07-15,608.287841796875,619.0,620.0,608.5,609.9500122070312,2537107
2025-07-16,626.0255126953125,637.0499877929688,639.0,617.8499755859375,619.4500122070312,4955226
2025-07-17,627.2047119140625,638.25,641.75,636.0,639.2000122070312,3214970
2025-07-18,617.3778076171875,628.25,646.5,627.5,639.2000122070312,2430570
2025-07-21,612.857421875,623.6500244140625,631.9000244140625,619.5999755859375,630.0,1258287
2025-07-22,609.4671020507812,620.2000122070312,631.7999877929688,618.0499877929688,625.0999755859375,1066521
2025-07-23,608.9266357421875,619.6500244140625,623.3499755859375,611.8499755859375,622.0,913197
2025-07-24,604.0623168945312,614.7000122070312,622.4000244140625,611.5999755859375,620.0,967248
2025-07-25,596.3972778320312,606.9000244140625,618.3499755859375,600.5499877929688,611.6500244140625,3085959
2025-07-28,580.0845336914062,590.2999877929688,612.4500122070312,588.5499877929688,609.0,1699737
2025-07-29,587.89697265625,598.25,599.0999755859375,584.7999877929688,589.0,2526778
2025-07-30,579.8388671875,590.0499877929688,600.2999877929688,588.4500122070312,599.0,1194302
2025-07-31,575.9080810546875,586.0499877929688,590.5,582.5,586.0,1636644
2025-08-01,560.3815307617188,570.25,587.0,560.4000244140625,585.9500122070312,2495374
2025-08-04,580.821533203125,591.0499877929688,594.7000122070312,570.25,570.25,2853738
2025-08-05,569.6188354492188,579.6500244140625,591.1500244140625,575.2000122070312,591.0999755859375,2773442
2025-08-06,566.1302490234375,576.0999755859375,580.5499877929688,572.7999877929688,580.0499877929688,1037270
2025-08-07,568.3905029296875,578.4000244140625,580.7999877929688,568.5499877929688,575.6500244140625,1117020
2025-08-08,560.7254028320312,570.5999755859375,581.75,569.0,578.9500122070312,1562824
2025-08-11,564.3613891601562,574.2999877929688,575.5499877929688,569.0999755859375,573.9500122070312,868496
2025-08-12,563.2313232421875,573.1500244140625,575.5,572.0,575.0,616119
2025-08-13,564.4105224609375,574.3499755859375,577.0,571.3499755859375,576.0999755859375,939214
2025-08-14,559.3988037109375,569.25,577.0,566.7999877929688,575.5,939890
2025-08-18,557.973876953125,567.7999877929688,576.4000244140625,565.7000122070312,575.0,4253108
2025-08-19,569.7171020507812,579.75,582.7999877929688,567.0,570.0,4224172
2025-08-20,570.06103515625,580.0999755859375,583.2000122070312,576.7000122070312,581.7000122070312,1561218
2025-08-21,567.8499755859375,577.8499755859375,584.0,577.2000122070312,584.0,724860
2025-08-22,563.5,563.5,571.0,562.0999755859375,570.0999755859375,1778532
2025-08-25,561.0999755859375,561.0999755859375,566.9000244140625,560.0499877929688,564.5999755859375,845716
2025-08-26,560.4000244140625,560.4000244140625,566.3499755859375,554.9500122070312,561.0,1629147
2025-08-28,547.3499755859375,547.3499755859375,560.2999877929688,546.2000122070312,560.2999877929688,2560978
2025-08-29,555.2000122070312,555.2000122070312,558.3499755859375,545.0,545.4000244140625,1722586
2025-09-01,563.4000244140625,563.4000244140625,564.0499877929688,554.0999755859375,555.2000122070312,678306
2025-09-02,556.4500122070312,556.4500122070312,566.0,555.25,564.0,1063167
2025-09-03,557.0999755859375,557.0999755859375,559.7999877929688,555.6500244140625,556.7000122070312,691081
2025-09-04,554.2999877929688,554.2999877929688,565.0,553.1500244140625,564.4500122070312,778989
2025-09-05,554.2000122070312,554.2000122070312,557.9500122070312,550.25,556.9000244140625,458431
2025-09-08,559.6500244140625,559.6500244140625,563.0,553.2999877929688,555.8499755859375,641290
2025-09-09,557.5499877929688,557.5499877929688,562.3499755859375,557.0,560.5,436744
2025-09-10,560.7999877929688,560.7999877929688,563.5,558.9000244140625,559.0499877929688,725295
2025-09-11,562.7000122070312,562.7000122070312,567.0,561.0999755859375,562.0,595170
2025-09-12,567.0999755859375,567.0999755859375,569.9000244140625,563.4000244140625,563.4000244140625,1999528
2025-09-15,571.75,571.75,575.7999877929688,565.7999877929688,569.7999877929688,1531927
2025-09-16,570.0499877929688,570.0499877929688,573.9500122070312,568.75,572.4500122070312,1245789
2025-09-17,572.0,572.0,574.4000244140625,569.75,572.0499877929688,498684
2025-09-18,593.2000122070312,593.2000122070312,595.0,572.9500122070312,575.0,4634182
2025-09-19,592.7999877929688,592.7999877929688,595.9000244140625,586.8499755859375,592.0,1602392
2025-09-22,587.2999877929688,587.2999877929688,594.7000122070312,583.9000244140625,591.5,1223800
2025-09-23,582.5999755859375,582.5999755859375,588.25,579.2000122070312,587.2999877929688,660351
2025-09-24,580.75,580.75,585.4500122070312,579.0,582.0,659123
2025-09-25,571.4000244140625,571.4000244140625,582.2000122070312,570.4500122070312,580.0,539499
2025-09-26,564.9500122070312,564.9500122070312,574.4000244140625,562.75,572.0,788424
2025-09-29,567.2000122070312,567.2000122070312,572.7000122070312,563.5,565.0,494815
2025-09-30,565.0,565.0,571.2000122070312,562.6500244140625,565.0,2519407
2025-10-01,577.2000122070312,577.2000122070312,578.5,564.5499877929688,565.0,919596
2025-10-03,578.4500122070312,578.4500122070312,583.4500122070312,574.0499877929688,579.0,863724
2025-10-06,576.8499755859375,576.8499755859375,582.3499755859375,574.4000244140625,580.0,629412
2025-10-07,566.6500244140625,566.6500244140625,582.1500244140625,564.7000122070312,579.9500122070312,1244017
2025-10-08,562.0499877929688,562.0499877929688,570.9500122070312,561.5,570.5999755859375,1591967
2025-10-09,560.5,560.5,565.5499877929688,559.0,563.5,2247538
2025-10-10,568.4500122070312,568.4500122070312,572.3499755859375,561.0499877929688,561.5999755859375,987991
2025-10-13,572.3499755859375,572.3499755859375,573.75,563.0499877929688,565.0,1243809
2025-10-14,565.7999877929688,565.7999877929688,573.9000244140625,560.0499877929688,573.0,970192
2025-10-15,569.0999755859375,569.0999755859375,573.0999755859375,565.7999877929688,566.0,1061303
2025-10-16,569.2999877929688,569.2999877929688,572.0,566.0999755859375,571.2999877929688,570837
2025-10-17,568.25,568.25,570.7000122070312,564.7999877929688,569.0499877929688,1008096
2025-10-20,573.0499877929688,573.0499877929688,580.7000122070312,569.6500244140625,570.5,2230106
2025-10-21,573.6500244140625,573.6500244140625,576.2999877929688,572.8499755859375,573.1500244140625,91555
2025-10-23,580.75,580.75,581.7000122070312,573.0,577.0,793002
2025-10-24,579.5,579.5,586.7000122070312,577.8499755859375,582.9500122070312,922766
2025-10-27,584.3499755859375,584.3499755859375,586.5,578.4000244140625,583.0,709954
2025-10-28,585.9000244140625,585.9000244140625,588.9500122070312,582.5999755859375,585.9500122070312,1462332
2025-10-29,593.4500122070312,593.4500122070312,594.9000244140625,584.0499877929688,588.7999877929688,1109668
2025-10-30,570.4500122070312,570.4500122070312,594.3499755859375,565.5999755859375,593.0,6562217
2025-10-31,570.9500122070312,570.9500122070312,574.7999877929688,568.2000122070312,572.9500122070312,2062927
2025-11-03,575.5499877929688,575.5499877929688,577.4000244140625,571.0,572.9500122070312,949133
2025-11-04,574.0,574.0,578.0,570.2999877929688,576.0,761141
2025-11-05,574.0,574.0,574.0,574.0,574.0,0
2025-11-06,570.1500244140625,570.1500244140625,573.5999755859375,563.75,573.0499877929688,1496751
2025-11-07,571.2000122070312,571.2000122070312,574.7999877929688,561.0999755859375,567.5499877929688,855955
2025-11-10,571.7000122070312,571.7000122070312,574.0,569.5,572.0499877929688,497644
2025-11-11,571.5,571.5,573.4000244140625,565.3499755859375,571.5,477001
2025-11-12,572.7999877929688,572.7999877929688,575.75,570.8499755859375,573.9000244140625,523173
2025-11-13,567.9000244140625,567.9000244140625,573.5499877929688,567.25,572.7999877929688,922564
2025-11-14,567.7000122070312,567.7000122070312,570.0,564.5999755859375,566.0,824463
2025-11-17,571.0,571.0,572.5999755859375,566.7999877929688,567.7000122070312,528243
2025-11-18,567.5499877929688,567.5499877929688,571.5499877929688,566.5,571.0,586954
2025-11-19,563.5999755859375,563.5999755859375,568.6500244140625,562.0999755859375,568.0,940685
2025-11-20,554.7999877929688,554.7999877929688,567.0,552.9500122070312,565.7999877929688,879789
2025-11-21,545.9000244140625,545.9000244140625,554.4500122070312,544.2000122070312,554.4000244140625,1257819
2025-11-24,545.9500122070312,545.9500122070312,548.9500122070312,543.7999877929688,548.0,1533246
2025-11-25,548.0999755859375,548.0999755859375,554.0,544.0499877929688,545.0999755859375,1486951
2025-11-26,555.7999877929688,555.7999877929688,557.8499755859375,547.8499755859375,549.7999877929688,1867914
2025-11-27,550.25,550.25,557.5499877929688,548.0999755859375,556.7000122070312,913611
2025-11-28,549.0999755859375,549.0999755859375,552.0,548.2000122070312,550.0,618499
2025-12-01,550.6500244140625,550.6500244140625,554.75,549.0499877929688,550.9000244140625,289709
2025-12-02,554.6500244140625,554.6500244140625,556.4000244140625,548.5999755859375,550.0,2401015
2025-12-03,549.4000244140625,549.4000244140625,554.9000244140625,545.5,554.5999755859375,1627288
2025-12-04,546.9500122070312,546.9500122070312,551.2000122070312,544.7000122070312,549.3499755859375,1547387
2025-12-05,541.7999877929688,541.7999877929688,550.8499755859375,539.0499877929688,546.9500122070312,1721468
2025-12-08,522.7999877929688,522.7999877929688,545.0,521.2999877929688,542.9000244140625,2161921
2025-12-09,533.2000122070312,533.2000122070312,535.9000244140625,518.5499877929688,522.4000244140625,1208513
2025-12-10,531.4000244140625,531.4000244140625,538.9000244140625,529.0,533.3499755859375,938828
2025-12-11,533.4000244140625,533.4000244140625,534.9500122070312,530.0,534.4500122070312,573914
2025-12-12,532.4000244140625,532.4000244140625,538.5999755859375,531.0999755859375,534.4000244140625,1285079
2025-12-15,531.4500122070312,531.4500122070312,533.9000244140625,526.7999877929688,532.5999755859375,1149555
2025-12-16,525.7999877929688,525.7999877929688,535.25,523.0999755859375,530.25,1223972
2025-12-17,524.7999877929688,524.7999877929688,530.5,522.0,525.7999877929688,689096
2025-12-18,528.0999755859375,528.0999755859375,529.0999755859375,520.7000122070312,524.5999755859375,864472
2025-12-19,532.4500122070312,532.4500122070312,533.8499755859375,526.5999755859375,529.0,781527
2025-12-22,533.9000244140625,533.9000244140625,535.8499755859375,532.5,533.7000122070312,633823
2025-12-23,533.8499755859375,533.8499755859375,537.7999877929688,532.0999755859375,535.4000244140625,556706
2025-12-24,539.4500122070312,539.4500122070312,541.75,533.75,533.8499755859375,540891
2025-12-26,539.4500122070312,539.4500122070312,541.7000122070312,537.75,539.4500122070312,925693
2025-12-29,538.75,538.75,540.2999877929688,534.5999755859375,540.2999877929688,1067441
2025-12-30,537.5999755859375,537.5999755859375,540.6500244140625,535.1500244140625,538.75,638040
2025-12-31,539.5499877929688,539.5499877929688,541.5499877929688,533.5999755859375,538.0,1129215
2026-01-01,535.8499755859375,535.8499755859375,539.9500122070312,534.2000122070312,539.6500244140625,698194
2026-01-02,545.5499877929688,545.5499877929688,547.75,536.25,536.25,988536
2026-01-05,539.9000244140625,539.9000244140625,548.4000244140625,538.4500122070312,548.4000244140625,696505
2026-01-06,539.9000244140625,539.9000244140625,545.0,538.1500244140625,539.9000244140625,1238684
2026-01-07,538.2000122070312,538.2000122070312,544.2999877929688,533.7000122070312,539.9000244140625,1101840
2026-01-08,525.75,525.75,540.5499877929688,524.0999755859375,538.2000122070312,2029714
2026-01-09,527.9000244140625,527.9000244140625,542.0,522.2000122070312,524.2999877929688,1984558
2026-01-12,518.75,518.75,529.9500122070312,512.4000244140625,526.0,3296969
2026-01-13,521.0499877929688,521.0499877929688,526.7999877929688,514.2999877929688,520.2000122070312,1358409
2026-01-14,535.25,535.25,537.5,521.5499877929688,522.7999877929688,3607165
2026-01-15,535.25,535.25,535.25,535.25,535.25,0
2026-01-16,533.6500244140625,533.6500244140625,541.0,531.5499877929688,535.25,1046968
