date_,adj close_newgen.ns,close_newgen.ns,high_newgen.ns,low_newgen.ns,open_newgen.ns,volume_newgen.ns
2024-01-16,892.4948120117188,900.2999877929688,901.0499877929688,850.0,880.0,425034
2024-01-17,863.6470947265625,871.2000122070312,895.0,855.9000244140625,895.0,238040
2024-01-18,827.8104248046875,835.0499877929688,868.0,827.6500244140625,868.0,150244
2024-01-19,826.422607421875,833.6500244140625,860.9000244140625,820.0,858.0,108998
2024-01-23,807.6864624023438,814.75,830.0,794.0,825.0,295022
2024-01-24,821.3173217773438,828.5,833.0,785.0999755859375,820.0,197549
2024-01-25,853.0894165039062,860.5499877929688,865.0,832.0,832.0,420852
2024-01-29,837.1785888671875,844.5,869.9000244140625,831.0,865.0,182467
2024-01-30,836.3359375,843.6500244140625,860.0,835.0,859.9000244140625,69621
2024-01-31,842.4325561523438,849.7999877929688,850.0,819.0,840.0,157865
2024-02-01,856.1129150390625,863.5999755859375,878.9500122070312,844.0,867.0,201860
2024-02-02,836.7820434570312,844.0999755859375,867.0,835.0,863.5999755859375,99256
2024-02-05,801.6889038085938,808.7000122070312,850.0,802.0,844.0999755859375,169939
2024-02-06,834.353271484375,841.6500244140625,849.0,790.0499877929688,808.7000122070312,255556
2024-02-07,814.5762329101562,821.7000122070312,857.0,819.9500122070312,857.0,84784
2024-02-08,799.5079956054688,806.5,836.0,790.0,821.7000122070312,157247
2024-02-09,790.1399536132812,797.0499877929688,806.5,767.0,791.0,129999
2024-02-12,750.6354370117188,757.2000122070312,797.0499877929688,757.2000122070312,797.0499877929688,120389
2024-02-13,713.113525390625,719.3499755859375,757.0,719.3499755859375,757.0,150138
2024-02-14,729.0244140625,735.4000244140625,744.0,685.1500244140625,699.8499755859375,213379
2024-02-15,764.1669921875,770.8499755859375,772.1500244140625,746.8499755859375,758.0,246623
2024-02-16,781.317138671875,788.1500244140625,804.9000244140625,774.4000244140625,804.9000244140625,263399
2024-02-19,747.9092407226562,754.4500122070312,785.0,748.75,774.4000244140625,198700
2024-02-20,743.4483032226562,749.9500122070312,782.7000122070312,740.0,751.0,205986
2024-02-21,753.4111328125,760.0,765.0,742.0,747.9500122070312,96645
2024-02-22,756.4841918945312,763.0999755859375,764.25,742.3499755859375,742.3499755859375,102565
2024-02-23,794.3035278320312,801.25,801.25,769.0,775.0,295815
2024-02-26,822.7546997070312,829.9500122070312,845.0,812.0,830.0,325879
2024-02-27,822.6555786132812,829.8499755859375,846.0,820.5499877929688,830.0,165696
2024-02-28,782.1101684570312,788.9500122070312,834.0,776.25,830.0,162207
2024-02-29,841.7882690429688,849.1500244140625,861.9000244140625,788.8499755859375,788.9000244140625,593788
2024-03-01,826.47216796875,833.7000122070312,870.0,823.0499877929688,861.8499755859375,189695
2024-03-04,846.00146484375,853.4000244140625,868.0,844.0,862.9500122070312,200292
2024-03-05,844.9605102539062,852.3499755859375,894.9000244140625,835.0,859.4000244140625,363912
2024-03-06,796.8809204101562,803.8499755859375,856.8499755859375,790.0,852.3499755859375,335124
2024-03-07,780.2265625,787.0499877929688,815.0,778.0,803.7999877929688,171881
2024-03-11,739.28466796875,745.75,804.9500122070312,735.0,804.9500122070312,333510
2024-03-12,756.8807373046875,763.5,774.0,714.0999755859375,755.0,390191
2024-03-13,709.148193359375,715.3499755859375,785.0,710.0,785.0,289285
2024-03-14,725.3564453125,731.7000122070312,747.9500122070312,676.0499877929688,676.0499877929688,165179
2024-03-15,730.2139892578125,736.5999755859375,769.0999755859375,688.0,742.0,2075683
2024-03-18,713.014404296875,719.25,748.25,715.0,728.0999755859375,127291
2024-03-19,705.0342407226562,711.2000122070312,730.0,704.7000122070312,719.25,93235
2024-03-20,715.9884033203125,722.25,732.0,710.0,715.0,130304
2024-03-21,732.1965942382812,738.5999755859375,746.0,725.0,725.0,96005
2024-03-22,756.3355712890625,762.9500122070312,765.0,731.0999755859375,742.1500244140625,87307
2024-03-26,757.9216918945312,764.5499877929688,770.0,754.9500122070312,770.0,113140
2024-03-27,781.1683349609375,788.0,796.4500122070312,760.0999755859375,760.0999755859375,151060
2024-03-28,788.3059692382812,795.2000122070312,809.9500122070312,785.0499877929688,809.9500122070312,139704
2024-04-01,787.5624389648438,794.4500122070312,815.0,787.6500244140625,812.0,152827
2024-04-02,787.7607421875,794.6500244140625,831.9500122070312,790.2000122070312,800.0,682908
2024-04-03,786.3728637695312,793.25,806.25,782.7999877929688,792.4500122070312,128789
2024-04-04,784.0432739257812,790.9000244140625,803.9000244140625,786.0999755859375,798.6500244140625,121292
2024-04-05,792.12255859375,799.0499877929688,818.9500122070312,788.0,789.0,129627
2024-04-08,811.0570068359375,818.1500244140625,826.9000244140625,801.8499755859375,816.0,143175
2024-04-09,823.8947143554688,831.0999755859375,854.0,818.25,825.0,381891
2024-04-10,799.0618896484375,806.0499877929688,842.5999755859375,800.0,842.0,130028
2024-04-12,767.4384765625,774.1500244140625,814.0999755859375,768.4000244140625,814.0999755859375,146641
2024-04-15,745.48046875,752.0,773.0999755859375,740.1500244140625,761.0,161378
2024-04-16,761.341796875,768.0,773.9500122070312,747.0,747.5999755859375,137888
2024-04-18,731.35400390625,737.75,774.0,735.0,752.0,241358
2024-04-19,726.645263671875,733.0,744.0,724.0999755859375,737.75,73480
2024-04-22,729.7679443359375,736.1500244140625,749.9500122070312,734.7000122070312,739.9500122070312,82391
2024-04-23,738.8385620117188,745.2999877929688,749.8499755859375,734.5499877929688,738.9500122070312,106681
2024-04-24,745.6292114257812,752.1500244140625,758.75,746.0,749.9500122070312,66597
2024-04-25,796.9801025390625,803.9500122070312,808.4000244140625,752.7000122070312,757.0,292876
2024-04-26,798.6157836914062,805.5999755859375,832.0,796.0999755859375,807.9500122070312,200710
2024-04-29,858.938232421875,866.4500122070312,880.0,799.9500122070312,808.9000244140625,530757
2024-04-30,920.9955444335938,929.0499877929688,995.0,856.0,872.0,2856099
2024-05-02,974.03173828125,982.5499877929688,997.4000244140625,918.0,936.0,1043259
2024-05-03,1013.3875732421875,1022.25,1050.0,975.0,989.9000244140625,830716
2024-05-06,981.7640991210938,990.3499755859375,1058.0999755859375,981.0,1034.4000244140625,354413
2024-05-07,986.8694458007812,995.5,1017.0,968.8499755859375,1005.0,206761
2024-05-08,986.9190063476562,995.5499877929688,1010.0,982.0499877929688,995.5,89767
2024-05-09,937.6002807617188,945.7999877929688,1008.5499877929688,940.0,1005.5,135461
2024-05-10,971.4542236328125,979.9500122070312,994.4000244140625,946.75,949.25,192299
2024-05-13,936.0637817382812,944.25,986.7999877929688,921.0,986.7999877929688,157162
2024-05-14,948.8519897460938,957.1500244140625,974.0,935.0,935.0,117941
2024-05-15,973.63525390625,982.1500244140625,1000.0,949.2999877929688,959.0,141275
2024-05-16,975.2708740234375,983.7999877929688,1019.7999877929688,976.5,994.4500122070312,113590
2024-05-17,987.5138549804688,996.1500244140625,1000.0,977.7000122070312,981.0999755859375,80779
2024-05-21,940.1282348632812,948.3499755859375,989.9500122070312,940.0,958.0,126360
2024-05-22,924.3165283203125,932.4000244140625,961.2999877929688,922.0499877929688,954.2000122070312,124194
2024-05-23,910.1404418945312,918.0999755859375,939.9500122070312,912.5499877929688,930.0,106066
2024-05-24,878.9631958007812,886.6500244140625,930.7000122070312,873.0,918.2999877929688,167724
2024-05-27,877.2778930664062,884.9500122070312,917.1500244140625,876.0,885.0,134467
2024-05-28,864.737548828125,872.2999877929688,893.4000244140625,864.0999755859375,891.7000122070312,137484
2024-05-29,856.8564453125,864.3499755859375,886.5499877929688,860.0,870.2999877929688,98550
2024-05-30,843.9195556640625,851.2999877929688,870.4500122070312,850.0,864.3499755859375,70049
2024-05-31,905.7786254882812,913.7000122070312,925.0,842.2999877929688,858.0,287303
2024-06-03,896.80712890625,904.6500244140625,968.0,886.0,959.3499755859375,213168
2024-06-04,862.804443359375,870.3499755859375,910.0,780.0,902.0,428653
2024-06-05,870.1898803710938,877.7999877929688,887.0,850.0,880.0499877929688,105715
2024-06-06,877.8726806640625,885.5499877929688,914.0,875.6500244140625,879.0,160481
2024-06-07,940.9213256835938,949.1500244140625,954.3499755859375,885.6500244140625,888.4000244140625,268712
2024-06-10,946.5718383789062,954.8499755859375,969.7000122070312,934.7000122070312,955.0,193506
2024-06-11,925.2086791992188,933.2999877929688,959.9000244140625,930.0499877929688,959.7000122070312,105687
2024-06-12,922.6807861328125,930.75,947.0,926.0,926.0,94320
2024-06-13,916.93115234375,924.9500122070312,946.0,921.2000122070312,945.0,97976
2024-06-14,909.7439575195312,917.7000122070312,931.3499755859375,913.0499877929688,925.0,122181
2024-06-18,916.6832885742188,924.7000122070312,931.0,900.5999755859375,917.7000122070312,143067
2024-06-19,920.4503173828125,928.5,990.0,880.0499877929688,931.6500244140625,849223
2024-06-20,942.0117797851562,950.25,971.9000244140625,936.3499755859375,939.8499755859375,165528
2024-06-21,996.18798828125,1004.9000244140625,1017.9500122070312,963.7999877929688,964.0,504310
2024-06-24,991.6278076171875,1000.2999877929688,1029.0,977.9500122070312,1020.0,252220
2024-06-25,1003.8707885742188,1012.6500244140625,1029.0,982.7999877929688,1010.0,244677
2024-06-26,966.2002563476562,974.6500244140625,1024.300048828125,945.0499877929688,1020.0,147712
2024-06-27,956.9312744140625,965.2999877929688,983.7000122070312,955.0499877929688,962.5999755859375,116341
2024-06-28,963.3253173828125,971.75,988.4000244140625,968.0499877929688,974.0,72130
2024-07-01,996.237548828125,1004.9500122070312,1011.0,972.5,973.2999877929688,129452
2024-07-02,981.0205688476562,989.5999755859375,1028.0,983.3499755859375,1020.0,103787
2024-07-03,991.5782470703125,1000.25,1014.0,997.0,999.0,85700
2024-07-04,961.2931518554688,969.7000122070312,1035.0,953.6500244140625,1030.0,239437
2024-07-05,946.5718383789062,954.8499755859375,990.9000244140625,950.0,976.0999755859375,153070
2024-07-08,936.3115844726562,944.5,954.8499755859375,931.0,934.4000244140625,146961
2024-07-09,943.1517944335938,951.4000244140625,959.0,938.3499755859375,950.5,67911
2024-07-10,966.6463012695312,975.0999755859375,985.0,930.0,952.6500244140625,139241
2024-07-11,950.8841552734375,959.2000122070312,993.75,955.0,987.25,136932
2024-07-12,1006.2003784179688,1015.0,1044.9000244140625,956.0499877929688,969.9500122070312,965261
2024-07-15,1029.7445068359375,1038.75,1092.0,1015.0999755859375,1033.0,506152
2024-07-16,1039.955322265625,1049.050048828125,1056.800048828125,1025.050048828125,1044.75,172609
2024-07-18,1020.998046875,1026.0,1054.9000244140625,976.0,1054.9000244140625,908363
2024-07-19,999.45361328125,1004.3499755859375,1026.0,1000.0,1026.0,231409
2024-07-22,1016.6693115234375,1021.6500244140625,1028.1500244140625,986.5999755859375,1000.0,134421
2024-07-23,1052.6927490234375,1057.8499755859375,1096.800048828125,1005.0499877929688,1021.7000122070312,525517
2024-07-24,1082.248046875,1087.550048828125,1156.949951171875,1061.699951171875,1070.0,603374
2024-07-25,1055.1805419921875,1060.3499755859375,1087.550048828125,1037.0999755859375,1074.0,136806
2024-07-26,1072.396240234375,1077.6500244140625,1084.0,1054.75,1060.3499755859375,120967
2024-07-29,1064.7835693359375,1070.0,1125.0,1062.050048828125,1077.0,332669
2024-07-30,1019.803955078125,1024.800048828125,1080.5,1018.2999877929688,1070.0,191402
2024-07-31,1024.182373046875,1029.199951171875,1048.5999755859375,1010.0,1024.800048828125,149198
2024-08-01,1050.354248046875,1055.5,1082.5,1034.949951171875,1034.949951171875,213071
2024-08-02,1016.271240234375,1021.25,1051.3499755859375,1012.0,1044.0999755859375,120512
2024-08-05,951.040771484375,955.7000122070312,994.0,940.0499877929688,976.0,299516
2024-08-06,953.578369140625,958.25,1000.0,950.0,967.5,294060
2024-08-07,971.9384155273438,976.7000122070312,990.0,960.3499755859375,970.0,90752
2024-08-08,1009.50439453125,1014.4500122070312,1024.75,962.0999755859375,962.0999755859375,172345
2024-08-09,1025.724853515625,1030.75,1054.550048828125,1021.5499877929688,1025.25,131277
2024-08-12,1041.6468505859375,1046.75,1079.5,1015.75,1015.75,228336
2024-08-13,1031.54638671875,1036.5999755859375,1067.199951171875,1025.300048828125,1046.800048828125,129111
2024-08-14,1021.5950927734375,1026.5999755859375,1041.300048828125,1015.5499877929688,1040.0,107184
2024-08-16,1080.5562744140625,1085.8499755859375,1098.0,1026.5999755859375,1026.5999755859375,369790
2024-08-19,1067.171875,1072.4000244140625,1093.949951171875,1057.550048828125,1093.6500244140625,99107
2024-08-20,1107.9720458984375,1113.4000244140625,1130.0,1080.25,1083.800048828125,273488
2024-08-21,1081.203125,1086.5,1118.1500244140625,1057.949951171875,1116.0,147080
2024-08-22,1069.858642578125,1075.0999755859375,1119.949951171875,1071.300048828125,1093.949951171875,78522
2024-08-23,1068.9630126953125,1074.199951171875,1079.4000244140625,1060.0,1076.0,128084
2024-08-26,1042.6419677734375,1047.75,1090.1500244140625,1042.050048828125,1074.199951171875,115332
2024-08-27,1028.11328125,1033.1500244140625,1060.949951171875,1013.0999755859375,1047.800048828125,154849
2024-08-28,1058.4146728515625,1063.5999755859375,1076.0,1034.5999755859375,1041.449951171875,109973
2024-08-29,1059.2109375,1064.4000244140625,1076.4000244140625,1053.050048828125,1068.949951171875,64124
2024-08-30,1109.066650390625,1114.5,1134.9000244140625,1047.5,1072.949951171875,259554
2024-09-02,1074.73486328125,1080.0,1121.9000244140625,1065.050048828125,1121.9000244140625,171837
2024-09-03,1074.63525390625,1079.9000244140625,1100.0,1075.0,1085.0,108198
2024-09-04,1048.56298828125,1053.699951171875,1084.75,1035.25,1055.199951171875,101487
2024-09-05,1077.3221435546875,1082.5999755859375,1096.3499755859375,1051.050048828125,1062.75,345698
2024-09-06,1090.7066650390625,1096.050048828125,1109.0,1076.0999755859375,1080.0,298364
2024-09-09,1075.3319091796875,1080.5999755859375,1107.449951171875,1070.0999755859375,1096.050048828125,580855
2024-09-10,1065.181640625,1070.4000244140625,1088.9000244140625,1060.0,1083.0,61747
2024-09-11,1055.0810546875,1060.25,1091.800048828125,1050.0,1072.9000244140625,101052
2024-09-12,1085.382568359375,1090.699951171875,1104.0,1060.300048828125,1060.300048828125,102094
2024-09-13,1185.691162109375,1191.5,1220.949951171875,1090.0,1090.699951171875,862988
2024-09-16,1164.94287109375,1170.6500244140625,1232.0,1157.050048828125,1225.0,371798
2024-09-17,1221.864013671875,1227.8499755859375,1250.0,1160.0,1182.4000244140625,456932
2024-09-18,1203.9517822265625,1209.8499755859375,1233.25,1190.1500244140625,1232.800048828125,186319
2024-09-19,1271.1226806640625,1277.3499755859375,1288.3499755859375,1190.050048828125,1200.0,697433
2024-09-20,1316.5999755859375,1323.050048828125,1350.050048828125,1267.0999755859375,1288.949951171875,475155
2024-09-23,1323.9637451171875,1330.449951171875,1352.0,1313.449951171875,1325.0,215072
2024-09-24,1310.529541015625,1316.949951171875,1340.0,1295.449951171875,1328.949951171875,341557
2024-09-25,1297.8916015625,1304.25,1316.4000244140625,1276.050048828125,1316.4000244140625,106162
2024-09-26,1325.5062255859375,1332.0,1548.0,1302.1500244140625,1302.1500244140625,3874237
2024-09-27,1407.852783203125,1414.75,1450.0,1350.050048828125,1358.300048828125,1112107
2024-09-30,1334.8106689453125,1341.3499755859375,1440.949951171875,1335.0,1427.199951171875,343340
2024-10-01,1312.27099609375,1318.699951171875,1366.5999755859375,1307.050048828125,1349.9000244140625,258851
2024-10-03,1302.2203369140625,1308.5999755859375,1353.4000244140625,1267.4000244140625,1295.0,216803
2024-10-04,1287.9901123046875,1294.300048828125,1324.5999755859375,1270.050048828125,1319.949951171875,177008
2024-10-07,1250.27490234375,1256.4000244140625,1368.0,1248.0,1298.0,534628
2024-10-08,1243.20947265625,1249.300048828125,1300.0,1232.0999755859375,1245.0,387958
2024-10-09,1263.3109130859375,1269.5,1314.9000244140625,1244.050048828125,1257.0,295215
2024-10-10,1307.643798828125,1314.050048828125,1336.949951171875,1281.1500244140625,1281.1500244140625,301956
2024-10-11,1366.60498046875,1373.300048828125,1401.949951171875,1315.050048828125,1318.9000244140625,535295
2024-10-14,1344.2642822265625,1350.8499755859375,1409.5,1341.699951171875,1383.0,505918
2024-10-15,1289.6817626953125,1296.0,1397.699951171875,1243.0,1359.9000244140625,2530465
2024-10-16,1263.3607177734375,1269.550048828125,1344.0,1260.949951171875,1320.0,1125596
2024-10-17,1238.3333740234375,1244.4000244140625,1291.3499755859375,1237.25,1277.6500244140625,286146
2024-10-18,1251.518798828125,1257.6500244140625,1269.8499755859375,1213.5,1240.0,242517
2024-10-21,1257.6884765625,1263.8499755859375,1291.949951171875,1249.050048828125,1267.8499755859375,229754
2024-10-22,1182.3077392578125,1188.0999755859375,1262.75,1175.050048828125,1251.25,399259
2024-10-23,1227.9840087890625,1234.0,1270.0,1180.0999755859375,1187.0,375862
2024-10-24,1262.1168212890625,1268.300048828125,1284.800048828125,1240.050048828125,1240.050048828125,263037
2024-10-25,1219.9732666015625,1225.949951171875,1284.0,1215.449951171875,1246.0,196591
2024-10-28,1224.5010986328125,1230.5,1238.699951171875,1202.6500244140625,1225.0,118450
2024-10-29,1197.98095703125,1203.8499755859375,1237.949951171875,1188.6500244140625,1231.0,121283
2024-10-30,1226.839599609375,1232.8499755859375,1252.0,1203.8499755859375,1204.5,132753
2024-10-31,1277.491455078125,1283.75,1290.0,1214.699951171875,1230.949951171875,245524
2024-11-01,1285.1539306640625,1291.449951171875,1302.5999755859375,1283.75,1283.800048828125,42895
2024-11-04,1278.8846435546875,1285.1500244140625,1310.949951171875,1270.1500244140625,1297.0,227092
2024-11-05,1273.6104736328125,1279.8499755859375,1294.300048828125,1271.050048828125,1280.0,61440
2024-11-06,1306.9969482421875,1313.4000244140625,1319.699951171875,1272.25,1287.0999755859375,286762
2024-11-07,1284.30810546875,1290.5999755859375,1327.25,1282.449951171875,1320.0,208741
2024-11-08,1257.3402099609375,1263.5,1292.800048828125,1251.300048828125,1290.5999755859375,82365
2024-11-11,1273.9090576171875,1280.1500244140625,1291.449951171875,1240.0,1250.0,112913
2024-11-12,1263.1119384765625,1269.300048828125,1320.0,1260.0,1276.0,243258
2024-11-13,1193.3536376953125,1199.199951171875,1262.5999755859375,1196.0,1251.0,153041
2024-11-14,1229.07861328125,1235.0999755859375,1248.449951171875,1185.6500244140625,1200.050048828125,167512
2024-11-18,1039.258544921875,1044.3499755859375,1225.1500244140625,1031.0,1215.0,1151178
2024-11-19,1104.439208984375,1109.8499755859375,1148.449951171875,1048.5,1058.0,1071311
2024-11-21,1096.4285888671875,1101.800048828125,1113.0999755859375,1078.4000244140625,1109.4000244140625,240636
2024-11-22,1076.426513671875,1081.699951171875,1109.550048828125,1078.0,1099.8499755859375,192737
2024-11-25,1114.3408203125,1119.800048828125,1128.300048828125,1073.0,1081.0,419404
2024-11-26,1137.3778076171875,1142.949951171875,1158.0,1120.0,1120.0,301317
2024-11-27,1137.029541015625,1142.5999755859375,1174.550048828125,1133.0999755859375,1149.800048828125,140381
2024-11-28,1124.5408935546875,1130.050048828125,1153.699951171875,1108.199951171875,1153.699951171875,291757
2024-11-29,1174.744873046875,1180.5,1187.050048828125,1150.0,1153.0,423226
2024-12-02,1170.8638916015625,1176.5999755859375,1182.449951171875,1150.550048828125,1175.050048828125,173538
2024-12-03,1205.59375,1211.5,1235.9000244140625,1165.0,1174.9000244140625,242624
2024-12-04,1295.1549072265625,1301.5,1320.0,1215.050048828125,1217.0,1633782
2024-12-05,1303.066162109375,1309.449951171875,1334.199951171875,1295.75,1310.0,374517
2024-12-06,1346.304443359375,1352.9000244140625,1364.0,1316.0,1316.0,533618
2024-12-09,1422.1826171875,1429.1500244140625,1443.300048828125,1356.0,1360.75,643043
2024-12-10,1410.6392822265625,1417.550048828125,1474.0,1390.3499755859375,1435.0,576664
2024-12-11,1413.8236083984375,1420.75,1435.0,1393.949951171875,1425.0,224325
2024-12-12,1397.60302734375,1404.449951171875,1441.050048828125,1392.0,1426.0,134652
2024-12-13,1383.57177734375,1390.3499755859375,1402.449951171875,1370.5,1399.050048828125,169799
2024-12-16,1421.933837890625,1428.9000244140625,1434.949951171875,1390.550048828125,1400.0,163753
2024-12-17,1491.0950927734375,1498.4000244140625,1508.949951171875,1432.449951171875,1434.5999755859375,699594
2024-12-18,1491.144775390625,1498.449951171875,1514.949951171875,1470.75,1500.0,257353
2024-12-19,1514.8287353515625,1522.25,1528.9000244140625,1465.0,1466.0,497461
2024-12-20,1566.376220703125,1574.050048828125,1629.0,1525.6500244140625,1534.9000244140625,1472241
2024-12-23,1577.62109375,1585.3499755859375,1612.5,1571.0999755859375,1589.0,480037
2024-12-24,1594.8367919921875,1602.6500244140625,1621.9000244140625,1570.550048828125,1595.0,323133
2024-12-26,1677.9793701171875,1686.199951171875,1725.0,1592.0,1610.0,1585989
2024-12-27,1613.744140625,1621.6500244140625,1704.75,1612.0,1690.0,532071
2024-12-30,1697.53369140625,1705.8499755859375,1730.0,1590.25,1617.0,1093904
2024-12-31,1693.50341796875,1701.800048828125,1755.0,1640.0999755859375,1710.0,899090
2025-01-01,1691.41357421875,1699.699951171875,1754.0,1682.0,1725.0,680001
2025-01-02,1710.4205322265625,1718.800048828125,1750.0,1684.800048828125,1708.0,300849
2025-01-03,1681.9102783203125,1690.1500244140625,1711.949951171875,1685.5,1708.0,174558
2025-01-06,1635.9852294921875,1644.0,1701.1500244140625,1620.0,1700.0,328610
2025-01-07,1672.5062255859375,1680.699951171875,1689.0,1644.0,1645.0,138656
2025-01-08,1634.641845703125,1642.6500244140625,1676.9000244140625,1626.5999755859375,1668.0,229565
2025-01-09,1598.419189453125,1606.25,1667.4000244140625,1596.0999755859375,1640.0,251330
2025-01-10,1618.6700439453125,1626.5999755859375,1638.0,1566.25,1637.5,340805
2025-01-13,1571.401611328125,1579.0999755859375,1617.1500244140625,1554.050048828125,1614.9000244140625,533999
2025-01-14,1567.6697998046875,1575.3499755859375,1588.0,1534.1500244140625,1555.0,180447
2025-01-15,1747.3397216796875,1755.9000244140625,1798.9000244140625,1581.050048828125,1596.949951171875,1497621
2025-01-16,1620.759765625,1628.699951171875,1715.9000244140625,1619.949951171875,1710.0,557245
2025-01-17,1578.367431640625,1586.0999755859375,1628.1500244140625,1566.6500244140625,1628.0,343604
2025-01-20,1557.12158203125,1564.75,1696.699951171875,1553.0,1594.0,1295593
2025-01-21,1304.9569091796875,1311.3499755859375,1570.0,1294.0,1570.0,3114164
2025-01-22,1228.0338134765625,1234.050048828125,1317.949951171875,1161.1500244140625,1317.050048828125,4601491
2025-01-23,1217.5849609375,1223.550048828125,1269.9000244140625,1201.1500244140625,1201.1500244140625,1360796
2025-01-24,1168.87353515625,1174.5999755859375,1255.9000244140625,1162.5,1235.0,549969
2025-01-27,1051.9962158203125,1057.1500244140625,1114.949951171875,1057.1500244140625,1082.449951171875,636861
2025-01-28,982.138427734375,986.9500122070312,1050.0,951.4500122070312,1030.0,1347805
2025-01-29,1076.476318359375,1081.75,1085.5999755859375,996.0,996.9500122070312,751155
2025-01-30,1045.080078125,1050.199951171875,1129.199951171875,1029.050048828125,1099.699951171875,597617
2025-01-31,1043.0401611328125,1048.1500244140625,1069.0,1037.9000244140625,1060.0,306429
2025-02-01,1090.0098876953125,1095.3499755859375,1111.0,1050.0,1060.0,296960
2025-02-03,1072.2967529296875,1077.550048828125,1105.949951171875,1055.550048828125,1070.0,389845
2025-02-04,1079.71044921875,1085.0,1103.449951171875,1066.0,1084.9000244140625,306079
2025-02-05,1115.9329833984375,1121.4000244140625,1176.0,1098.0,1100.0,840446
2025-02-06,1067.0225830078125,1072.25,1144.0,1066.0,1135.449951171875,466207
2025-02-07,1052.54345703125,1057.699951171875,1081.0999755859375,1043.800048828125,1081.0999755859375,246598
2025-02-10,1015.3258666992188,1020.2999877929688,1050.300048828125,1002.5,1036.550048828125,339043
2025-02-11,975.072998046875,979.8499755859375,1015.2000122070312,970.0,1010.0999755859375,335491
2025-02-12,981.5413208007812,986.3499755859375,1009.5999755859375,940.4000244140625,960.0499877929688,569724
2025-02-13,975.3218383789062,980.0999755859375,991.4000244140625,951.0,980.0999755859375,419643
2025-02-14,954.8720092773438,959.5499877929688,993.4500122070312,946.5999755859375,990.25,277362
2025-02-17,963.0320434570312,967.75,971.0499877929688,935.0499877929688,959.5499877929688,259507
2025-02-18,973.8291015625,978.5999755859375,995.9500122070312,943.2999877929688,977.5999755859375,339471
2025-02-19,1022.689697265625,1027.699951171875,1035.5,959.0,970.0,346998
2025-02-20,986.7160034179688,991.5499877929688,1026.5,986.0,1019.0499877929688,233903
2025-02-21,970.9432983398438,975.7000122070312,1007.9000244140625,963.7999877929688,988.0,243962
2025-02-24,954.7227783203125,959.4000244140625,978.4500122070312,931.0999755859375,961.0999755859375,192209
2025-02-25,955.2700805664062,959.9500122070312,970.0,948.7000122070312,956.1500244140625,171492
2025-02-27,985.1238403320312,989.9500122070312,993.1500244140625,955.75,971.6500244140625,326022
2025-02-28,931.6856079101562,936.25,983.0,910.7000122070312,982.9500122070312,489119
2025-03-03,940.542236328125,945.1500244140625,969.0,925.0,932.0,405665
2025-03-04,944.0252075195312,948.6500244140625,953.9000244140625,930.0,938.0,256276
2025-03-05,987.2633056640625,992.0999755859375,995.0,948.6500244140625,954.9500122070312,198727
2025-03-06,992.8858032226562,997.75,1022.2000122070312,993.0,996.0499877929688,166513
2025-03-07,987.2633056640625,992.0999755859375,1023.2000122070312,987.4000244140625,1000.0,184696
2025-03-10,935.6163940429688,940.2000122070312,1004.0,934.0999755859375,992.0999755859375,238509
2025-03-11,939.8953857421875,944.5,951.0,927.5499877929688,932.0,268697
2025-03-12,941.8856201171875,946.5,959.0,927.4500122070312,944.5,245082
2025-03-13,944.6719970703125,949.2999877929688,955.0,933.0,946.5499877929688,198040
2025-03-17,932.3324584960938,936.9000244140625,948.5999755859375,917.0,945.0,252090
2025-03-18,932.3324584960938,936.9000244140625,936.9000244140625,936.9000244140625,936.9000244140625,0
2025-03-19,913.972412109375,918.4500122070312,939.0,915.0999755859375,937.7999877929688,313703
2025-03-20,957.4095458984375,962.0999755859375,968.9500122070312,918.4500122070312,920.0499877929688,621925
2025-03-21,1029.1083984375,1034.1500244140625,1094.8499755859375,951.25,957.0499877929688,1944383
2025-03-24,1017.3658447265625,1022.3499755859375,1084.0,1015.2999877929688,1043.300048828125,319435
2025-03-25,988.5072021484375,993.3499755859375,1040.0,985.0,1037.800048828125,242927
2025-03-26,964.1764526367188,968.9000244140625,1007.0999755859375,965.0,993.5,243210
2025-03-27,1004.9765625,1009.9000244140625,1038.9000244140625,975.0,975.0499877929688,2315862
2025-03-28,991.44287109375,996.2999877929688,1032.449951171875,985.0,1022.7999877929688,275100
2025-04-01,987.163818359375,992.0,1011.0,972.0,1010.0,438975
2025-04-02,998.8565063476562,1003.75,1009.4000244140625,978.0999755859375,989.4000244140625,188041
2025-04-03,987.41259765625,992.25,1009.0,980.0,982.0,265940
2025-04-04,917.3060302734375,921.7999877929688,987.9500122070312,906.7000122070312,981.0,318100
2025-04-07,838.2931518554688,842.4000244140625,855.0,758.2000122070312,758.2999877929688,620614
2025-04-08,902.9264526367188,907.3499755859375,923.75,850.2000122070312,883.9000244140625,749078
2025-04-09,871.9781494140625,876.25,902.6500244140625,866.2000122070312,899.0,373164
2025-04-11,900.886474609375,905.2999877929688,936.7999877929688,896.0,936.7999877929688,326482
2025-04-15,937.25830078125,941.8499755859375,949.0,913.1500244140625,924.9000244140625,226318
2025-04-16,937.9548950195312,942.5499877929688,963.9500122070312,930.9500122070312,954.0,266529
2025-04-17,921.5850830078125,926.0999755859375,936.0,922.7000122070312,936.0,166029
2025-04-21,945.2192993164062,949.8499755859375,955.4000244140625,926.2000122070312,926.2000122070312,276022
2025-04-22,936.4124755859375,941.0,961.0,936.0,948.5,198807
2025-04-23,988.3082275390625,993.1500244140625,1003.0,952.0,954.0999755859375,1399751
2025-04-24,1096.030517578125,1101.4000244140625,1183.4000244140625,989.4000244140625,995.0,13076873
2025-04-25,1050.5035400390625,1055.6500244140625,1100.0,1031.0,1100.0,1979295
2025-04-28,1020.8985595703125,1025.9000244140625,1056.5,987.2999877929688,1050.0,482727
2025-04-29,1030.7005615234375,1035.75,1049.800048828125,1022.0499877929688,1031.0999755859375,377527
2025-04-30,981.7403564453125,986.5499877929688,1047.0,976.0999755859375,1035.75,497514
2025-05-02,1025.0283203125,1030.050048828125,1119.0,967.25,988.5499877929688,8755290
2025-05-05,1036.6214599609375,1041.699951171875,1053.25,1003.0,1017.0,999838
2025-05-06,1072.9434814453125,1078.199951171875,1105.0,1008.2999877929688,1044.800048828125,5080811
2025-05-07,1076.8743896484375,1082.1500244140625,1089.9000244140625,1031.8499755859375,1040.0,824771
2025-05-08,1063.887939453125,1069.0999755859375,1108.0,1054.0,1083.9000244140625,575643
2025-05-09,1069.5103759765625,1074.75,1087.0,1012.3499755859375,1033.0,974402
2025-05-12,1112.4500732421875,1117.9000244140625,1132.0,1101.0,1114.0,590122
2025-05-13,1148.075439453125,1153.699951171875,1159.5999755859375,1121.0,1121.5,551678
2025-05-14,1124.9388427734375,1130.449951171875,1163.550048828125,1125.0,1158.0,355616
2025-05-15,1146.88134765625,1152.5,1159.9000244140625,1136.0999755859375,1139.9000244140625,304276
2025-05-16,1153.2998046875,1158.949951171875,1177.5999755859375,1148.300048828125,1158.25,308746
2025-05-19,1142.0550537109375,1147.6500244140625,1180.0,1140.0,1173.0,660562
2025-05-20,1328.0438232421875,1334.550048828125,1377.1500244140625,1136.0,1164.0,11191000
2025-05-21,1259.8778076171875,1266.050048828125,1341.949951171875,1252.199951171875,1341.949951171875,1926405
2025-05-22,1242.11474609375,1248.199951171875,1277.199951171875,1232.550048828125,1264.050048828125,379686
2025-05-23,1254.8026123046875,1260.949951171875,1275.0,1231.449951171875,1250.199951171875,492005
2025-05-26,1249.428955078125,1255.550048828125,1281.4000244140625,1235.6500244140625,1256.050048828125,302702
2025-05-27,1246.941162109375,1253.050048828125,1285.0,1246.25,1255.550048828125,388373
2025-05-28,1239.925537109375,1246.0,1265.0,1236.050048828125,1253.050048828125,202990
2025-05-29,1203.7030029296875,1209.5999755859375,1251.949951171875,1206.0999755859375,1246.0,350982
2025-05-30,1231.06884765625,1237.0999755859375,1271.0,1213.25,1215.550048828125,815450
2025-06-02,1224.899169921875,1230.9000244140625,1242.300048828125,1215.300048828125,1237.0999755859375,151456
2025-06-03,1215.246337890625,1221.199951171875,1249.9000244140625,1207.300048828125,1240.0,227817
2025-06-04,1218.5303955078125,1224.5,1235.0,1220.0,1228.0,127293
2025-06-05,1218.430908203125,1224.4000244140625,1336.0,1215.199951171875,1247.5999755859375,4124131
2025-06-06,1228.1829833984375,1234.199951171875,1245.0,1217.300048828125,1236.0,379333
2025-06-09,1223.8045654296875,1229.800048828125,1240.199951171875,1222.199951171875,1239.9000244140625,213017
2025-06-10,1219.625,1225.5999755859375,1240.699951171875,1220.0,1238.9000244140625,207107
2025-06-11,1208.4796142578125,1214.4000244140625,1232.5,1208.0,1227.0,225917
2025-06-12,1170.167236328125,1175.9000244140625,1219.9000244140625,1173.0,1214.4000244140625,218676
2025-06-13,1161.6092529296875,1167.300048828125,1190.300048828125,1143.0,1150.0,217505
2025-06-16,1227.5859375,1233.5999755859375,1267.800048828125,1135.800048828125,1166.0,4323322
2025-06-17,1216.9381103515625,1222.9000244140625,1245.0,1215.0999755859375,1229.9000244140625,475137
2025-06-18,1201.3145751953125,1207.199951171875,1222.0999755859375,1195.0,1220.0,180756
2025-06-19,1185.98974609375,1191.800048828125,1207.0,1176.0,1202.0,238703
2025-06-20,1147.7769775390625,1153.4000244140625,1209.9000244140625,1141.5,1189.5,750765
2025-06-23,1149.070556640625,1154.699951171875,1163.0999755859375,1140.5,1147.0,217641
2025-06-24,1113.1466064453125,1118.5999755859375,1166.5,1115.0,1166.5,421295
2025-06-25,1145.9857177734375,1151.5999755859375,1155.0,1120.800048828125,1124.0999755859375,432704
2025-06-26,1173.252197265625,1179.0,1237.4000244140625,1160.800048828125,1165.0,3642767
2025-06-27,1148.2745361328125,1153.9000244140625,1186.800048828125,1143.0999755859375,1179.0,716857
2025-06-30,1166.0872802734375,1171.800048828125,1175.0,1155.4000244140625,1163.0,227559
2025-07-01,1139.8160400390625,1145.4000244140625,1175.9000244140625,1140.0,1172.0999755859375,309864
2025-07-02,1135.337890625,1140.9000244140625,1163.5,1134.5,1147.0999755859375,206675
2025-07-03,1128.7701416015625,1134.300048828125,1146.199951171875,1129.300048828125,1146.0,173020
2025-07-04,1128.7701416015625,1134.300048828125,1139.9000244140625,1123.4000244140625,1139.800048828125,175220
2025-07-07,1113.24609375,1118.699951171875,1134.300048828125,1115.0999755859375,1132.0,160569
2025-07-08,1124.2921142578125,1129.800048828125,1147.199951171875,1118.0,1122.699951171875,349039
2025-07-09,1120.4110107421875,1125.9000244140625,1136.5,1120.300048828125,1136.5,156555
2025-07-10,1099.8118896484375,1105.199951171875,1125.9000244140625,1101.699951171875,1115.9000244140625,251708
2025-07-11,1084.68603515625,1090.0,1118.300048828125,1085.300048828125,1106.4000244140625,199479
2025-07-14,1071.2518310546875,1076.5,1095.800048828125,1073.4000244140625,1090.0,154871
2025-07-15,1074.336669921875,1079.5999755859375,1099.199951171875,1074.0,1080.5999755859375,204307
2025-07-16,1086.0792236328125,1091.4000244140625,1109.9000244140625,1076.300048828125,1083.5999755859375,321852
2025-07-17,1020.5999755859375,1025.5999755859375,1103.5,1018.0,1094.9000244140625,1467649
2025-07-18,962.5999755859375,962.5999755859375,1020.0999755859375,960.0,1020.0,1868145
2025-07-21,917.2999877929688,917.2999877929688,958.0,914.0,958.0,1004531
2025-07-22,912.7000122070312,912.7000122070312,927.2000122070312,907.0,917.0,635174
2025-07-23,883.2000122070312,883.2000122070312,917.0999755859375,868.7999877929688,916.5999755859375,1278824
2025-07-24,871.5,871.5,884.7999877929688,865.7999877929688,878.0,413217
2025-07-25,851.0999755859375,851.0999755859375,872.4000244140625,848.0,872.0,624206
2025-07-28,853.0,853.0,878.4000244140625,829.9000244140625,829.9000244140625,622589
2025-07-29,858.0999755859375,858.0999755859375,863.7999877929688,841.5,855.0,286878
2025-07-30,852.5999755859375,852.5999755859375,876.0,850.0,865.2999877929688,269503
2025-07-31,848.9000244140625,848.9000244140625,858.9000244140625,832.0,845.0,239034
2025-08-01,818.1500244140625,818.1500244140625,855.0499877929688,815.0,848.9000244140625,302482
2025-08-04,834.0999755859375,834.0999755859375,839.8499755859375,815.2000122070312,821.4500122070312,229544
2025-08-05,941.7000122070312,941.7000122070312,970.0,831.6500244140625,840.0,19081968
2025-08-06,932.1500244140625,932.1500244140625,977.0,907.7000122070312,942.0499877929688,9111891
2025-08-07,903.3499755859375,903.3499755859375,922.7999877929688,897.0,918.0,1026751
2025-08-08,874.4000244140625,874.4000244140625,903.3499755859375,865.0,901.2000122070312,468509
2025-08-11,866.0499877929688,866.0499877929688,889.7999877929688,859.5499877929688,873.0499877929688,337906
2025-08-12,861.7999877929688,861.7999877929688,886.0,854.2999877929688,868.0,370693
2025-08-13,854.7000122070312,854.7000122070312,867.75,850.0999755859375,862.7000122070312,220434
2025-08-14,886.4500122070312,886.4500122070312,929.7999877929688,854.7000122070312,854.7000122070312,9142276
2025-08-18,886.5,886.5,893.6500244140625,877.6500244140625,886.8499755859375,623939
2025-08-19,874.9000244140625,874.9000244140625,889.9500122070312,871.0499877929688,886.5,336468
2025-08-20,878.2999877929688,878.2999877929688,897.9500122070312,866.6500244140625,875.75,514620
2025-08-21,871.0999755859375,871.0999755859375,885.4000244140625,869.0,883.75,221720
2025-08-22,866.4500122070312,866.4500122070312,875.5999755859375,863.7000122070312,875.5999755859375,226951
2025-08-25,920.75,920.75,946.75,870.2999877929688,870.2999877929688,9248781
2025-08-26,895.5999755859375,895.5999755859375,915.0,889.3499755859375,915.0,702295
2025-08-28,902.4500122070312,902.4500122070312,922.0,883.25,912.0,1396051
2025-08-29,883.2000122070312,883.2000122070312,908.4500122070312,880.0,905.0,387535
2025-09-01,891.5999755859375,891.5999755859375,898.0,884.0,887.0,219788
2025-09-02,891.4000244140625,891.4000244140625,904.7000122070312,889.0499877929688,899.0,241933
2025-09-03,904.3499755859375,904.3499755859375,923.2000122070312,881.0499877929688,891.4500122070312,715607
2025-09-04,899.0999755859375,899.0999755859375,925.9000244140625,894.0999755859375,904.9000244140625,424039
2025-09-05,886.75,886.75,903.2000122070312,884.0,901.0499877929688,254993
2025-09-08,884.6500244140625,884.6500244140625,897.25,880.6500244140625,897.25,224699
2025-09-09,878.0,878.0,890.0,875.0,888.0,159869
2025-09-10,884.9500122070312,884.9500122070312,909.0,877.0,880.0,579411
2025-09-11,885.9000244140625,885.9000244140625,902.9500122070312,883.0,890.5,219265
2025-09-12,887.5,887.5,894.9000244140625,880.2000122070312,887.5499877929688,176964
2025-09-15,885.5499877929688,885.5499877929688,891.1500244140625,880.75,887.5,176695
2025-09-16,885.2000122070312,885.2000122070312,894.5,882.5,889.0,168093
2025-09-17,884.5999755859375,884.5999755859375,898.1500244140625,882.3499755859375,887.5,271448
2025-09-18,918.7000122070312,918.7000122070312,947.0,887.0,891.0,6826720
2025-09-19,915.5,915.5,924.9000244140625,906.0,922.7999877929688,467814
2025-09-22,898.0999755859375,898.0999755859375,900.0,888.5999755859375,896.3499755859375,346990
2025-09-23,884.2000122070312,884.2000122070312,899.0999755859375,881.7000122070312,898.0999755859375,203983
2025-09-24,875.5,875.5,886.0999755859375,873.0,883.5,216371
2025-09-25,909.4500122070312,909.4500122070312,937.7999877929688,898.7000122070312,913.6500244140625,6625203
2025-09-26,888.5999755859375,888.5999755859375,903.5999755859375,876.75,903.0,408640
2025-09-29,876.9500122070312,876.9500122070312,890.0499877929688,875.0999755859375,889.9500122070312,210034
2025-09-30,889.7000122070312,889.7000122070312,895.0,873.0499877929688,877.0,215996
2025-10-01,899.7999877929688,899.7999877929688,921.2000122070312,890.0,896.5499877929688,1072664
2025-10-03,891.6500244140625,891.6500244140625,903.6500244140625,888.1500244140625,900.7999877929688,227344
2025-10-06,882.6500244140625,882.6500244140625,895.5499877929688,879.4500122070312,895.5499877929688,192341
2025-10-07,883.0999755859375,883.0999755859375,892.5,877.0,882.6500244140625,190456
2025-10-08,874.25,874.25,897.7999877929688,871.0999755859375,879.9000244140625,316638
2025-10-09,872.6500244140625,872.6500244140625,881.8499755859375,866.0,878.5499877929688,213183
2025-10-10,871.9000244140625,871.9000244140625,881.9000244140625,871.0,874.0,144965
2025-10-13,866.0,866.0,871.0,861.0999755859375,870.0499877929688,169276
2025-10-14,849.6500244140625,849.6500244140625,869.0,847.5999755859375,866.0,218245
2025-10-15,887.0,887.0,909.7999877929688,849.9500122070312,849.9500122070312,4867103
2025-10-16,877.5499877929688,877.5499877929688,881.8499755859375,872.0,881.5999755859375,223444
2025-10-17,872.0499877929688,872.0499877929688,884.25,870.0499877929688,877.5499877929688,195685
2025-10-20,880.0999755859375,880.0999755859375,889.0,873.5,876.5499877929688,261867
2025-10-21,880.5999755859375,880.5999755859375,888.2999877929688,875.5999755859375,881.7999877929688,45719
2025-10-23,899.5,899.5,929.0,886.0999755859375,890.0,1976237
2025-10-24,892.75,892.75,898.0499877929688,887.0,898.0499877929688,131329
2025-10-27,896.25,896.25,898.9000244140625,885.2000122070312,892.75,222885
2025-10-28,996.5499877929688,996.5499877929688,1015.0,898.0,899.9500122070312,9589387
2025-10-29,995.75,995.75,1041.949951171875,971.1500244140625,996.5499877929688,11226817
2025-10-30,969.25,969.25,994.0,964.4000244140625,994.0,1021709
2025-10-31,976.0999755859375,976.0999755859375,1017.7000122070312,960.9500122070312,969.5999755859375,2248710
2025-11-03,994.5999755859375,994.5999755859375,1008.4000244140625,967.1500244140625,983.3499755859375,1005261
2025-11-04,972.1500244140625,972.1500244140625,996.2999877929688,968.5999755859375,996.2999877929688,394978
2025-11-05,972.1500244140625,972.1500244140625,972.1500244140625,972.1500244140625,972.1500244140625,0
2025-11-06,955.2000122070312,955.2000122070312,996.25,948.0,972.1500244140625,566336
2025-11-07,947.9500122070312,947.9500122070312,963.2999877929688,932.8499755859375,950.0,475953
2025-11-10,942.0999755859375,942.0999755859375,954.7999877929688,936.2999877929688,950.0,207473
2025-11-11,958.9500122070312,958.9500122070312,968.7999877929688,942.9000244140625,942.9500122070312,511240
2025-11-12,983.6500244140625,983.6500244140625,991.0499877929688,957.6500244140625,962.7999877929688,647655
2025-11-13,964.3499755859375,964.3499755859375,995.5,961.0,991.9500122070312,325150
2025-11-14,940.7000122070312,940.7000122070312,958.0,938.2000122070312,938.2000122070312,312852
2025-11-17,923.5499877929688,923.5499877929688,947.0,920.0,945.2999877929688,330293
2025-11-18,919.4000244140625,919.4000244140625,932.9500122070312,910.5499877929688,926.2999877929688,437746
2025-11-19,921.0,921.0,950.5999755859375,915.0,919.4000244140625,846346
2025-11-20,918.4000244140625,918.4000244140625,928.0499877929688,915.5499877929688,924.0,177988
2025-11-21,902.0,902.0,915.6500244140625,898.0999755859375,915.0999755859375,227001
2025-11-24,889.5499877929688,889.5499877929688,932.8499755859375,884.0,896.7999877929688,544977
2025-11-25,873.9500122070312,873.9500122070312,891.0,871.3499755859375,889.0,251423
2025-11-26,892.5,892.5,897.8499755859375,865.7999877929688,874.0,304533
2025-11-27,880.3499755859375,880.3499755859375,893.1500244140625,876.0,890.0,206548
2025-11-28,881.1500244140625,881.1500244140625,899.0,878.0499877929688,883.5,303213
2025-12-01,880.0499877929688,880.0499877929688,888.9500122070312,877.0,883.8499755859375,149150
2025-12-02,871.3499755859375,871.3499755859375,878.0,865.0,878.0,140693
2025-12-03,879.8499755859375,879.8499755859375,885.0,868.0499877929688,871.2999877929688,198227
2025-12-04,901.0,901.0,904.0,876.0999755859375,884.4000244140625,588166
2025-12-05,879.0,879.0,918.0,875.5999755859375,900.8499755859375,405557
2025-12-08,845.75,845.75,884.25,837.25,872.0,565901
2025-12-09,844.9000244140625,844.9000244140625,850.9500122070312,816.0499877929688,840.0,442418
2025-12-10,837.0,837.0,862.4000244140625,835.0,847.4000244140625,200832
2025-12-11,850.5,850.5,854.9000244140625,826.1500244140625,836.0,211112
2025-12-12,857.0999755859375,857.0999755859375,862.75,848.7999877929688,853.9000244140625,153920
2025-12-15,862.2999877929688,862.2999877929688,867.0,846.3499755859375,855.0,203775
2025-12-16,844.4000244140625,844.4000244140625,875.5,841.0,866.0999755859375,327611
2025-12-17,834.9500122070312,834.9500122070312,851.0,831.6500244140625,848.9000244140625,130881
2025-12-18,834.8499755859375,834.8499755859375,841.7000122070312,830.2999877929688,835.0,123464
2025-12-19,828.25,828.25,844.4000244140625,818.0,840.0,328501
2025-12-22,858.1500244140625,858.1500244140625,874.9500122070312,832.0499877929688,835.0,717703
2025-12-23,852.75,852.75,871.9500122070312,850.1500244140625,861.9500122070312,170439
2025-12-24,850.1500244140625,850.1500244140625,854.5,844.0,854.5,178724
2025-12-26,838.7000122070312,838.7000122070312,851.4500122070312,837.0,850.0,151501
2025-12-29,830.4500122070312,830.4500122070312,848.1500244140625,828.6500244140625,839.5499877929688,124592
2025-12-30,826.25,826.25,836.7999877929688,820.0499877929688,834.5499877929688,306463
2025-12-31,845.0999755859375,845.0999755859375,847.5999755859375,830.3499755859375,832.0,140039
2026-01-01,834.9000244140625,834.9000244140625,848.0,833.0,848.0,90666
2026-01-02,840.1500244140625,840.1500244140625,845.0,828.2000122070312,834.9000244140625,113946
2026-01-05,833.2000122070312,833.2000122070312,845.0,832.0,840.0,167507
2026-01-06,822.1500244140625,822.1500244140625,836.7000122070312,820.0499877929688,834.5499877929688,159660
2026-01-07,836.4000244140625,836.4000244140625,845.0,820.8499755859375,827.9000244140625,226860
2026-01-08,828.6500244140625,828.6500244140625,837.0,825.0,837.0,139827
2026-01-09,802.5499877929688,802.5499877929688,831.4500122070312,800.0999755859375,829.8499755859375,235316
2026-01-12,785.4000244140625,785.4000244140625,802.5499877929688,779.5999755859375,802.5499877929688,320917
2026-01-13,779.1500244140625,779.1500244140625,795.0499877929688,767.0,794.9500122070312,247246
2026-01-14,770.1500244140625,770.1500244140625,781.9500122070312,768.4000244140625,779.0999755859375,173187
2026-01-16,749.8499755859375,749.8499755859375,777.5999755859375,747.0,773.0,408114
