date_,adj close_pageind.ns,close_pageind.ns,high_pageind.ns,low_pageind.ns,open_pageind.ns,volume_pageind.ns
2024-01-16,37013.66796875,38261.25,39757.94921875,37553.25,37656.0,116700
2024-01-17,36464.3828125,37693.44921875,38402.0,37384.6484375,38190.05078125,31387
2024-01-18,36498.48046875,37728.69921875,37868.75,37000.1015625,37693.44921875,22226
2024-01-19,36426.31640625,37654.1015625,37997.75,37500.0,37850.0,15793
2024-01-23,35443.4921875,36638.1484375,37746.6015625,36501.19921875,37683.0,20653
2024-01-24,35370.546875,36562.75,36827.0,36195.8984375,36827.0,20087
2024-01-25,35514.05859375,36711.1015625,36794.6484375,36238.6015625,36674.94921875,19971
2024-01-29,36408.03125,37635.19921875,37911.0,36425.75,36711.1015625,41350
2024-01-30,35767.61328125,36973.19921875,37748.94921875,36900.1015625,37635.55078125,10673
2024-01-31,36097.40234375,37314.1015625,37400.30078125,36876.55078125,36950.19921875,12384
2024-02-01,35807.13671875,37014.05078125,37400.0,36916.1015625,37400.0,9175
2024-02-02,35773.8125,36979.6015625,37293.1015625,36832.55078125,37019.0,13261
2024-02-05,35563.203125,36761.8984375,37373.94921875,36601.0,36999.94921875,28954
2024-02-06,35169.76953125,36355.19921875,37006.8984375,36200.0,36710.1015625,11669
2024-02-07,35091.3125,36274.1015625,36588.05078125,36071.0,36375.0,18958
2024-02-08,35542.75,36740.75,37369.80078125,35900.0,36398.94921875,37263
2024-02-09,35120.3828125,36304.1484375,36950.0,35860.69921875,36740.0,29638
2024-02-12,34943.9765625,36121.80078125,36500.0,35700.0,36500.0,53638
2024-02-13,34844.96875,36019.44921875,36479.80078125,35931.05078125,36479.80078125,15073
2024-02-14,34888.88671875,36064.8515625,36200.0,35691.8984375,35929.0,17194
2024-02-15,35119.75,36303.5,36441.6015625,36014.05078125,36149.8515625,14676
2024-02-16,35253.86328125,36341.75,36520.0,36100.0,36266.6484375,8824
2024-02-19,35569.57421875,36667.19921875,36932.80078125,36302.0,36350.0,23174
2024-02-20,35351.84375,36442.75,36679.44921875,36211.30078125,36500.0,25209
2024-02-21,35230.828125,36318.0,36649.8984375,36150.0,36490.0,10082
2024-02-22,35013.96484375,36094.44921875,36364.94921875,36002.5,36350.0,12618
2024-02-23,35020.2734375,36100.94921875,36439.69921875,35886.5,36300.0,17372
2024-02-26,34965.99609375,36045.0,36429.8515625,35654.8984375,36315.0,63712
2024-02-27,34607.84765625,35675.80078125,36180.0,35501.25,36145.0,19676
2024-02-28,33420.05859375,34451.3515625,35859.0,34210.05078125,35859.0,33933
2024-02-29,33282.50390625,34309.55078125,34598.0,33965.25,34451.3515625,30275
2024-03-01,34541.44921875,35607.3515625,35790.0,34300.0,34500.0,36312
2024-03-04,34407.3359375,35469.1015625,35700.0,35125.05078125,35700.0,42027
2024-03-05,34624.5859375,35693.05078125,35750.0,35300.0,35588.0,15404
2024-03-06,34640.5390625,35709.5,35750.0,35381.25,35430.05078125,15679
2024-03-07,34796.86328125,35870.6484375,35908.3984375,35419.0,35660.0,15330
2024-03-11,34789.6875,35863.25,36122.0,35692.80078125,36000.0,41083
2024-03-12,34089.49609375,35141.44921875,35949.94921875,34992.25,35863.25,17436
2024-03-13,33013.015625,34031.75,35322.30078125,33850.0,35147.0,32802
2024-03-14,33355.828125,34385.1484375,34599.0,33609.8984375,34049.94921875,26692
2024-03-15,33623.71875,34661.30078125,35089.8984375,34125.05078125,34300.0,62735
2024-03-18,33775.3359375,34817.6015625,35999.0,34550.05078125,35000.0,36689
2024-03-19,33014.078125,34032.8515625,34799.3515625,33907.25,34799.3515625,19126
2024-03-20,32239.00390625,33233.8515625,34290.0,33070.05078125,34000.0,20288
2024-03-21,33072.28515625,34092.8515625,34170.0,33273.1015625,33620.0,34652
2024-03-22,33418.6015625,34449.8515625,34522.6015625,33910.0,34030.0,21285
2024-03-26,33573.46875,34609.5,34762.05078125,34201.1015625,34201.1015625,27021
2024-03-27,33409.0,34439.94921875,34766.1484375,34366.0,34600.0,26399
2024-03-28,33419.6640625,34450.94921875,34600.0,34100.0,34469.44921875,30442
2024-04-01,33685.2734375,34724.75,34825.0,34300.0,34580.0,26588
2024-04-02,33917.25390625,34963.8984375,35332.1015625,34532.05078125,34950.0,29919
2024-04-03,33753.8046875,34795.3984375,35100.0,34704.69921875,34963.8984375,15250
2024-04-04,33455.3671875,34487.75,34990.0,34437.8984375,34735.0,9338
2024-04-05,33145.37890625,34168.19921875,34480.0,34075.0,34480.0,11913
2024-04-08,33976.1484375,35024.6015625,35099.8984375,33814.8515625,34371.94921875,61344
2024-04-09,35244.11328125,36331.69921875,36420.8984375,34901.0,35190.0,57004
2024-04-10,36261.6171875,37380.6015625,37550.1015625,36301.19921875,36330.0,51568
2024-04-12,34731.77734375,35803.55078125,37299.8515625,35658.6484375,37100.0,64465
2024-04-15,34240.68359375,35297.30078125,35859.3984375,34803.6015625,35800.1015625,49123
2024-04-16,34607.5625,35675.5,35966.0,35000.1015625,35000.1015625,28186
2024-04-18,34299.17578125,35357.6015625,35800.0,35012.0,35800.0,49752
2024-04-19,34331.9609375,35391.3984375,35499.0,34822.0,35347.6015625,16410
2024-04-22,34431.78515625,35494.30078125,35850.0,35353.0,35405.5,25470
2024-04-23,34932.3359375,36010.30078125,36109.19921875,35540.1484375,35720.0,16953
2024-04-24,35200.03125,36286.25,36437.0,35500.0,36109.0,17333
2024-04-25,34496.24609375,35560.75,36438.6484375,35429.8984375,36350.0,40245
2024-04-26,34129.84375,35183.05078125,35837.94921875,35150.0,35650.0,19959
2024-04-29,34056.22265625,35107.1484375,35373.25,35051.0,35345.05078125,27864
2024-04-30,33742.79296875,34784.05078125,35590.44921875,34660.0,35200.0,66090
2024-05-02,33895.1875,34941.1484375,35048.8515625,34700.0,34830.0,12805
2024-05-03,33751.37890625,34792.8984375,35150.0,34524.05078125,35020.0,17696
2024-05-06,33402.63671875,34433.3984375,35142.80078125,34377.05078125,34985.0,12011
2024-05-07,33341.23828125,34370.1015625,34814.94921875,33870.0,34490.0,23727
2024-05-08,33454.1015625,34486.44921875,34690.80078125,34266.1484375,34300.0,31994
2024-05-09,33328.38671875,34356.8515625,34839.8984375,34156.5,34400.1015625,24083
2024-05-10,33491.0625,34524.55078125,34699.0,34197.5,34356.8515625,18620
2024-05-13,34095.2734375,35147.3984375,35226.8984375,34061.0,34524.55078125,25177
2024-05-14,34176.9453125,35231.6015625,35385.0,34850.0,35199.0,7488
2024-05-15,33962.515625,35010.55078125,35400.0,34772.1484375,35400.0,7038
2024-05-16,34563.6640625,35630.25,35718.0,35018.0,35018.0,13313
2024-05-17,34516.37109375,35581.5,36011.1015625,35315.25,35639.8984375,13750
2024-05-21,34183.01171875,35237.8515625,35680.1015625,35050.0,35555.55078125,19535
2024-05-22,35237.8125,36325.19921875,36448.94921875,34760.0,35440.0,55367
2024-05-23,34516.2265625,35581.3515625,36690.0,35200.1015625,36690.0,59941
2024-05-24,34490.5703125,35554.8984375,35896.3515625,34525.0,35096.0,74897
2024-05-27,35512.046875,36607.8984375,37072.6484375,35206.5,35600.0,76565
2024-05-28,35268.12109375,36356.44921875,36845.69921875,36015.05078125,36561.0,21541
2024-05-29,35393.65234375,36485.8515625,36865.8984375,36056.44921875,36056.44921875,19627
2024-05-30,36828.28515625,37964.75,38443.94921875,36276.0,36485.8515625,64767
2024-05-31,34988.98828125,35954.69921875,37578.6484375,35731.05078125,37550.0,59479
2024-06-03,35362.38671875,36338.3984375,36799.8515625,35901.1484375,36499.8984375,33981
2024-06-04,35737.58203125,36723.94921875,37050.0,35800.6484375,36299.8984375,39899
2024-06-05,37513.515625,38548.8984375,38656.0,36723.94921875,36756.0,33554
2024-06-06,37751.44921875,38793.3984375,38911.19921875,37500.0,38548.8984375,26535
2024-06-07,37319.42578125,38349.44921875,38790.0,38069.1015625,38789.94921875,30501
2024-06-10,37614.578125,38652.75,38775.0,37893.6015625,38390.0,53126
2024-06-11,37932.6015625,38979.55078125,39149.94921875,38430.1484375,38652.0,18652
2024-06-12,37608.39453125,38646.3984375,39249.94921875,38502.0,39050.0,18592
2024-06-13,37789.984375,38833.0,38950.0,38609.55078125,38849.94921875,9557
2024-06-14,37478.29296875,38512.69921875,39070.6484375,38308.5,38833.0,30606
2024-06-18,37392.65234375,38424.69921875,38743.1484375,38266.0,38400.1015625,13946
2024-06-19,37900.828125,38946.8984375,39246.75,38333.25,38509.0,25797
2024-06-20,38498.38671875,39560.94921875,39629.94921875,38657.55078125,38946.8984375,17723
2024-06-21,38739.1875,39808.3984375,39969.3984375,38900.0,39501.0,20473
2024-06-24,39224.83203125,40307.44921875,40499.0,39290.0,39808.0,46367
2024-06-25,39369.25390625,40455.8515625,40700.0,40018.3515625,40290.0,11831
2024-06-26,38521.73828125,39584.94921875,40793.1015625,39460.5,40290.0,21745
2024-06-27,39003.87890625,40080.3984375,40250.0,39226.3984375,39302.0,27798
2024-06-28,38049.18359375,39099.3515625,40224.94921875,38900.0,40200.0,13167
2024-07-01,37997.8046875,39046.55078125,39300.0,38600.0,38952.05078125,15870
2024-07-02,37772.9140625,38815.44921875,39605.94921875,38701.0,39046.55078125,14106
2024-07-03,37364.1875,38395.44921875,39175.30078125,38300.0,39049.94921875,24244
2024-07-04,37652.43359375,38691.6484375,38800.0,38375.0,38589.0,7141
2024-07-05,38351.828125,39410.3515625,39550.0,38697.75,38708.19921875,16590
2024-07-08,38400.390625,39460.25,39600.0,38850.0,39590.0,32294
2024-07-09,38358.88671875,39417.6015625,39960.0,39200.0,39419.0,11669
2024-07-10,38420.140625,39480.55078125,39749.6015625,39010.0,39417.6015625,11878
2024-07-11,38323.8515625,39381.6015625,39757.6015625,39164.05078125,39480.0,11552
2024-07-12,38686.83203125,39754.6015625,39888.55078125,39062.80078125,39381.6015625,11026
2024-07-15,39452.65234375,40541.55078125,40750.0,39132.1015625,39654.6015625,40603
2024-07-16,39853.046875,40953.0,41350.0,40380.05078125,40501.0,30665
2024-07-18,39064.8515625,40143.05078125,40942.44921875,39690.0,40580.0,27609
2024-07-19,39417.1796875,40505.1015625,40724.8984375,39800.0,39842.0,40304
2024-07-22,39120.56640625,40200.30078125,40866.0,39538.94921875,40050.25,41263
2024-07-23,39801.8515625,40900.3984375,41050.0,40104.05078125,40200.30078125,19072
2024-07-24,39902.7734375,41004.1015625,41460.25,40250.0,40900.0,21988
2024-07-25,40210.4296875,41320.25,41500.0,40200.0,40900.0,16055
2024-07-26,40330.80859375,41443.94921875,41620.0,41181.1015625,41490.0,6425
2024-07-29,40028.703125,41133.5,41741.5,40920.0,41443.0,31835
2024-07-30,41365.6484375,42507.3515625,42700.0,41130.0,41133.5,29267
2024-07-31,41258.0234375,42396.75,42865.19921875,42222.0,42450.05078125,18411
2024-08-01,40885.890625,42014.3515625,42537.55078125,41767.0,42344.0,13056
2024-08-02,41652.3828125,42802.0,42922.0,41584.8515625,41751.0,18905
2024-08-05,40316.74609375,41429.5,42386.8515625,41250.0,42205.1484375,23362
2024-08-06,39934.05859375,41036.25,42268.44921875,40897.0,41256.0,16947
2024-08-07,40182.06640625,41291.1015625,41750.0,40810.19921875,41501.0,14050
2024-08-08,39639.92578125,40734.0,41975.1484375,40266.0,41200.0,33948
2024-08-09,39125.9609375,40205.8515625,40950.0,39586.5,40950.0,60060
2024-08-12,39724.8828125,40821.30078125,41050.0,39588.6484375,40169.0,26469
2024-08-13,39979.60546875,41083.05078125,41527.94921875,40548.0,40821.30078125,8575
2024-08-14,39536.0,40627.19921875,41196.19921875,40409.8984375,41002.05078125,11054
2024-08-16,40144.12890625,40947.5,41152.75,40450.5,40450.5,5230
2024-08-19,40247.609375,41053.05078125,41346.80078125,40552.1015625,40966.05078125,23708
2024-08-20,40121.37890625,40924.30078125,41326.69921875,40835.05078125,41053.05078125,9306
2024-08-21,40753.23828125,41568.80078125,41699.8515625,40875.05078125,41000.0,8417
2024-08-22,41348.9140625,42176.3984375,42423.05078125,41510.19921875,41510.19921875,14188
2024-08-23,40698.140625,41512.6015625,42462.44921875,41359.44921875,42055.0,18586
2024-08-26,41091.125,41913.44921875,42345.0,41554.1484375,41819.94921875,15955
2024-08-27,40713.5859375,41528.3515625,42320.0,41409.0,41710.1015625,10982
2024-08-28,40517.4609375,41328.30078125,41728.44921875,41108.3515625,41375.0,8848
2024-08-29,40946.328125,41765.75,41900.0,41425.44921875,41635.0,11821
2024-08-30,41686.31640625,42520.55078125,42891.1484375,41600.0,41605.0,29592
2024-09-02,41023.62890625,41844.6015625,42615.55078125,41707.0,42520.55078125,15302
2024-09-03,41138.91796875,41962.19921875,42154.0,41703.5,41813.55078125,7055
2024-09-04,40456.234375,41265.8515625,41967.8515625,41080.1015625,41620.0,12986
2024-09-05,40246.7734375,41052.19921875,41607.19921875,40949.94921875,41250.0,17009
2024-09-06,39568.54296875,40360.3984375,41270.0,40262.6015625,41270.0,17008
2024-09-09,39525.1171875,40316.1015625,40550.0,40040.0,40550.0,11177
2024-09-10,39586.6796875,40378.8984375,40834.8984375,40316.1015625,40400.0,8622
2024-09-11,41002.6484375,41823.19921875,42551.94921875,40300.0,40400.0,54335
2024-09-12,42411.94921875,43260.69921875,43584.05078125,41781.0,41816.0,56171
2024-09-13,42512.7734375,43363.55078125,43744.25,43000.0,43200.0,25427
2024-09-16,42210.8671875,43055.6015625,43943.5,42799.0,43740.0,21161
2024-09-17,42529.88671875,43381.0,43546.55078125,42952.30078125,43070.0,12632
2024-09-18,42207.3359375,43052.0,44100.0,42603.8984375,43500.0,29499
2024-09-19,42171.26171875,43015.19921875,43887.94921875,42457.69921875,43110.19921875,16911
2024-09-20,42208.3125,43053.0,43500.0,42801.05078125,43299.0,58654
2024-09-23,42173.6640625,43017.6484375,43437.3515625,42800.05078125,43094.6015625,47600
2024-09-24,41135.4375,41958.6484375,43339.80078125,41805.05078125,43339.80078125,36371
2024-09-25,41097.59765625,41920.05078125,42099.94921875,41220.0,42000.0,15582
2024-09-26,41208.52734375,42033.19921875,42220.1015625,41380.0,41920.05078125,15182
2024-09-27,41209.359375,42034.05078125,42615.0,41857.25,41950.0,30027
2024-09-30,42062.4375,42904.19921875,42961.6015625,41727.80078125,42025.0,22288
2024-10-01,41876.2109375,42714.25,42944.0,42228.55078125,42570.1015625,16016
2024-10-03,40846.125,41663.55078125,42586.0,41447.0,42484.25,22241
2024-10-04,40577.50390625,41389.55078125,42282.80078125,41116.44921875,41800.0,22836
2024-10-07,40606.328125,41418.94921875,42006.44921875,40805.0,42006.44921875,27657
2024-10-08,41437.84375,42267.1015625,42366.0,41111.0,41290.0,19405
2024-10-09,43073.40234375,43935.3984375,44179.0,42269.94921875,42269.94921875,49967
2024-10-10,43298.55078125,44165.05078125,44249.8984375,43786.8984375,43935.3984375,20708
2024-10-11,44480.0078125,45370.1484375,46100.0,44602.0,44602.0,57301
2024-10-14,44752.90234375,45648.5,46002.0,44800.0,44800.0,35069
2024-10-15,45350.140625,46257.69921875,46496.8984375,45560.0,45654.94921875,51464
2024-10-16,45679.015625,46593.1484375,46810.3984375,46010.0,46300.0,33728
2024-10-17,44571.7734375,45463.75,46749.30078125,45321.55078125,46450.0,16313
2024-10-18,44676.57421875,45570.6484375,45882.3984375,45016.80078125,45465.0,9883
2024-10-21,43642.2734375,44515.6484375,45900.0,44309.1015625,45451.0,19251
2024-10-22,43196.69140625,44061.1484375,44929.3984375,43915.55078125,44601.0,18560
2024-10-23,42298.76171875,43145.25,44246.80078125,42856.05078125,43800.0,14438
2024-10-24,42589.296875,43441.6015625,44325.0,42845.0,43050.0,9914
2024-10-25,42194.203125,43038.6015625,44231.8984375,42639.0,43640.0,17424
2024-10-28,41659.79296875,42493.5,43483.8984375,42300.0,42800.0,10711
2024-10-29,42501.94140625,43352.5,43841.8515625,42580.1015625,42880.0,19209
2024-10-30,42407.71875,43256.3984375,43770.0,42856.1015625,43300.0,10872
2024-10-31,42316.94921875,43163.80078125,43500.0,42718.1015625,43275.0,18604
2024-11-01,42548.21875,43399.69921875,43499.94921875,43163.80078125,43325.0,934
2024-11-04,42192.68359375,43037.05078125,43620.0,42621.05078125,43500.0,15803
2024-11-05,42524.1953125,43375.19921875,43499.94921875,42670.1015625,42756.0,13556
2024-11-06,43287.078125,44153.3515625,44296.0,43327.69921875,43399.0,12241
2024-11-07,44179.9609375,45064.1015625,45490.0,43784.8984375,44400.0,55886
2024-11-08,47061.10546875,48002.8984375,48333.0,44800.19921875,44850.0,175762
2024-11-11,46416.40234375,47345.30078125,48393.69921875,47240.6484375,47800.0,26937
2024-11-12,46182.98046875,47107.19921875,48000.0,47021.3984375,47573.05078125,30704
2024-11-13,44957.109375,45856.80078125,47334.55078125,45612.05078125,47139.55078125,41753
2024-11-14,44730.828125,45377.25,46158.0,45213.3984375,45979.94921875,23936
2024-11-18,43469.85546875,44098.05078125,45646.1484375,43969.55078125,45450.0,15803
2024-11-19,43971.40625,44606.8515625,45280.0,44300.0,44300.0,34629
2024-11-21,43814.5234375,44447.69921875,45210.19921875,44111.1484375,44700.0,24893
2024-11-22,44127.7421875,44765.44921875,45159.6015625,44401.05078125,44499.69921875,97797
2024-11-25,44840.09765625,45488.1015625,46189.5,45101.0,45101.0,59101
2024-11-26,44839.36328125,45487.3515625,45926.30078125,45324.3984375,45600.0,23772
2024-11-27,44330.76171875,44971.3984375,45770.0,44826.3515625,45770.0,22236
2024-11-28,44177.5234375,44815.94921875,45453.44921875,44650.30078125,45010.0,24610
2024-11-29,44008.91015625,44644.8984375,45300.0,44483.94921875,44649.0,42304
2024-12-02,45211.58203125,45864.94921875,46431.25,44600.05078125,44750.0,65013
2024-12-03,45485.91796875,46143.25,46492.30078125,45065.25,46100.0,73602
2024-12-04,45279.01171875,45933.3515625,46440.0,45565.0,46302.5,49127
2024-12-05,45291.52734375,45946.05078125,46799.94921875,45762.3515625,45933.30078125,63726
2024-12-06,45449.9375,46106.75,46599.94921875,45915.0,46100.0,26817
2024-12-09,45463.984375,46121.0,46485.94921875,45899.8984375,46240.0,35904
2024-12-10,46137.5,46804.25,47011.75,45915.0,46377.5,54641
2024-12-11,46389.5078125,47059.8984375,47279.94921875,46652.69921875,46850.0,29440
2024-12-12,46748.76953125,47424.3515625,47576.6015625,46850.0,46918.19921875,47214
2024-12-13,48047.890625,48742.25,48811.80078125,47313.30078125,47450.0,42994
2024-12-16,48535.49609375,49236.8984375,49400.0,48575.05078125,48745.0,41627
2024-12-17,48511.79296875,49212.8515625,49849.94921875,49071.6015625,49071.6015625,53695
2024-12-18,48406.41015625,49105.94921875,49381.8515625,48549.69921875,49150.6015625,39776
2024-12-19,48472.55859375,49173.05078125,49464.0,48726.05078125,49000.0,36876
2024-12-20,48160.37109375,48856.3515625,49600.0,48620.0,49200.0,32345
2024-12-23,47917.82421875,48610.30078125,49150.0,48365.0,48855.55078125,14370
2024-12-24,48165.0,48861.05078125,49064.8984375,48650.0,48890.8984375,7524
2024-12-26,46412.625,47083.3515625,48974.94921875,46850.0,48861.05078125,21533
2024-12-27,46264.9609375,46933.55078125,47443.8984375,46490.1015625,47359.8984375,23819
2024-12-30,46335.6875,47005.30078125,47699.94921875,46493.1484375,47220.0,48343
2024-12-31,46837.53515625,47514.3984375,47856.6484375,46750.0,46750.30078125,37902
2025-01-01,47107.53515625,47788.30078125,47900.0,47066.3515625,47514.3984375,9446
2025-01-02,47462.65234375,48148.55078125,48267.1015625,47444.75,47788.30078125,13143
2025-01-03,47258.25390625,47941.19921875,48594.94921875,47766.0,48450.0,18525
2025-01-06,47316.11328125,47999.8984375,48197.94921875,47586.0,47941.25,34830
2025-01-07,48118.2734375,48813.6484375,49254.69921875,47956.0,47956.0,43413
2025-01-08,47378.61328125,48063.30078125,48776.8984375,47111.05078125,48667.0,39288
2025-01-09,46867.40234375,47544.69921875,48063.30078125,47145.05078125,48063.30078125,10595
2025-01-10,46079.63671875,46745.55078125,47899.94921875,46525.0,47499.94921875,12810
2025-01-13,45257.56640625,45911.6015625,46729.3515625,45579.3515625,46600.0,27472
2025-01-14,45809.48828125,46471.5,46650.94921875,45966.05078125,46000.0,13713
2025-01-15,45381.37890625,46037.19921875,47237.3515625,45255.1015625,46508.25,25116
2025-01-16,45287.23828125,45941.69921875,46453.25,45337.19921875,46061.0,104583
2025-01-17,45440.87109375,46097.55078125,46399.3984375,45069.5,45950.0,22562
2025-01-20,45679.71875,46339.8515625,46673.8984375,45360.0,46100.0,15580
2025-01-21,45320.90625,45975.8515625,46933.6484375,45866.3515625,46339.8515625,26933
2025-01-22,45417.01171875,46073.3515625,46671.3515625,45700.0,46280.0,42794
2025-01-23,46102.5078125,46768.75,46913.8984375,45794.1015625,46165.6015625,29451
2025-01-24,45734.32421875,46395.25,47149.55078125,46256.3515625,46554.0,13011
2025-01-27,43944.34375,44579.3984375,46320.0,44335.0,46320.0,17917
2025-01-28,44047.015625,44683.55078125,44930.0,44200.1484375,44509.0,20045
2025-01-29,44546.59375,45190.3515625,46098.94921875,44583.0,44600.0,32215
2025-01-30,43672.32421875,44303.44921875,45205.3984375,43600.0,45190.3515625,37596
2025-01-31,44086.44140625,44723.55078125,45190.19921875,44289.94921875,44300.0,27976
2025-02-01,45909.30078125,46572.75,47168.8984375,43605.0,44775.0,48216
2025-02-03,46605.2421875,47278.75,47493.5,45409.5,46542.8515625,23382
2025-02-04,46239.03515625,46907.25,47191.3984375,45677.75,46951.0,30223
2025-02-05,45142.7734375,45795.1484375,48400.0,45468.5,47179.0,96888
2025-02-06,43364.51953125,43991.19921875,45430.0,43511.8515625,45430.0,120947
2025-02-07,42370.73828125,42983.05078125,44375.0,42700.0,44350.0,42482
2025-02-10,43032.8671875,43654.75,43941.1484375,42801.94921875,42983.05078125,47495
2025-02-11,41514.90234375,42114.8515625,43577.0,41850.0,43510.0,27311
2025-02-12,42099.703125,42708.1015625,43390.30078125,41615.0,42300.0,23195
2025-02-13,41232.296875,41681.25,42686.5,41450.1015625,42686.5,36838
2025-02-14,40626.0,41068.3515625,41775.0,40600.0,41711.0,19326
2025-02-17,40480.625,40921.3984375,41289.8984375,40301.6015625,40800.0,14820
2025-02-18,40180.25390625,40617.75,41091.44921875,40067.05078125,40921.3984375,22082
2025-02-19,41083.12109375,41530.44921875,41691.19921875,40126.0,40599.0,21743
2025-02-20,40953.875,41399.80078125,41595.0,40901.25,41300.05078125,34371
2025-02-21,40689.2578125,41132.30078125,42350.0,40893.80078125,41313.05078125,29594
2025-02-24,40719.73046875,41163.1015625,41618.30078125,40715.69921875,40990.0,43411
2025-02-25,41477.92578125,41929.55078125,42087.94921875,41162.0,41449.0,27459
2025-02-27,41419.16015625,41870.1484375,42240.0,41500.0,42240.0,35641
2025-02-28,40079.546875,40515.94921875,41870.1484375,40000.0,41870.05078125,44079
2025-03-03,40127.67578125,40564.6015625,40898.19921875,40159.6015625,40550.0,15472
2025-03-04,39885.51171875,40319.80078125,40649.8984375,39445.0,40290.0,28042
2025-03-05,40600.5703125,41042.6484375,41255.0,40065.1015625,40065.1484375,20278
2025-03-06,40158.09375,40595.3515625,41490.0,40352.0,41490.0,27404
2025-03-07,39635.578125,40067.1484375,40826.0,39992.6484375,40790.0,18542
2025-03-10,39448.9140625,39878.44921875,40388.6484375,39627.6484375,40200.0,13944
2025-03-11,39333.078125,39761.3515625,39846.5,38850.0,39823.0,14828
2025-03-12,39691.2265625,40123.3984375,40294.0,39550.05078125,39750.0,7977
2025-03-13,39667.33203125,40099.25,40299.94921875,39750.0,40243.5,8237
2025-03-17,39926.95703125,40361.69921875,40844.1015625,40020.1015625,40200.0,14375
2025-03-18,39926.95703125,40361.69921875,40361.69921875,40361.69921875,40361.69921875,0
2025-03-19,40808.1171875,41252.44921875,41449.25,40600.0,40600.0,27398
2025-03-20,41484.74609375,41936.44921875,42250.0,41127.0,41500.0,13228
2025-03-21,41674.18359375,42127.94921875,42455.0,41686.6015625,41686.6015625,27509
2025-03-24,42662.47265625,43127.0,43199.0,42212.55078125,42473.0,9173
2025-03-25,42463.24609375,42925.6015625,44300.0,42600.05078125,43126.94921875,24216
2025-03-26,41805.94921875,42261.1484375,43307.80078125,42123.3984375,42930.0,16995
2025-03-27,43418.69140625,43891.44921875,44282.0,41000.0,42215.05078125,31068
2025-03-28,42233.89453125,42693.75,43500.0,42450.0,43500.0,23254
2025-04-01,41553.6484375,42006.1015625,42999.94921875,41926.6484375,42693.75,9974
2025-04-02,42528.53515625,42991.6015625,43197.44921875,41938.6015625,42399.8984375,24953
2025-04-03,43020.72265625,43489.1484375,43638.80078125,42250.0,42250.0,13404
2025-04-04,41854.078125,42309.80078125,43350.0,42027.8515625,43180.0,14177
2025-04-07,40859.55078125,41304.44921875,42244.3984375,40572.19921875,41509.80078125,41820
2025-04-08,41300.69921875,41750.3984375,42655.44921875,41462.55078125,41500.0,18910
2025-04-09,42279.09765625,42739.44921875,42895.0,41266.19921875,41744.5,17873
2025-04-11,44002.28125,44481.3984375,44750.0,42011.1484375,42744.94921875,47063
2025-04-15,44723.0390625,45210.0,45475.0,44550.0,44650.0,38641
2025-04-16,44446.05078125,44930.0,45225.0,44430.0,45210.0,17045
2025-04-17,44371.859375,44855.0,45080.0,44470.0,44925.0,23368
2025-04-21,44980.2421875,45470.0,45945.0,44870.0,44995.0,14544
2025-04-22,44841.74609375,45330.0,45880.0,45195.0,45470.0,18994
2025-04-23,45440.2265625,45935.0,46360.0,45305.0,45375.0,26242
2025-04-24,44530.13671875,45015.0,45970.0,44905.0,45970.0,21522
2025-04-25,44124.5546875,44605.0,45480.0,43900.0,45020.0,18414
2025-04-28,44698.30859375,45185.0,45360.0,44460.0,44525.0,35157
2025-04-29,44515.30078125,45000.0,45445.0,44630.0,45185.0,15266
2025-04-30,45123.67578125,45615.0,45875.0,44800.0,44900.0,36309
2025-05-02,44762.60546875,45250.0,45610.0,45055.0,45610.0,8325
2025-05-05,45410.55078125,45905.0,46175.0,45225.0,45225.0,24637
2025-05-06,45212.7109375,45705.0,46020.0,45500.0,45800.0,7816
2025-05-07,45850.7578125,46350.0,47130.0,45025.0,45025.0,31679
2025-05-08,44673.57421875,45160.0,46470.0,44770.0,46365.0,17341
2025-05-09,44980.2421875,45470.0,45655.0,44535.0,44885.0,13794
2025-05-12,46543.21875,47050.0,47150.0,45820.0,45820.0,14934
2025-05-13,45979.359375,46480.0,47200.0,46370.0,46700.0,11291
2025-05-14,45920.00390625,46420.0,46740.0,45870.0,46550.0,26539
2025-05-15,46434.40234375,46940.0,47365.0,46020.0,46420.0,58580
2025-05-16,47314.81640625,47830.0,48455.0,46585.0,47500.0,45705
2025-05-19,47572.015625,48090.0,48800.0,47850.0,47850.0,20678
2025-05-20,46854.828125,47365.0,48735.0,47270.0,48735.0,26349
2025-05-21,47306.83203125,47620.0,48135.0,47050.0,47290.0,16817
2025-05-22,47550.22265625,47865.0,48120.0,47260.0,47620.0,22475
2025-05-23,47182.65625,47495.0,47985.0,47330.0,47955.0,7499
2025-05-26,46919.3984375,47230.0,47760.0,47125.0,47730.0,5213
2025-05-27,46477.32421875,46785.0,47520.0,46540.0,47480.0,7068
2025-05-28,45791.86328125,46095.0,46985.0,46000.0,46920.0,24287
2025-05-29,46040.21875,46345.0,46650.0,45705.0,46200.0,35571
2025-05-30,46074.98828125,46380.0,46895.0,46065.0,46345.0,30136
2025-06-02,45613.046875,45915.0,46600.0,45600.0,46600.0,16148
2025-06-03,45627.94921875,45930.0,46380.0,45580.0,46380.0,10518
2025-06-04,46040.21875,46345.0,46495.0,45625.0,46000.0,27481
2025-06-05,45533.5703125,45835.0,46805.0,45650.0,46300.0,30324
2025-06-06,45796.828125,46100.0,46395.0,45685.0,46240.0,22430
2025-06-09,46020.34765625,46325.0,46550.0,45880.0,46450.0,30684
2025-06-10,46363.08203125,46670.0,47385.0,46240.0,46450.0,18196
2025-06-11,46402.81640625,46710.0,47485.0,46615.0,46800.0,18481
2025-06-12,45930.94140625,46235.0,46940.0,46110.0,46940.0,23638
2025-06-13,45861.40234375,46165.0,46335.0,45505.0,46000.0,13694
2025-06-16,45329.921875,45630.0,46405.0,45510.0,46275.0,16961
2025-06-17,45528.60546875,45830.0,46145.0,45605.0,45900.0,14393
2025-06-18,44887.84765625,45185.0,45990.0,44780.0,45990.0,33495
2025-06-19,44579.88671875,44875.0,45425.0,44755.0,45320.0,29724
2025-06-20,44629.5546875,44925.0,45285.0,44200.0,44800.0,35835
2025-06-23,45131.234375,45430.0,45590.0,44640.0,44900.0,19219
2025-06-24,45965.7109375,46270.0,47385.0,45800.0,46330.0,38399
2025-06-25,47967.4609375,48285.0,49085.0,46090.0,46090.0,55451
2025-06-26,48379.734375,48700.0,48980.0,47830.0,48105.0,51907
2025-06-27,49114.86328125,49440.0,50590.0,47690.0,48510.0,61469
2025-06-30,49085.0625,49410.0,49490.0,48430.0,48800.0,34121
2025-07-01,47878.05078125,48195.0,49700.0,48000.0,49200.0,20045
2025-07-02,47187.62109375,47500.0,47925.0,47130.0,47235.0,24542
2025-07-03,47828.37890625,48145.0,48490.0,47700.0,47790.0,14934
2025-07-04,48389.6640625,48710.0,49125.0,48010.0,48345.0,52564
2025-07-07,48588.3515625,48910.0,49080.0,48440.0,48800.0,18958
2025-07-08,48642.98828125,48965.0,49195.0,48330.0,48975.0,14343
2025-07-09,48270.453125,48590.0,49165.0,48340.0,49100.0,12878
2025-07-10,47927.72265625,48245.0,48985.0,48000.0,48890.0,13232
2025-07-11,47614.79296875,47930.0,48570.0,47650.0,48365.0,9296
2025-07-14,48444.3046875,48765.0,48925.0,47880.0,47880.0,34775
2025-07-15,48697.62890625,49020.0,49300.0,48460.0,48770.0,12350
2025-07-16,46834.95703125,47145.0,49380.0,47090.0,49100.0,26209
2025-07-17,46974.03515625,47285.0,47490.0,46980.0,47300.0,13351
2025-07-18,46432.62109375,46740.0,47490.0,46390.0,47490.0,9590
2025-07-21,46422.6875,46730.0,46990.0,46425.0,46905.0,10469
2025-07-22,45990.546875,46295.0,46825.0,46220.0,46730.0,13967
2025-07-23,47098.21484375,47410.0,47790.0,46130.0,46500.0,20541
2025-07-24,46805.15234375,47115.0,47295.0,46600.0,47200.0,22375
2025-07-25,45965.7109375,46270.0,47300.0,46135.0,47000.0,11751
2025-07-28,46204.1328125,46510.0,46935.0,46205.0,46260.0,10007
2025-07-29,46904.49609375,47215.0,47400.0,46220.0,46350.0,21249
2025-07-30,47997.26171875,48315.0,48715.0,46985.0,47220.0,64163
2025-07-31,48484.0390625,48805.0,49090.0,47555.0,48085.0,25534
2025-08-01,46502.16015625,46810.0,48135.0,46500.0,48135.0,27452
2025-08-04,45960.74609375,46265.0,47180.0,46180.0,47140.0,11840
2025-08-05,45429.26171875,45730.0,46360.0,45385.0,46265.0,12379
2025-08-06,45995.51171875,46300.0,46440.0,45695.0,45940.0,9433
2025-08-07,45459.06640625,45760.0,46720.0,45290.0,45525.0,40964
2025-08-08,44569.94921875,44865.0,45495.0,43820.0,45495.0,49106
2025-08-11,44728.8984375,45025.0,45300.0,43650.0,44800.0,26479
2025-08-12,43790.11328125,44080.0,45330.0,43890.0,44960.0,24274
2025-08-13,43386.40234375,43525.0,44280.0,43405.0,44010.0,36102
2025-08-14,43376.43359375,43515.0,43845.0,43365.0,43670.0,19276
2025-08-18,44547.69140625,44690.0,44920.0,43980.0,43985.0,19031
2025-08-19,45494.66796875,45640.0,45890.0,44525.0,44800.0,26437
2025-08-20,45240.48046875,45385.0,45870.0,45130.0,45630.0,24481
2025-08-21,45743.87109375,45890.0,46710.0,45475.0,45600.0,23855
2025-08-22,45509.62109375,45655.0,46125.0,45380.0,45715.0,12049
2025-08-25,46700.81640625,46850.0,47310.0,45485.0,45485.0,28088
2025-08-26,45360.09765625,45505.0,46890.0,45220.0,46580.0,53221
2025-08-28,44009.4140625,44150.0,45330.0,43845.0,45330.0,47648
2025-08-29,44193.82421875,44335.0,44575.0,43650.0,44275.0,21171
2025-09-01,44677.27734375,44820.0,44890.0,44135.0,44350.0,13821
2025-09-02,45016.1953125,45160.0,45340.0,44450.0,45000.0,16508
2025-09-03,45180.671875,45325.0,45695.0,44995.0,45000.0,8745
2025-09-04,44522.7734375,44665.0,45760.0,44575.0,45510.0,15279
2025-09-05,44143.984375,44285.0,44990.0,44155.0,44900.0,9964
2025-09-08,44139.0,44280.0,44610.0,44010.0,44470.0,8573
2025-09-09,44168.90234375,44310.0,44500.0,43935.0,44300.0,7704
2025-09-10,44283.53515625,44425.0,44610.0,44200.0,44450.0,11200
2025-09-11,44124.046875,44265.0,44610.0,44020.0,44425.0,11731
2025-09-12,43989.4765625,44130.0,44500.0,43980.0,44500.0,6344
2025-09-15,44198.80859375,44340.0,44590.0,44045.0,44295.0,14240
2025-09-16,45190.640625,45335.0,45465.0,44365.0,44490.0,23029
2025-09-17,45210.57421875,45355.0,45890.0,45215.0,45215.0,14185
2025-09-18,44124.046875,44265.0,45650.0,44095.0,45650.0,30765
2025-09-19,43431.2578125,43570.0,44485.0,43490.0,44300.0,43916
2025-09-22,43266.78515625,43405.0,43825.0,43300.0,43550.0,18035
2025-09-23,42643.7734375,42780.0,43595.0,42600.0,43595.0,19571
2025-09-24,42269.96875,42405.0,42995.0,42305.0,42780.0,11810
2025-09-25,42489.26953125,42625.0,42950.0,42330.0,42375.0,20188
2025-09-26,41108.6796875,41240.0,42500.0,41015.0,42500.0,36267
2025-09-29,40954.171875,41085.0,41820.0,40730.0,41240.0,48213
2025-09-30,40555.4453125,40685.0,41500.0,40575.0,41465.0,35445
2025-10-01,41975.91015625,42110.0,42245.0,40940.0,40985.0,28755
2025-10-03,42738.47265625,42875.0,43135.0,41645.0,42110.0,40218
2025-10-06,42060.63671875,42195.0,42810.0,42120.0,42805.0,15655
2025-10-07,41562.23046875,41695.0,42385.0,41620.0,42110.0,12080
2025-10-08,41567.21484375,41700.0,42015.0,41265.0,41690.0,13956
2025-10-09,41607.0859375,41740.0,42085.0,41365.0,42000.0,20885
2025-10-10,41507.40625,41640.0,42140.0,41350.0,42040.0,22112
2025-10-13,40879.41015625,41010.0,41535.0,40610.0,41325.0,28590
2025-10-14,40341.12890625,40470.0,41460.0,40370.0,41350.0,16757
2025-10-15,40405.921875,40535.0,40780.0,40250.0,40780.0,14197
2025-10-16,40889.37890625,41020.0,41290.0,40540.0,40750.0,14326
2025-10-17,40909.31640625,41040.0,41270.0,40780.0,41270.0,21226
2025-10-20,41587.1484375,41720.0,41900.0,40905.0,41450.0,20493
2025-10-21,41452.58203125,41585.0,42100.0,41330.0,42080.0,1828
2025-10-23,41327.9765625,41460.0,41995.0,41365.0,41905.0,20796
2025-10-24,40894.36328125,41025.0,41665.0,40800.0,41665.0,15774
2025-10-27,40854.4921875,40985.0,41235.0,40815.0,41090.0,10116
2025-10-28,40784.71484375,40915.0,41195.0,40510.0,41195.0,23929
2025-10-29,41228.296875,41360.0,41415.0,40875.0,41150.0,9873
2025-10-30,40814.6171875,40945.0,41495.0,40615.0,41360.0,20231
2025-10-31,41068.8046875,41200.0,41500.0,40845.0,41120.0,19186
2025-11-03,40630.20703125,40760.0,41300.0,40500.0,41300.0,13219
2025-11-04,40007.19921875,40135.0,40870.0,40000.0,40870.0,25177
2025-11-06,39633.390625,39760.0,40295.0,39675.0,40285.0,16531
2025-11-07,39613.45703125,39740.0,39900.0,39330.0,39800.0,16589
2025-11-10,40071.9921875,40200.0,40340.0,39530.0,39750.0,12791
2025-11-11,40091.92578125,40220.0,40345.0,39775.0,40100.0,11613
2025-11-12,40590.3359375,40720.0,40865.0,40220.0,40220.0,14708
2025-11-13,39458.94921875,39585.0,41245.0,39215.0,40970.0,52117
2025-11-14,39638.375,39765.0,39985.0,38765.0,39500.0,36040
2025-11-17,39344.31640625,39470.0,40370.0,39375.0,39995.0,12913
2025-11-18,39130.0,39255.0,39700.0,38740.0,39700.0,24783
2025-11-19,38810.0,38810.0,39240.0,38755.0,39155.0,20119
2025-11-20,38565.0,38565.0,39170.0,38500.0,39170.0,14684
2025-11-21,38885.0,38885.0,38980.0,38160.0,38705.0,32805
2025-11-24,38860.0,38860.0,39150.0,38500.0,39000.0,40078
2025-11-25,38535.0,38535.0,39025.0,38455.0,39025.0,33982
2025-11-26,39000.0,39000.0,39055.0,38310.0,38585.0,26059
2025-11-27,38930.0,38930.0,39270.0,38750.0,39200.0,58192
2025-11-28,38320.0,38320.0,39080.0,38100.0,39080.0,20663
2025-12-01,37405.0,37405.0,38350.0,37205.0,38320.0,34231
2025-12-02,37605.0,37605.0,37650.0,37110.0,37340.0,54634
2025-12-03,37240.0,37240.0,37665.0,36785.0,37640.0,51521
2025-12-04,37505.0,37505.0,37750.0,37165.0,37320.0,24162
2025-12-05,37455.0,37455.0,37650.0,37240.0,37650.0,26318
2025-12-08,37235.0,37235.0,37610.0,36900.0,37460.0,15077
2025-12-09,37195.0,37195.0,37390.0,36705.0,37230.0,16225
2025-12-10,36695.0,36695.0,37440.0,36610.0,37380.0,16952
2025-12-11,37065.0,37065.0,37170.0,36575.0,36860.0,8896
2025-12-12,36930.0,36930.0,37220.0,36755.0,37065.0,204406
2025-12-15,36740.0,36740.0,36925.0,36600.0,36800.0,9624
2025-12-16,36355.0,36355.0,36895.0,36200.0,36895.0,25922
2025-12-17,36055.0,36055.0,36495.0,35980.0,36495.0,15879
2025-12-18,35695.0,35695.0,36095.0,35560.0,36000.0,23512
2025-12-19,35745.0,35745.0,35960.0,35310.0,35705.0,41521
2025-12-22,36735.0,36735.0,36805.0,35970.0,36150.0,14242
2025-12-23,36700.0,36700.0,36900.0,36305.0,36900.0,43320
2025-12-24,36605.0,36605.0,36745.0,36415.0,36700.0,29139
2025-12-26,36470.0,36470.0,36750.0,36325.0,36605.0,10420
2025-12-29,36305.0,36305.0,36550.0,36065.0,36470.0,7299
2025-12-30,35565.0,35565.0,36475.0,35405.0,36475.0,78314
2025-12-31,36045.0,36045.0,36100.0,35635.0,35835.0,10223
2026-01-01,35645.0,35645.0,36285.0,35500.0,36285.0,25148
2026-01-02,35775.0,35775.0,36045.0,35490.0,35695.0,24470
2026-01-05,35550.0,35550.0,35905.0,35190.0,35900.0,27388
2026-01-06,35360.0,35360.0,35685.0,34990.0,35685.0,11501
2026-01-07,35380.0,35380.0,35590.0,35185.0,35540.0,8681
2026-01-08,34765.0,34765.0,35535.0,34585.0,35495.0,15798
2026-01-09,34280.0,34280.0,34915.0,34200.0,34830.0,16281
2026-01-12,34365.0,34365.0,34635.0,34055.0,34395.0,11932
2026-01-13,34645.0,34645.0,34750.0,34215.0,34625.0,30417
2026-01-14,34320.0,34320.0,34595.0,34095.0,34595.0,30937
2026-01-16,34365.0,34365.0,34650.0,34200.0,34325.0,15184
