date_,adj close_piind.ns,close_piind.ns,high_piind.ns,low_piind.ns,open_piind.ns,volume_piind.ns
2024-01-16,3453.321044921875,3481.14990234375,3486.300048828125,3448.10009765625,3463.0,330164
2024-01-17,3393.552734375,3420.89990234375,3469.0,3401.35009765625,3469.0,274487
2024-01-18,3329.469482421875,3356.300048828125,3420.0,3330.300048828125,3413.0,458137
2024-01-19,3378.1767578125,3405.39990234375,3432.0,3366.0,3377.89990234375,212327
2024-01-23,3252.68798828125,3278.89990234375,3395.699951171875,3251.800048828125,3382.39990234375,469762
2024-01-24,3256.457763671875,3282.699951171875,3316.949951171875,3258.85009765625,3297.0,192710
2024-01-25,3216.033447265625,3241.949951171875,3300.0,3220.0,3278.0,241567
2024-01-29,3266.823974609375,3293.14990234375,3308.800048828125,3248.0,3252.0,218314
2024-01-30,3239.692626953125,3265.800048828125,3318.60009765625,3260.800048828125,3291.050048828125,205904
2024-01-31,3345.6884765625,3372.64990234375,3390.0,3254.550048828125,3265.800048828125,291997
2024-02-01,3383.880859375,3411.14990234375,3417.199951171875,3353.050048828125,3372.64990234375,287023
2024-02-02,3349.259765625,3376.25,3446.0,3368.25,3446.0,174194
2024-02-05,3255.713623046875,3281.949951171875,3389.85009765625,3264.0,3366.0,408128
2024-02-06,3287.9541015625,3314.449951171875,3337.89990234375,3264.0,3283.050048828125,264320
2024-02-07,3303.032470703125,3329.64990234375,3357.25,3291.0,3335.0,267012
2024-02-08,3428.124267578125,3455.75,3474.949951171875,3342.800048828125,3343.0,871825
2024-02-09,3456.495849609375,3484.35009765625,3510.0,3426.0,3469.449951171875,737224
2024-02-12,3376.24267578125,3403.449951171875,3499.0,3369.39990234375,3499.0,769165
2024-02-13,3395.9833984375,3423.35009765625,3470.949951171875,3364.050048828125,3439.949951171875,861084
2024-02-14,3390.82470703125,3418.14990234375,3456.949951171875,3378.64990234375,3418.050048828125,504758
2024-02-15,3539.080078125,3567.60009765625,3610.0,3440.550048828125,3440.550048828125,1141777
2024-02-16,3616.1591796875,3645.300048828125,3662.550048828125,3575.0,3575.0,904620
2024-02-19,3638.6279296875,3667.949951171875,3680.0,3620.0,3668.85009765625,298793
2024-02-20,3653.95458984375,3683.39990234375,3695.0,3650.25,3655.0,304952
2024-02-21,3659.518798828125,3683.0,3704.949951171875,3656.550048828125,3698.0,305505
2024-02-22,3657.382568359375,3680.85009765625,3697.949951171875,3632.550048828125,3681.0,141410
2024-02-23,3651.271484375,3674.699951171875,3702.5,3660.0,3695.0,169837
2024-02-26,3671.343017578125,3694.89990234375,3712.0,3647.449951171875,3650.050048828125,183126
2024-02-27,3648.83740234375,3672.25,3701.85009765625,3647.0,3693.0,181113
2024-02-28,3610.97998046875,3634.14990234375,3685.949951171875,3610.14990234375,3652.300048828125,253832
2024-02-29,3649.2841796875,3672.699951171875,3697.0,3576.800048828125,3600.0,419847
2024-03-01,3654.997802734375,3678.449951171875,3699.14990234375,3646.5,3673.25,95030
2024-03-04,3594.18798828125,3617.25,3715.0,3610.0,3688.050048828125,203432
2024-03-05,3609.14208984375,3632.300048828125,3651.25,3609.300048828125,3635.0,194009
2024-03-06,3629.7099609375,3653.0,3659.89990234375,3580.449951171875,3622.75,263511
2024-03-07,3602.882080078125,3626.0,3714.35009765625,3617.050048828125,3655.14990234375,298793
2024-03-11,3628.81591796875,3652.10009765625,3769.699951171875,3620.60009765625,3629.949951171875,502597
2024-03-12,3616.7431640625,3639.949951171875,3666.75,3577.5,3652.10009765625,334401
2024-03-13,3557.970458984375,3580.800048828125,3655.35009765625,3545.14990234375,3650.0,440223
2024-03-14,3627.12646484375,3650.39990234375,3663.949951171875,3533.0,3575.050048828125,169209
2024-03-15,3625.884521484375,3649.14990234375,3659.800048828125,3612.85009765625,3636.5,336173
2024-03-18,3706.815185546875,3730.60009765625,3744.60009765625,3621.10009765625,3649.14990234375,264945
2024-03-19,3678.89453125,3702.5,3764.89990234375,3681.75,3740.0,461938
2024-03-20,3612.123046875,3635.300048828125,3726.550048828125,3618.300048828125,3726.550048828125,410676
2024-03-21,3727.1845703125,3751.10009765625,3767.800048828125,3640.39990234375,3650.0,311473
2024-03-22,3766.97900390625,3791.14990234375,3802.449951171875,3731.0,3731.0,166913
2024-03-26,3771.5,3795.699951171875,3845.0,3749.949951171875,3800.35009765625,357673
2024-03-27,3810.449951171875,3834.89990234375,3878.0,3774.050048828125,3819.89990234375,1442884
2024-03-28,3842.89208984375,3867.550048828125,3905.89990234375,3801.0,3865.0,405269
2024-04-01,3863.36083984375,3888.14990234375,3900.0,3801.0,3887.5,254124
2024-04-02,3831.86279296875,3856.449951171875,3938.0,3840.64990234375,3913.449951171875,356689
2024-04-03,3871.7568359375,3896.60009765625,3928.0,3826.949951171875,3856.449951171875,475766
2024-04-04,3790.726806640625,3815.050048828125,3909.949951171875,3806.300048828125,3901.800048828125,246895
2024-04-05,3845.1279296875,3869.800048828125,3894.0,3803.0,3834.39990234375,258919
2024-04-08,3934.45458984375,3959.699951171875,3975.10009765625,3836.35009765625,3899.949951171875,542288
2024-04-09,3880.8486328125,3905.75,4040.0,3842.449951171875,4022.550048828125,344997
2024-04-10,3835.936767578125,3860.550048828125,3893.64990234375,3831.25,3854.0,521517
2024-04-12,3835.638671875,3860.25,3915.89990234375,3829.14990234375,3871.699951171875,289594
2024-04-15,3772.7919921875,3797.0,3818.10009765625,3731.0,3765.0,637710
2024-04-16,3718.39111328125,3742.25,3833.10009765625,3737.0,3784.25,255347
2024-04-18,3692.85498046875,3716.550048828125,3795.5,3700.0,3740.0,244652
2024-04-19,3685.60107421875,3709.25,3735.0,3655.050048828125,3655.050048828125,135250
2024-04-22,3691.662353515625,3715.35009765625,3800.0,3681.5,3732.949951171875,220589
2024-04-23,3667.964599609375,3691.5,3734.89990234375,3674.35009765625,3734.89990234375,241564
2024-04-24,3730.910888671875,3754.85009765625,3763.89990234375,3692.300048828125,3695.10009765625,131696
2024-04-25,3732.10302734375,3756.050048828125,3778.949951171875,3721.64990234375,3772.25,169348
2024-04-26,3747.2060546875,3771.25,3781.0,3740.0,3765.0,166814
2024-04-29,3720.775634765625,3744.64990234375,3842.449951171875,3732.0,3789.0,348716
2024-04-30,3630.80322265625,3654.10009765625,3765.0,3592.0,3765.0,807822
2024-05-02,3617.68701171875,3640.89990234375,3687.14990234375,3627.0,3654.10009765625,211272
2024-05-03,3571.334716796875,3594.25,3655.949951171875,3560.0,3640.949951171875,318934
2024-05-06,3569.992919921875,3592.89990234375,3637.35009765625,3576.75,3611.550048828125,366585
2024-05-07,3485.1376953125,3507.5,3599.85009765625,3497.0,3586.0,424012
2024-05-08,3497.3095703125,3519.75,3544.699951171875,3475.0,3485.0,638388
2024-05-09,3494.72607421875,3517.14990234375,3590.0,3504.89990234375,3532.0,314013
2024-05-10,3539.886474609375,3562.60009765625,3570.39990234375,3504.14990234375,3526.550048828125,106309
2024-05-13,3635.42333984375,3658.75,3675.14990234375,3547.60009765625,3550.050048828125,292527
2024-05-14,3644.217041015625,3667.60009765625,3685.0,3586.199951171875,3651.0,150107
2024-05-15,3641.037109375,3664.39990234375,3749.89990234375,3605.800048828125,3749.89990234375,392757
2024-05-16,3585.295166015625,3608.300048828125,3652.199951171875,3575.699951171875,3627.0,341995
2024-05-17,3553.995849609375,3576.800048828125,3636.949951171875,3521.10009765625,3604.050048828125,1180397
2024-05-21,3562.09375,3584.949951171875,3604.0,3546.75,3598.0,221518
2024-05-22,3676.161865234375,3699.75,3724.5,3592.050048828125,3613.0,1036788
2024-05-23,3636.168701171875,3659.5,3699.0,3638.0,3699.0,277511
2024-05-24,3607.7509765625,3630.89990234375,3674.0,3595.199951171875,3674.0,241469
2024-05-27,3592.349853515625,3615.39990234375,3718.449951171875,3592.14990234375,3649.0,613741
2024-05-28,3594.684814453125,3617.75,3641.949951171875,3590.550048828125,3625.949951171875,316871
2024-05-29,3555.73486328125,3578.550048828125,3604.0,3561.35009765625,3604.0,297942
2024-05-30,3534.570556640625,3557.25,3578.5,3527.0,3563.0,222203
2024-05-31,3517.13232421875,3539.699951171875,3578.0,3511.39990234375,3557.25,1252747
2024-06-03,3622.50634765625,3645.75,3680.0,3565.0,3584.0,437923
2024-06-04,3571.334716796875,3594.25,3655.0,3523.85009765625,3595.0,804255
2024-06-05,3642.726318359375,3666.10009765625,3711.10009765625,3441.050048828125,3540.0,597639
2024-06-06,3628.319091796875,3651.60009765625,3694.0,3632.550048828125,3694.0,377890
2024-06-07,3619.37646484375,3642.60009765625,3652.5,3614.0,3616.050048828125,324844
2024-06-10,3617.289794921875,3640.5,3663.10009765625,3550.0,3585.0,823158
2024-06-11,3584.102783203125,3607.10009765625,3664.25,3594.60009765625,3600.0,502872
2024-06-12,3611.874267578125,3635.050048828125,3645.60009765625,3590.10009765625,3629.949951171875,372099
2024-06-13,3615.004150390625,3638.199951171875,3658.699951171875,3620.0,3649.0,149504
2024-06-14,3615.799072265625,3639.0,3657.10009765625,3625.10009765625,3638.199951171875,296027
2024-06-18,3637.5595703125,3660.89990234375,3669.300048828125,3644.050048828125,3662.550048828125,216884
2024-06-19,3627.325439453125,3650.60009765625,3705.0,3638.5,3667.64990234375,261310
2024-06-20,3750.88232421875,3774.949951171875,3805.0,3657.64990234375,3687.89990234375,805768
2024-06-21,3729.767822265625,3753.699951171875,3805.89990234375,3725.0,3800.75,548454
2024-06-24,3778.85302734375,3803.10009765625,3825.0,3684.949951171875,3753.0,491338
2024-06-25,3760.272216796875,3784.39990234375,3824.800048828125,3725.35009765625,3810.0,324872
2024-06-26,3751.876220703125,3775.949951171875,3795.0,3755.550048828125,3780.0,310213
2024-06-27,3795.1982421875,3819.550048828125,3950.0,3811.050048828125,3950.0,1255442
2024-06-28,3774.53076171875,3798.75,3864.60009765625,3785.60009765625,3834.0,172804
2024-07-01,3791.322998046875,3815.64990234375,3844.0,3768.85009765625,3799.5,244926
2024-07-02,3732.698974609375,3756.64990234375,3845.85009765625,3728.0,3826.60009765625,293408
2024-07-03,3773.139892578125,3797.35009765625,3804.949951171875,3761.050048828125,3780.0,329727
2024-07-04,3766.631591796875,3790.800048828125,3817.0,3770.0,3797.35009765625,250912
2024-07-05,3764.34619140625,3788.5,3806.949951171875,3775.0,3784.5,193684
2024-07-08,3732.79833984375,3756.75,3795.10009765625,3730.10009765625,3765.14990234375,475219
2024-07-09,3838.56982421875,3863.199951171875,3913.300048828125,3789.199951171875,3800.0,620574
2024-07-10,3821.181396484375,3845.699951171875,3863.199951171875,3780.0,3857.0,168976
2024-07-11,3837.5263671875,3862.14990234375,3869.050048828125,3806.25,3845.699951171875,125448
2024-07-12,3876.427001953125,3901.300048828125,3922.199951171875,3844.60009765625,3868.300048828125,459175
2024-07-15,3842.19677734375,3866.85009765625,3925.699951171875,3840.0,3925.699951171875,255409
2024-07-16,3855.859130859375,3880.60009765625,3915.949951171875,3860.0,3867.0,221307
2024-07-18,3880.103271484375,3905.0,3928.300048828125,3849.050048828125,3894.0,330915
2024-07-19,3810.84765625,3835.300048828125,3920.60009765625,3812.0,3905.0,254837
2024-07-22,3982.546142578125,4008.10009765625,4032.0,3777.0,3849.949951171875,829609
2024-07-23,3999.68603515625,4025.35009765625,4058.300048828125,3831.14990234375,4020.0,504040
2024-07-24,3982.595703125,4008.14990234375,4032.0,3951.35009765625,4025.35009765625,194039
2024-07-25,3982.546142578125,4008.10009765625,4031.0,3910.0,3910.0,199590
2024-07-26,4180.177734375,4207.0,4214.5,4010.0,4025.85009765625,756611
2024-07-29,4368.81787109375,4396.85009765625,4429.0498046875,4208.25,4208.25,942602
2024-07-30,4356.89404296875,4384.85009765625,4413.0,4351.4501953125,4400.0,264458
2024-07-31,4402.50146484375,4430.75,4467.0498046875,4352.89990234375,4384.7998046875,359197
2024-08-01,4384.51708984375,4412.64990234375,4453.7998046875,4369.2998046875,4440.35009765625,313317
2024-08-02,4251.61962890625,4278.89990234375,4405.85009765625,4251.4501953125,4369.9501953125,274124
2024-08-05,4183.7548828125,4210.60009765625,4293.0,4185.14990234375,4220.0,611759
2024-08-06,4237.56005859375,4264.75,4329.10009765625,4224.2001953125,4228.7001953125,425329
2024-08-07,4394.005859375,4422.2001953125,4458.2998046875,4325.89990234375,4410.0,891155
2024-08-08,4428.83203125,4457.25,4550.0,4391.5,4460.0,462552
2024-08-09,4459.08837890625,4487.7001953125,4600.0,4465.35009765625,4600.0,362962
2024-08-12,4412.68603515625,4441.0,4517.85009765625,4365.75,4484.85009765625,535220
2024-08-13,4345.3681640625,4373.25,4464.0,4360.10009765625,4464.0,262457
2024-08-14,4306.666015625,4334.2998046875,4372.75,4294.0,4370.0,170694
2024-08-16,4408.21484375,4436.5,4440.0,4303.0,4390.0,216065
2024-08-19,4296.03466796875,4323.60009765625,4468.39990234375,4296.64990234375,4450.0,672783
2024-08-20,4308.6298828125,4327.25,4350.0,4257.0,4325.0,263570
2024-08-21,4349.80224609375,4368.60009765625,4404.4501953125,4305.7001953125,4327.0,287238
2024-08-22,4408.99609375,4428.0498046875,4497.10009765625,4366.0498046875,4369.0,315079
2024-08-23,4401.47900390625,4420.5,4456.7998046875,4375.2001953125,4450.0,229345
2024-08-26,4386.19482421875,4405.14990234375,4486.39990234375,4392.75,4449.25,333893
2024-08-27,4439.36474609375,4458.5498046875,4489.35009765625,4383.7001953125,4405.0,221607
2024-08-28,4489.697265625,4509.10009765625,4520.0,4421.4501953125,4458.0,200315
2024-08-29,4444.244140625,4463.4501953125,4526.9501953125,4438.4501953125,4520.0,177012
2024-08-30,4476.1064453125,4495.4501953125,4524.5,4460.5,4472.25,446335
2024-09-02,4558.15185546875,4577.85009765625,4610.0,4493.39990234375,4524.89990234375,365406
2024-09-03,4520.26513671875,4539.7998046875,4630.4501953125,4522.5,4609.9501953125,255560
2024-09-04,4482.4287109375,4501.7998046875,4590.0,4476.60009765625,4499.89990234375,231198
2024-09-05,4490.5439453125,4509.9501953125,4559.9501953125,4490.2001953125,4532.0,149739
2024-09-06,4593.3994140625,4613.25,4660.9501953125,4483.35009765625,4513.0,613140
2024-09-09,4597.3818359375,4617.25,4644.14990234375,4565.7001953125,4613.25,476792
2024-09-10,4670.46630859375,4690.64990234375,4701.0,4610.0498046875,4610.0498046875,355228
2024-09-11,4603.5556640625,4623.4501953125,4748.89990234375,4610.5498046875,4694.0,275743
2024-09-12,4623.61865234375,4643.60009765625,4691.2001953125,4606.64990234375,4654.14990234375,113201
2024-09-13,4640.197265625,4660.25,4691.0,4636.5498046875,4649.5,191350
2024-09-16,4636.46337890625,4656.5,4699.10009765625,4621.0,4675.0,240974
2024-09-17,4672.60693359375,4692.7998046875,4716.9501953125,4611.5498046875,4675.0,127428
2024-09-18,4634.8701171875,4654.89990234375,4704.9501953125,4598.2001953125,4700.0,151912
2024-09-19,4648.46142578125,4668.5498046875,4739.35009765625,4607.39990234375,4660.0,311213
2024-09-20,4695.70703125,4716.0,4804.0498046875,4646.25,4688.0,606322
2024-09-23,4669.470703125,4689.64990234375,4746.64990234375,4665.0,4746.60009765625,264910
2024-09-24,4597.3818359375,4617.25,4765.9501953125,4585.85009765625,4700.0,258155
2024-09-25,4600.6181640625,4620.5,4638.39990234375,4522.64990234375,4615.5,147428
2024-09-26,4604.15283203125,4624.0498046875,4640.7998046875,4580.0,4619.64990234375,143490
2024-09-27,4632.92919921875,4652.9501953125,4681.0,4590.0498046875,4635.0,149874
2024-09-30,4635.716796875,4655.75,4721.0,4631.75,4652.9501953125,280666
2024-10-01,4710.9912109375,4731.35009765625,4741.0498046875,4655.75,4686.0,100017
2024-10-03,4640.396484375,4660.4501953125,4759.0,4621.7998046875,4726.9501953125,179079
2024-10-04,4567.51123046875,4587.25,4724.2998046875,4570.5498046875,4652.10009765625,148187
2024-10-07,4478.14697265625,4497.5,4625.0,4475.0498046875,4590.0,265529
2024-10-08,4551.03271484375,4570.7001953125,4591.9501953125,4472.7998046875,4490.0498046875,103413
2024-10-09,4585.43359375,4605.25,4618.7998046875,4549.0,4600.4501953125,74766
2024-10-10,4542.22021484375,4561.85009765625,4657.60009765625,4525.0498046875,4615.5,61746
2024-10-11,4504.13525390625,4523.60009765625,4591.9501953125,4495.35009765625,4572.5,72674
2024-10-14,4545.10791015625,4564.75,4582.0,4480.14990234375,4543.4501953125,176217
2024-10-15,4538.287109375,4557.89990234375,4564.75,4504.5,4564.75,73650
2024-10-16,4568.3076171875,4588.0498046875,4612.35009765625,4528.0,4560.0,217235
2024-10-17,4443.7958984375,4463.0,4618.89990234375,4447.5498046875,4618.89990234375,92938
2024-10-18,4541.07568359375,4560.7001953125,4590.7998046875,4407.0498046875,4459.9501953125,246269
2024-10-21,4381.16650390625,4400.10009765625,4635.10009765625,4366.0498046875,4560.89990234375,288710
2024-10-22,4300.41552734375,4319.0,4449.0,4303.2001953125,4385.7001953125,155241
2024-10-23,4333.4228515625,4352.14990234375,4411.2001953125,4259.0,4260.0,219517
2024-10-24,4302.30712890625,4320.89990234375,4375.2998046875,4299.10009765625,4334.0498046875,96061
2024-10-25,4309.02783203125,4327.64990234375,4363.89990234375,4270.9501953125,4339.89990234375,74395
2024-10-28,4340.990234375,4359.75,4386.14990234375,4311.2998046875,4334.9501953125,122396
2024-10-29,4391.97021484375,4410.9501953125,4420.0498046875,4288.89990234375,4363.10009765625,64743
2024-10-30,4476.20556640625,4495.5498046875,4520.60009765625,4405.5,4439.60009765625,189151
2024-10-31,4469.1865234375,4488.5,4563.2001953125,4438.0498046875,4562.0,152629
2024-11-01,4484.37060546875,4503.75,4526.39990234375,4391.25,4488.5,13158
2024-11-04,4444.44287109375,4463.64990234375,4503.75,4414.60009765625,4503.75,284281
2024-11-05,4518.37353515625,4537.89990234375,4558.10009765625,4441.2001953125,4475.0,289330
2024-11-06,4594.34521484375,4614.2001953125,4624.2998046875,4549.5,4553.39990234375,151768
2024-11-07,4674.2998046875,4694.5,4712.4501953125,4589.0498046875,4636.0,220510
2024-11-08,4542.81787109375,4562.4501953125,4715.0,4532.0,4709.9501953125,166782
2024-11-11,4579.90771484375,4599.7001953125,4619.7998046875,4466.14990234375,4570.0,190338
2024-11-12,4529.326171875,4548.89990234375,4648.35009765625,4516.0,4604.89990234375,247900
2024-11-13,4427.01806640625,4446.14990234375,4553.35009765625,4400.9501953125,4545.0,174456
2024-11-14,4246.89697265625,4265.25,4349.14990234375,4045.85009765625,4349.14990234375,1612326
2024-11-18,4173.91259765625,4191.9501953125,4265.0,4138.7998046875,4260.0,595995
2024-11-19,4130.947265625,4148.7998046875,4209.9501953125,4121.2998046875,4192.0,281992
2024-11-21,4120.8916015625,4138.7001953125,4179.7001953125,4073.60009765625,4135.0,247603
2024-11-22,4098.93603515625,4116.64990234375,4181.0,4091.699951171875,4138.7001953125,203652
2024-11-25,4107.35009765625,4125.10009765625,4215.39990234375,4112.5,4124.7001953125,434804
2024-11-26,4086.141357421875,4103.7998046875,4159.9501953125,4095.199951171875,4151.9501953125,57126
2024-11-27,4082.059326171875,4099.7001953125,4144.4501953125,4067.050048828125,4103.7998046875,130156
2024-11-28,4025.155029296875,4042.550048828125,4150.0498046875,4033.0,4150.0,207012
2024-11-29,4048.00634765625,4065.5,4083.89990234375,4042.550048828125,4046.050048828125,122795
2024-12-02,4077.578369140625,4095.199951171875,4105.0,4032.0,4090.0,195686
2024-12-03,4120.2939453125,4138.10009765625,4163.0,4097.0,4115.0,171818
2024-12-04,4159.474609375,4177.4501953125,4267.4501953125,4093.550048828125,4144.7001953125,376181
2024-12-05,4118.103515625,4135.89990234375,4178.0,4116.0,4178.0,114597
2024-12-06,4121.43896484375,4139.25,4145.14990234375,4096.2998046875,4145.14990234375,142896
2024-12-09,4043.127685546875,4060.60009765625,4131.0498046875,4052.0,4119.0,140384
2024-12-10,4096.59619140625,4114.2998046875,4137.7001953125,4032.199951171875,4035.0,216738
2024-12-11,4084.647705078125,4102.2998046875,4141.0498046875,4093.699951171875,4125.0,251423
2024-12-12,4034.265625,4051.699951171875,4128.9501953125,4003.050048828125,4118.2001953125,382520
2024-12-13,3979.801025390625,3997.0,4078.0,3953.60009765625,4061.25,478835
2024-12-16,3938.927734375,3955.949951171875,4015.949951171875,3944.35009765625,3961.050048828125,524843
2024-12-17,3874.9541015625,3891.699951171875,3969.89990234375,3880.0,3969.0,390716
2024-12-18,3867.5859375,3884.300048828125,3941.89990234375,3860.10009765625,3916.949951171875,362093
2024-12-19,3856.93212890625,3873.60009765625,3895.64990234375,3825.050048828125,3881.300048828125,325168
2024-12-20,3797.339599609375,3813.75,3904.35009765625,3801.0,3880.0,395750
2024-12-23,3784.046875,3800.39990234375,3850.550048828125,3789.0,3813.75,168172
2024-12-24,3772.84521484375,3789.14990234375,3806.35009765625,3751.85009765625,3800.39990234375,257439
2024-12-26,3729.881103515625,3746.0,3799.85009765625,3728.0,3792.35009765625,588710
2024-12-27,3728.138671875,3744.25,3753.300048828125,3711.14990234375,3746.0,388326
2024-12-30,3720.073486328125,3736.14990234375,3767.800048828125,3675.60009765625,3744.89990234375,523817
2024-12-31,3669.79052734375,3685.64990234375,3732.85009765625,3676.35009765625,3722.10009765625,428992
2025-01-01,3675.36669921875,3691.25,3700.199951171875,3647.300048828125,3690.0,92935
2025-01-02,3703.345947265625,3719.35009765625,3730.0,3661.25,3700.0,181694
2025-01-03,3652.614990234375,3668.39990234375,3734.050048828125,3626.050048828125,3729.949951171875,451532
2025-01-06,3584.70849609375,3600.199951171875,3687.300048828125,3581.199951171875,3670.0,381910
2025-01-07,3577.39013671875,3592.85009765625,3635.0,3585.949951171875,3623.89990234375,417142
2025-01-08,3614.828369140625,3630.449951171875,3652.85009765625,3574.300048828125,3616.199951171875,569680
2025-01-09,3644.10205078125,3659.85009765625,3731.25,3630.449951171875,3635.0,388008
2025-01-10,3598.94677734375,3614.5,3700.0,3601.0,3680.0,315893
2025-01-13,3385.668701171875,3400.300048828125,3610.0,3395.0,3602.0,376760
2025-01-14,3448.298095703125,3463.199951171875,3507.949951171875,3412.800048828125,3412.800048828125,223455
2025-01-15,3444.464599609375,3459.35009765625,3486.300048828125,3440.0,3485.75,191829
2025-01-16,3465.4736328125,3480.449951171875,3505.550048828125,3444.10009765625,3482.0,202745
2025-01-17,3535.62060546875,3550.89990234375,3565.64990234375,3479.050048828125,3482.300048828125,187757
2025-01-20,3581.97021484375,3597.449951171875,3623.949951171875,3536.0,3623.949951171875,163715
2025-01-21,3504.704345703125,3519.85009765625,3620.0,3504.0,3616.949951171875,187358
2025-01-22,3485.586669921875,3500.64990234375,3561.89990234375,3465.5,3523.64990234375,194028
2025-01-23,3511.474853515625,3526.64990234375,3570.949951171875,3482.64990234375,3522.550048828125,103745
2025-01-24,3486.53271484375,3501.60009765625,3544.550048828125,3481.25,3510.0,250360
2025-01-27,3358.78466796875,3373.300048828125,3515.0,3357.0,3501.60009765625,304672
2025-01-28,3333.494140625,3347.89990234375,3415.75,3333.300048828125,3373.300048828125,199980
2025-01-29,3410.46142578125,3425.199951171875,3438.300048828125,3327.5,3350.0,126453
2025-01-30,3441.7265625,3456.60009765625,3479.949951171875,3425.199951171875,3435.0,256135
2025-01-31,3468.759521484375,3483.75,3502.64990234375,3387.050048828125,3469.0,342427
2025-02-01,3466.718505859375,3481.699951171875,3541.5,3431.5,3500.0,108705
2025-02-03,3603.875732421875,3619.449951171875,3692.5,3476.10009765625,3476.10009765625,1156135
2025-02-04,3559.069091796875,3574.449951171875,3609.050048828125,3528.0,3609.050048828125,218062
2025-02-05,3581.3232421875,3596.800048828125,3638.550048828125,3537.39990234375,3600.0,358394
2025-02-06,3625.781005859375,3641.449951171875,3664.89990234375,3569.5,3600.0,415667
2025-02-07,3528.60107421875,3543.85009765625,3582.35009765625,3451.0,3528.35009765625,1266192
2025-02-10,3509.035400390625,3524.199951171875,3599.949951171875,3475.0,3538.5,191736
2025-02-11,3404.8857421875,3419.60009765625,3500.0,3375.75,3500.0,407211
2025-02-12,3342.206298828125,3356.64990234375,3440.60009765625,3315.300048828125,3430.0,341176
2025-02-13,3212.765625,3226.64990234375,3378.699951171875,3220.0,3378.699951171875,522317
2025-02-14,3155.057373046875,3162.800048828125,3249.800048828125,3140.0,3227.89990234375,218261
2025-02-17,3110.965576171875,3118.60009765625,3189.949951171875,3101.25,3135.0,418973
2025-02-18,3157.8505859375,3165.60009765625,3179.050048828125,3097.60009765625,3115.5,138881
2025-02-19,3195.65771484375,3203.5,3211.949951171875,3110.0,3159.0,179722
2025-02-20,3181.2431640625,3189.050048828125,3229.949951171875,3152.699951171875,3192.199951171875,464132
2025-02-21,3137.699951171875,3145.39990234375,3237.050048828125,3118.85009765625,3189.050048828125,349942
2025-02-24,3082.884521484375,3090.449951171875,3138.39990234375,3081.35009765625,3134.199951171875,142386
2025-02-25,3077.248291015625,3084.800048828125,3118.699951171875,3065.0,3092.050048828125,220228
2025-02-27,3005.075439453125,3012.449951171875,3097.949951171875,3000.0,3084.800048828125,378209
2025-02-28,3006.57177734375,3013.949951171875,3032.0,2962.550048828125,3012.449951171875,627755
2025-03-03,2979.78759765625,2987.10009765625,3029.300048828125,2951.10009765625,3017.199951171875,260732
2025-03-04,3033.25634765625,3040.699951171875,3051.25,2964.949951171875,2980.0,156264
2025-03-05,3137.650146484375,3145.35009765625,3156.449951171875,3025.10009765625,3035.0,310633
2025-03-06,3247.63037109375,3255.60009765625,3265.25,3148.050048828125,3150.0,348644
2025-03-07,3211.2197265625,3219.10009765625,3312.050048828125,3044.699951171875,3195.0,1416296
2025-03-10,3245.684814453125,3253.64990234375,3292.050048828125,3205.050048828125,3225.0,381671
2025-03-11,3345.689453125,3353.89990234375,3365.0,3200.0,3250.0,339583
2025-03-12,3325.489013671875,3333.64990234375,3433.89990234375,3281.14990234375,3372.800048828125,166349
2025-03-13,3289.228271484375,3297.300048828125,3360.39990234375,3280.10009765625,3354.14990234375,210443
2025-03-17,3364.9921875,3373.25,3381.0,3270.75,3271.0,141132
2025-03-18,3364.9921875,3373.25,3373.25,3373.25,3373.25,0
2025-03-19,3396.614501953125,3404.949951171875,3440.449951171875,3380.0,3440.449951171875,227139
2025-03-20,3414.171630859375,3422.550048828125,3443.800048828125,3389.25,3400.10009765625,178326
2025-03-21,3448.23779296875,3456.699951171875,3484.0,3411.550048828125,3444.800048828125,284840
2025-03-24,3483.9501953125,3492.5,3519.89990234375,3454.949951171875,3456.699951171875,107888
2025-03-25,3433.175048828125,3441.60009765625,3520.0,3413.800048828125,3515.64990234375,169163
2025-03-26,3419.658203125,3428.050048828125,3464.10009765625,3420.050048828125,3463.949951171875,109293
2025-03-27,3474.124267578125,3482.64990234375,3514.0,3390.0,3399.89990234375,427342
2025-03-28,3419.8076171875,3428.199951171875,3523.949951171875,3408.199951171875,3507.35009765625,338808
2025-04-01,3441.953125,3450.39990234375,3508.0,3412.0,3420.0,289559
2025-04-02,3493.028076171875,3501.60009765625,3510.0,3403.64990234375,3445.050048828125,180181
2025-04-03,3444.896240234375,3453.35009765625,3477.89990234375,3415.0,3470.0,535423
2025-04-04,3307.333740234375,3315.449951171875,3440.0,3292.0,3440.0,430413
2025-04-07,3234.113525390625,3242.050048828125,3270.0,3051.0,3060.0,330450
2025-04-08,3269.07763671875,3277.10009765625,3313.0,3230.14990234375,3259.64990234375,246889
2025-04-09,3286.734375,3294.800048828125,3300.0,3215.050048828125,3250.10009765625,127031
2025-04-11,3598.618896484375,3607.449951171875,3699.0,3420.0,3420.0,1520004
2025-04-15,3580.613037109375,3589.39990234375,3664.39990234375,3565.0,3664.0,542128
2025-04-16,3632.685302734375,3641.60009765625,3672.10009765625,3574.10009765625,3574.199951171875,369433
2025-04-17,3636.376220703125,3645.300048828125,3655.0,3612.10009765625,3641.60009765625,78387
2025-04-21,3674.881591796875,3683.89990234375,3710.0,3621.10009765625,3645.300048828125,208161
2025-04-22,3690.443603515625,3699.5,3742.5,3675.300048828125,3694.5,215267
2025-04-23,3647.748291015625,3656.699951171875,3729.0,3630.0,3717.0,169104
2025-04-24,3649.444091796875,3658.39990234375,3678.300048828125,3609.10009765625,3656.60009765625,238189
2025-04-25,3575.12646484375,3583.89990234375,3692.39990234375,3520.0,3670.0,110845
2025-04-28,3640.2666015625,3649.199951171875,3659.0,3540.300048828125,3565.0,78944
2025-04-29,3638.770263671875,3647.699951171875,3694.10009765625,3621.60009765625,3645.699951171875,138901
2025-04-30,3631.28857421875,3640.199951171875,3672.5,3614.300048828125,3663.0,203428
2025-05-02,3680.468017578125,3689.5,3707.39990234375,3624.199951171875,3640.199951171875,191817
2025-05-05,3670.9912109375,3680.0,3738.800048828125,3672.60009765625,3711.89990234375,180654
2025-05-06,3621.4130859375,3630.300048828125,3711.199951171875,3615.0,3663.10009765625,94993
2025-05-07,3649.14501953125,3658.10009765625,3687.89990234375,3551.199951171875,3551.199951171875,141319
2025-05-08,3602.55908203125,3611.39990234375,3668.800048828125,3587.39990234375,3651.300048828125,325795
2025-05-09,3630.789794921875,3639.699951171875,3657.89990234375,3550.0,3550.0,108129
2025-05-12,3699.32177734375,3708.39990234375,3739.0,3654.199951171875,3685.199951171875,206683
2025-05-13,3629.692626953125,3638.60009765625,3731.5,3630.0,3731.5,253553
2025-05-14,3642.062255859375,3651.0,3660.0,3607.199951171875,3635.0,115213
2025-05-15,3682.263671875,3691.300048828125,3733.60009765625,3622.0,3652.0,181586
2025-05-16,3760.4716796875,3769.699951171875,3789.0,3652.89990234375,3712.0,602501
2025-05-19,3749.7978515625,3759.0,3795.0,3719.199951171875,3795.0,350829
2025-05-20,3721.068359375,3730.199951171875,3834.89990234375,3701.0,3701.0,890551
2025-05-21,3700.81787109375,3709.89990234375,3719.800048828125,3534.10009765625,3698.10009765625,480623
2025-05-22,3635.478271484375,3644.39990234375,3701.10009765625,3608.0,3700.0,226597
2025-05-23,3671.789306640625,3680.800048828125,3694.0,3630.10009765625,3630.39990234375,114905
2025-05-26,3674.58251953125,3683.60009765625,3705.5,3660.0,3703.5,109213
2025-05-27,3742.81494140625,3752.0,3796.10009765625,3664.199951171875,3690.0,360398
2025-05-28,3846.061767578125,3855.5,3865.0,3738.300048828125,3790.0,459662
2025-05-29,3866.0126953125,3875.5,3895.699951171875,3840.10009765625,3885.0,442076
2025-05-30,3814.33935546875,3823.699951171875,3920.0,3804.800048828125,3877.89990234375,582201
2025-06-02,3818.529052734375,3827.89990234375,3837.199951171875,3756.0,3823.699951171875,140233
2025-06-03,3802.76806640625,3812.10009765625,3894.300048828125,3802.300048828125,3829.89990234375,204115
2025-06-04,3960.58056640625,3970.300048828125,4015.0,3785.5,3812.10009765625,1213676
2025-06-05,3894.841796875,3904.39990234375,3965.0,3895.10009765625,3955.0,222681
2025-06-06,3888.357666015625,3897.89990234375,3939.0,3853.10009765625,3904.39990234375,206437
2025-06-09,3926.1650390625,3935.800048828125,3949.5,3894.800048828125,3922.0,105853
2025-06-10,3914.693359375,3924.300048828125,3959.89990234375,3915.89990234375,3936.10009765625,110771
2025-06-11,3965.26904296875,3975.0,3985.0,3919.800048828125,3920.0,261045
2025-06-12,3938.634521484375,3948.300048828125,3994.800048828125,3930.0,3989.0,141194
2025-06-13,3962.875,3972.60009765625,3981.800048828125,3850.0,3850.0,268722
2025-06-16,4136.34912109375,4146.5,4172.89990234375,4025.0,4055.89990234375,1216279
2025-06-17,4162.0859375,4172.2998046875,4198.0,4101.0,4101.0,399557
2025-06-18,4128.568359375,4138.7001953125,4170.0,4126.0,4145.10009765625,234637
2025-06-19,4098.34228515625,4108.39990234375,4162.0,4095.0,4138.7001953125,142988
2025-06-20,4111.41064453125,4121.5,4140.0,4062.0,4080.0,390758
2025-06-23,4142.03564453125,4152.2001953125,4164.7998046875,4066.60009765625,4067.0,209809
2025-06-24,4164.97900390625,4175.2001953125,4189.0,4145.0,4180.0,241403
2025-06-25,4157.796875,4168.0,4249.7998046875,4149.89990234375,4170.2001953125,266925
2025-06-26,4128.26904296875,4138.39990234375,4170.0,4108.0,4170.0,248892
2025-06-27,4147.12255859375,4157.2998046875,4167.0,4112.10009765625,4120.0,135043
2025-06-30,4094.65185546875,4104.7001953125,4193.7998046875,4058.699951171875,4170.0,305594
2025-07-01,4144.1298828125,4154.2998046875,4174.39990234375,4085.60009765625,4110.0,116357
2025-07-02,4157.59716796875,4167.7998046875,4173.89990234375,4103.0,4135.10009765625,112267
2025-07-03,4228.22412109375,4238.60009765625,4260.0,4161.0,4189.0,185912
2025-07-04,4209.66943359375,4220.0,4274.10009765625,4191.7001953125,4249.89990234375,127365
2025-07-07,4151.9111328125,4162.10009765625,4220.0,4136.89990234375,4220.0,93141
2025-07-08,4138.34423828125,4148.5,4179.89990234375,4125.0,4154.0,204381
2025-07-09,4158.19580078125,4168.39990234375,4193.0,4126.0,4130.0,92807
2025-07-10,4032.005126953125,4041.89990234375,4178.7998046875,4030.0,4145.10009765625,278360
2025-07-11,4034.898193359375,4044.800048828125,4068.0,4026.5,4042.89990234375,204123
2025-07-14,4040.185302734375,4050.10009765625,4061.699951171875,3975.39990234375,4011.89990234375,184800
2025-07-15,4161.78662109375,4172.0,4179.0,4059.89990234375,4059.89990234375,126010
2025-07-16,4094.352294921875,4104.39990234375,4159.39990234375,4085.199951171875,4150.0,145054
2025-07-17,4125.67529296875,4135.7998046875,4145.2998046875,4073.89990234375,4116.5,124033
2025-07-18,4110.81201171875,4120.89990234375,4152.0,4086.199951171875,4125.0,78543
2025-07-21,4162.88427734375,4173.10009765625,4184.0,4095.10009765625,4110.0,63568
2025-07-22,4070.011962890625,4080.0,4197.5,4057.0,4197.5,156149
2025-07-23,4064.42578125,4074.39990234375,4089.10009765625,4018.0,4080.0,55530
2025-07-24,4103.8291015625,4113.89990234375,4123.7998046875,4063.0,4070.0,72784
2025-07-25,4082.08251953125,4092.10009765625,4114.7998046875,4030.60009765625,4089.199951171875,73472
2025-07-28,4102.93115234375,4113.0,4165.0,4054.60009765625,4086.39990234375,124615
2025-07-29,4239.09716796875,4249.5,4258.0,4039.699951171875,4086.39990234375,221479
2025-07-30,4313.6142578125,4324.2001953125,4330.0,4249.5,4257.0,249591
2025-07-31,4240.49365234375,4250.89990234375,4315.0,4175.0,4240.0,265735
2025-08-01,4179.9423828125,4190.2001953125,4275.0,4152.10009765625,4275.0,94332
2025-08-04,4127.8701171875,4138.0,4190.10009765625,4067.699951171875,4190.0,159262
2025-08-05,4099.240234375,4109.2998046875,4149.0,4091.300048828125,4145.0,91475
2025-08-06,4074.89990234375,4084.89990234375,4128.10009765625,4066.0,4120.0,67607
2025-08-07,4023.800048828125,4023.800048828125,4100.2998046875,3957.10009765625,4065.0,179302
2025-08-08,3919.10009765625,3919.10009765625,4027.800048828125,3904.300048828125,4015.0,101833
2025-08-11,3853.699951171875,3853.699951171875,3904.0,3781.199951171875,3875.0,367193
2025-08-12,3837.89990234375,3837.89990234375,3883.5,3811.10009765625,3857.60009765625,283903
2025-08-13,3772.699951171875,3772.699951171875,3879.0,3754.0,3802.0,1197821
2025-08-14,3690.199951171875,3690.199951171875,3844.89990234375,3664.10009765625,3772.699951171875,660958
2025-08-18,3750.39990234375,3750.39990234375,3779.0,3681.0,3700.0,161048
2025-08-19,3765.0,3765.0,3792.89990234375,3738.0,3770.800048828125,143908
2025-08-20,3796.800048828125,3796.800048828125,3821.89990234375,3742.5,3770.0,65999
2025-08-21,3869.800048828125,3869.800048828125,3882.800048828125,3774.89990234375,3796.800048828125,162383
2025-08-22,3865.10009765625,3865.10009765625,3882.699951171875,3838.39990234375,3869.699951171875,60860
2025-08-25,3896.199951171875,3896.199951171875,3917.800048828125,3844.0,3866.0,130508
2025-08-26,3787.199951171875,3787.199951171875,3898.0,3774.699951171875,3898.0,312272
2025-08-28,3708.800048828125,3708.800048828125,3806.10009765625,3700.0,3788.89990234375,161470
2025-08-29,3694.800048828125,3694.800048828125,3732.0,3685.300048828125,3701.10009765625,113988
2025-09-01,3767.699951171875,3767.699951171875,3775.0,3696.0,3713.199951171875,86430
2025-09-02,3753.199951171875,3753.199951171875,3791.0,3736.60009765625,3791.0,70356
2025-09-03,3757.699951171875,3757.699951171875,3782.5,3715.0,3753.199951171875,241421
2025-09-04,3741.199951171875,3741.199951171875,3797.60009765625,3723.300048828125,3783.0,253977
2025-09-05,3664.0,3664.0,3760.0,3652.199951171875,3747.5,184860
2025-09-08,3697.699951171875,3697.699951171875,3729.39990234375,3654.0,3668.39990234375,113535
2025-09-09,3695.5,3695.5,3715.199951171875,3649.0,3695.10009765625,105943
2025-09-10,3707.199951171875,3707.199951171875,3755.0,3684.699951171875,3705.300048828125,227001
2025-09-11,3741.10009765625,3741.10009765625,3765.199951171875,3704.39990234375,3705.89990234375,187933
2025-09-12,3701.0,3701.0,3776.89990234375,3697.89990234375,3764.39990234375,80690
2025-09-15,3723.10009765625,3723.10009765625,3731.199951171875,3699.199951171875,3708.5,55316
2025-09-16,3711.800048828125,3711.800048828125,3738.800048828125,3699.10009765625,3723.10009765625,125306
2025-09-17,3753.0,3753.0,3810.0,3714.5,3721.199951171875,204080
2025-09-18,3705.699951171875,3705.699951171875,3776.0,3652.0,3776.0,272282
2025-09-19,3731.199951171875,3731.199951171875,3769.199951171875,3708.0,3728.199951171875,569442
2025-09-22,3668.89990234375,3668.89990234375,3745.0,3661.199951171875,3745.0,133893
2025-09-23,3625.800048828125,3625.800048828125,3681.0,3592.800048828125,3668.89990234375,184263
2025-09-24,3629.0,3629.0,3644.800048828125,3593.0,3632.0,142580
2025-09-25,3573.199951171875,3573.199951171875,3646.199951171875,3563.300048828125,3638.0,78675
2025-09-26,3487.60009765625,3487.60009765625,3593.89990234375,3478.10009765625,3573.199951171875,185817
2025-09-29,3492.300048828125,3492.300048828125,3593.0,3471.0,3509.0,127227
2025-09-30,3513.5,3513.5,3543.699951171875,3479.89990234375,3505.89990234375,244113
2025-10-01,3584.10009765625,3584.10009765625,3594.39990234375,3484.0,3520.0,91418
2025-10-03,3617.0,3617.0,3628.60009765625,3562.199951171875,3570.0,149389
2025-10-06,3630.39990234375,3630.39990234375,3689.39990234375,3536.89990234375,3570.0,212445
2025-10-07,3582.800048828125,3582.800048828125,3643.39990234375,3563.89990234375,3622.199951171875,502253
2025-10-08,3497.60009765625,3497.60009765625,3605.0,3483.0,3605.0,293884
2025-10-09,3531.699951171875,3531.699951171875,3549.0,3505.10009765625,3510.0,211896
2025-10-10,3564.60009765625,3564.60009765625,3606.5,3524.0,3528.0,335525
2025-10-13,3544.699951171875,3544.699951171875,3597.300048828125,3503.199951171875,3524.699951171875,584774
2025-10-14,3555.0,3555.0,3575.0,3518.300048828125,3566.39990234375,195195
2025-10-15,3555.300048828125,3555.300048828125,3572.60009765625,3542.699951171875,3572.60009765625,93641
2025-10-16,3550.300048828125,3550.300048828125,3577.0,3529.300048828125,3550.0,84701
2025-10-17,3573.10009765625,3573.10009765625,3594.0,3513.10009765625,3542.5,173104
2025-10-20,3534.10009765625,3534.10009765625,3589.699951171875,3512.10009765625,3540.0,150890
2025-10-21,3527.10009765625,3527.10009765625,3544.89990234375,3520.0,3535.0,10057
2025-10-23,3541.199951171875,3541.199951171875,3591.199951171875,3527.699951171875,3536.10009765625,174294
2025-10-24,3583.199951171875,3583.199951171875,3589.0,3520.0,3551.0,246229
2025-10-27,3610.0,3610.0,3652.800048828125,3562.39990234375,3607.5,204327
2025-10-28,3587.199951171875,3587.199951171875,3629.699951171875,3557.10009765625,3628.10009765625,106072
2025-10-29,3604.89990234375,3604.89990234375,3622.10009765625,3586.199951171875,3590.10009765625,243244
2025-10-30,3595.800048828125,3595.800048828125,3627.0,3571.10009765625,3604.89990234375,72591
2025-10-31,3577.39990234375,3577.39990234375,3614.89990234375,3554.10009765625,3593.699951171875,125096
2025-11-03,3685.300048828125,3685.300048828125,3699.0,3566.699951171875,3566.699951171875,218765
2025-11-04,3683.300048828125,3683.300048828125,3714.89990234375,3616.800048828125,3705.0,157073
2025-11-05,3683.300048828125,3683.300048828125,3683.300048828125,3683.300048828125,3683.300048828125,0
2025-11-06,3750.10009765625,3750.10009765625,3775.0,3679.39990234375,3685.800048828125,338796
2025-11-07,3758.300048828125,3758.300048828125,3792.89990234375,3722.0,3759.800048828125,146865
2025-11-10,3820.5,3820.5,3832.89990234375,3745.699951171875,3768.10009765625,136496
2025-11-11,3786.800048828125,3786.800048828125,3819.89990234375,3750.0,3819.89990234375,149809
2025-11-12,3588.89990234375,3588.89990234375,3750.0,3568.0,3750.0,1207676
2025-11-13,3572.5,3572.5,3590.0,3511.0,3588.89990234375,541697
2025-11-14,3560.5,3560.5,3571.0,3512.0,3571.0,167191
2025-11-17,3542.60009765625,3542.60009765625,3582.0,3528.0,3576.300048828125,84301
2025-11-18,3458.300048828125,3458.300048828125,3554.89990234375,3452.699951171875,3536.0,219418
2025-11-19,3439.89990234375,3439.89990234375,3463.60009765625,3415.199951171875,3458.300048828125,200324
2025-11-20,3441.10009765625,3441.10009765625,3483.800048828125,3430.0,3460.0,288764
2025-11-21,3427.39990234375,3427.39990234375,3459.89990234375,3415.800048828125,3441.10009765625,353690
2025-11-24,3425.10009765625,3425.10009765625,3442.0,3385.199951171875,3434.5,545491
2025-11-25,3448.5,3448.5,3480.0,3406.300048828125,3425.0,198913
2025-11-26,3438.10009765625,3438.10009765625,3451.89990234375,3412.89990234375,3450.5,144038
2025-11-27,3432.199951171875,3432.199951171875,3459.5,3421.10009765625,3436.300048828125,111897
2025-11-28,3395.60009765625,3395.60009765625,3453.39990234375,3391.10009765625,3450.0,92982
2025-12-01,3388.89990234375,3388.89990234375,3410.5,3357.0,3409.5,112178
2025-12-02,3374.0,3374.0,3388.10009765625,3342.60009765625,3388.10009765625,319415
2025-12-03,3374.60009765625,3374.60009765625,3403.10009765625,3365.800048828125,3380.0,92926
2025-12-04,3409.699951171875,3409.699951171875,3416.89990234375,3370.0,3370.0,120547
2025-12-05,3396.10009765625,3396.10009765625,3432.10009765625,3378.699951171875,3415.0,91272
2025-12-08,3329.699951171875,3329.699951171875,3396.0,3301.0,3386.89990234375,86752
2025-12-09,3343.0,3343.0,3354.800048828125,3260.199951171875,3300.10009765625,223733
2025-12-10,3347.39990234375,3347.39990234375,3412.0,3326.39990234375,3326.39990234375,104539
2025-12-11,3376.0,3376.0,3390.0,3331.0,3358.0,60739
2025-12-12,3311.10009765625,3311.10009765625,3414.800048828125,3266.0,3350.0,679482
2025-12-15,3245.39990234375,3245.39990234375,3308.0,3236.800048828125,3308.0,216300
2025-12-16,3259.300048828125,3259.300048828125,3274.5,3222.0,3240.0,184939
2025-12-17,3206.199951171875,3206.199951171875,3252.39990234375,3183.60009765625,3247.89990234375,212931
2025-12-18,3213.800048828125,3213.800048828125,3222.300048828125,3174.0,3200.0,181121
2025-12-19,3249.60009765625,3249.60009765625,3258.89990234375,3204.300048828125,3212.0,239968
2025-12-22,3266.89990234375,3266.89990234375,3274.699951171875,3234.0,3269.5,65566
2025-12-23,3238.39990234375,3238.39990234375,3277.0,3223.39990234375,3266.89990234375,148650
2025-12-24,3218.199951171875,3218.199951171875,3257.199951171875,3210.10009765625,3239.699951171875,74555
2025-12-25,3218.199951171875,3218.199951171875,3218.199951171875,3218.199951171875,3218.199951171875,0
2025-12-26,3235.10009765625,3235.10009765625,3267.5,3203.60009765625,3215.0,153416
2025-12-29,3240.699951171875,3240.699951171875,3253.0,3218.199951171875,3235.10009765625,87261
2025-12-30,3183.89990234375,3183.89990234375,3240.699951171875,3175.699951171875,3240.699951171875,173275
2025-12-31,3238.199951171875,3238.199951171875,3258.0,3184.0,3184.0,119246
2026-01-01,3219.10009765625,3219.10009765625,3255.0,3200.0,3255.0,42718
2026-01-02,3256.60009765625,3256.60009765625,3263.10009765625,3188.0,3219.10009765625,110402
2026-01-05,3263.60009765625,3263.60009765625,3274.699951171875,3236.5,3259.89990234375,80761
2026-01-06,3275.5,3275.5,3285.0,3238.0,3274.0,168307
2026-01-07,3283.800048828125,3283.800048828125,3301.0,3252.39990234375,3275.5,147590
2026-01-08,3245.5,3245.5,3332.699951171875,3233.0,3295.89990234375,135476
2026-01-09,3201.39990234375,3201.39990234375,3260.5,3172.39990234375,3210.0,149731
2026-01-12,3256.39990234375,3256.39990234375,3269.0,3177.10009765625,3190.0,434046
2026-01-13,3267.0,3267.0,3274.300048828125,3225.0,3269.0,135336
2026-01-14,3287.60009765625,3287.60009765625,3293.10009765625,3242.60009765625,3255.0,132172
2026-01-16,3267.89990234375,3267.89990234375,3304.699951171875,3245.300048828125,3270.0,126854
