date_,adj close_redington.ns,close_redington.ns,high_redington.ns,low_redington.ns,open_redington.ns,volume_redington.ns
2024-01-16,170.12843322753906,178.9499969482422,180.9499969482422,176.39999389648438,180.9499969482422,657269
2024-01-17,167.75167846679688,176.4499969482422,178.9499969482422,175.0,176.6999969482422,920494
2024-01-18,168.22702026367188,176.9499969482422,178.1999969482422,173.8000030517578,175.8000030517578,741716
2024-01-19,169.55801391601562,178.35000610351562,180.1999969482422,177.1999969482422,177.75,628018
2024-01-23,166.32562255859375,174.9499969482422,182.75,173.64999389648438,181.0,1204879
2024-01-24,166.99110412597656,175.64999389648438,179.25,173.0,174.8000030517578,841383
2024-01-25,164.4717559814453,173.0,177.5500030517578,172.0,175.64999389648438,1564228
2024-01-29,167.98934936523438,176.6999969482422,177.6999969482422,173.10000610351562,173.5500030517578,2585648
2024-01-30,168.70237731933594,177.4499969482422,182.5,176.0,177.10000610351562,1491957
2024-01-31,170.98406982421875,179.85000610351562,181.89999389648438,177.0500030517578,177.4499969482422,1195757
2024-02-01,171.3168182373047,180.1999969482422,181.6999969482422,178.9499969482422,180.5,1038654
2024-02-02,179.2552032470703,188.5500030517578,190.0,180.0,180.8000030517578,5878189
2024-02-05,193.80096435546875,203.85000610351562,208.5,190.5500030517578,191.39999389648438,9540244
2024-02-06,197.84146118164062,208.10000610351562,212.35000610351562,200.60000610351562,205.0,6383228
2024-02-07,184.05625915527344,193.60000610351562,208.0,190.39999389648438,208.0,6064992
2024-02-08,182.58267211914062,192.0500030517578,197.9499969482422,191.14999389648438,195.5,1559871
2024-02-09,180.91893005371094,190.3000030517578,193.60000610351562,184.75,192.89999389648438,1873155
2024-02-12,173.6460418701172,182.64999389648438,195.9499969482422,180.10000610351562,192.4499969482422,1756278
2024-02-13,189.2375946044922,199.0500030517578,202.75,180.10000610351562,184.35000610351562,12851472
2024-02-14,189.61785888671875,199.4499969482422,203.8000030517578,193.5,196.85000610351562,3327190
2024-02-15,190.6636505126953,200.5500030517578,204.85000610351562,198.8000030517578,199.0500030517578,1977518
2024-02-16,187.62139892578125,197.35000610351562,204.9499969482422,195.5,202.0500030517578,1204632
2024-02-19,197.65130615234375,207.89999389648438,220.0,199.0,200.0,13182397
2024-02-20,200.59849548339844,211.0,216.39999389648438,205.25,207.9499969482422,3726939
2024-02-21,194.65660095214844,204.75,212.35000610351562,203.60000610351562,210.89999389648438,1807818
2024-02-22,195.036865234375,205.14999389648438,206.9499969482422,200.35000610351562,205.89999389648438,1065482
2024-02-23,199.45765686035156,209.8000030517578,211.89999389648438,205.14999389648438,206.0,1678744
2024-02-26,197.3185577392578,207.5500030517578,214.5,205.9499969482422,211.6999969482422,1873937
2024-02-27,201.69180297851562,212.14999389648438,213.3000030517578,206.4499969482422,208.85000610351562,1395701
2024-02-28,193.278076171875,203.3000030517578,215.8000030517578,201.64999389648438,213.9499969482422,1732009
2024-02-29,196.55801391601562,206.75,210.0,200.8000030517578,204.60000610351562,3218170
2024-03-01,200.64602661132812,211.0500030517578,214.5500030517578,207.8000030517578,208.8000030517578,1233928
2024-03-04,198.45941162109375,208.75,210.64999389648438,207.39999389648438,209.9499969482422,508606
2024-03-05,203.26046752929688,213.8000030517578,221.8000030517578,207.0,208.85000610351562,3912390
2024-03-06,194.7991943359375,204.89999389648438,212.8000030517578,202.25,212.35000610351562,1446321
2024-03-07,195.32208251953125,205.4499969482422,210.0,203.14999389648438,204.4499969482422,761531
2024-03-11,187.8115234375,197.5500030517578,207.25,195.0,205.9499969482422,1775098
2024-03-12,189.99815368652344,199.85000610351562,206.0,194.60000610351562,199.3000030517578,3110202
2024-03-13,182.44004821777344,191.89999389648438,201.10000610351562,188.8000030517578,200.4499969482422,1867676
2024-03-14,195.1794891357422,205.3000030517578,207.5,189.0500030517578,191.0,2244467
2024-03-15,201.21644592285156,211.64999389648438,215.9499969482422,202.5,204.89999389648438,5550846
2024-03-18,197.7463836669922,208.0,213.0500030517578,207.0,211.64999389648438,2666481
2024-03-19,192.0421600341797,202.0,209.85000610351562,201.25,209.39999389648438,1116197
2024-03-20,191.32913208007812,201.25,204.0,199.5,204.0,899143
2024-03-21,192.08970642089844,202.0500030517578,204.5,201.3000030517578,202.5,524335
2024-03-22,195.27455139160156,205.39999389648438,207.8000030517578,202.0500030517578,202.9499969482422,1384030
2024-03-26,197.1759490966797,207.39999389648438,218.5,205.10000610351562,205.10000610351562,5579289
2024-03-27,194.7041473388672,204.8000030517578,211.3000030517578,202.60000610351562,209.0,1847702
2024-03-28,198.1741943359375,208.4499969482422,211.35000610351562,205.0,205.0,1308298
2024-04-01,199.6002655029297,209.9499969482422,213.6999969482422,207.35000610351562,209.75,807350
2024-04-02,211.19883728027344,222.14999389648438,226.0,210.0,211.8000030517578,13921768
2024-04-03,211.10377502441406,222.0500030517578,226.9499969482422,221.10000610351562,225.5,3594934
2024-04-04,205.25692749023438,215.89999389648438,223.6999969482422,212.60000610351562,222.85000610351562,3461796
2024-04-05,211.81680297851562,222.8000030517578,225.8000030517578,216.14999389648438,217.1999969482422,4652476
2024-04-08,210.77102661132812,221.6999969482422,229.64999389648438,220.60000610351562,223.89999389648438,3451999
2024-04-09,211.05624389648438,222.0,227.35000610351562,221.0,222.89999389648438,1853565
2024-04-10,209.72525024414062,220.60000610351562,226.0,219.10000610351562,222.89999389648438,1378962
2024-04-12,209.20236206054688,220.0500030517578,225.60000610351562,218.64999389648438,220.1999969482422,1587044
2024-04-15,210.48580932617188,221.39999389648438,225.60000610351562,208.35000610351562,210.0,3059252
2024-04-16,210.96116638183594,221.89999389648438,227.89999389648438,218.5500030517578,219.14999389648438,2335512
2024-04-18,210.53335571289062,221.4499969482422,225.89999389648438,221.0,222.8000030517578,1507072
2024-04-19,208.15658569335938,218.9499969482422,222.60000610351562,215.5,218.60000610351562,1693510
2024-04-22,207.2058868408203,217.9499969482422,223.6999969482422,217.5,221.0,1155512
2024-04-23,207.34849548339844,218.10000610351562,224.8000030517578,217.5,219.6999969482422,1434473
2024-04-24,209.63018798828125,220.5,224.6999969482422,218.10000610351562,219.64999389648438,1812542
2024-04-25,212.57736206054688,223.60000610351562,237.5500030517578,220.85000610351562,220.85000610351562,8055202
2024-04-26,211.6266632080078,222.60000610351562,226.0,222.0500030517578,225.0,1038433
2024-04-29,207.25341796875,218.0,224.64999389648438,217.5,224.35000610351562,1095306
2024-04-30,207.82383728027344,218.60000610351562,220.8000030517578,214.5500030517578,219.60000610351562,2273500
2024-05-02,207.7763214111328,218.5500030517578,221.89999389648438,217.1999969482422,220.0,1780188
2024-05-03,207.58616638183594,218.35000610351562,220.1999969482422,215.10000610351562,219.6999969482422,1847758
2024-05-06,199.55271911621094,209.89999389648438,218.8000030517578,209.14999389648438,217.3000030517578,2431739
2024-05-07,198.50694274902344,208.8000030517578,214.6999969482422,206.35000610351562,212.0,2045061
2024-05-08,195.74989318847656,205.89999389648438,209.4499969482422,204.1999969482422,207.0500030517578,1877215
2024-05-09,192.32737731933594,202.3000030517578,206.89999389648438,202.0,205.89999389648438,943596
2024-05-10,197.41363525390625,207.64999389648438,209.8000030517578,201.0500030517578,202.0,1033556
2024-05-13,200.83616638183594,211.25,212.0,202.64999389648438,206.9499969482422,1561727
2024-05-14,201.9770050048828,212.4499969482422,213.4499969482422,208.14999389648438,211.5,928960
2024-05-15,204.6865234375,215.3000030517578,218.64999389648438,212.4499969482422,212.4499969482422,1149701
2024-05-16,202.88018798828125,213.39999389648438,216.89999389648438,202.6999969482422,205.0,3207719
2024-05-17,200.78863525390625,211.1999969482422,213.25,206.60000610351562,212.0,3229623
2024-05-21,202.11962890625,212.60000610351562,213.89999389648438,206.14999389648438,211.0,1767936
2024-05-22,200.83616638183594,211.25,213.10000610351562,208.4499969482422,212.6999969482422,883317
2024-05-23,198.41188049316406,208.6999969482422,211.8000030517578,208.0,211.1999969482422,631089
2024-05-24,196.17771911621094,206.35000610351562,209.25,205.8000030517578,206.0,760447
2024-05-27,195.46469116210938,205.60000610351562,208.89999389648438,204.64999389648438,206.14999389648438,1013781
2024-05-28,193.80096435546875,203.85000610351562,207.4499969482422,202.75,206.4499969482422,1493610
2024-05-29,188.38194274902344,198.14999389648438,205.75,197.0,202.5,1803236
2024-05-30,187.52630615234375,197.25,199.64999389648438,196.3000030517578,198.0,1379655
2024-05-31,188.38194274902344,198.14999389648438,199.9499969482422,196.64999389648438,198.0500030517578,1445845
2024-06-03,193.94357299804688,204.0,205.5,199.0,201.25,1182833
2024-06-04,187.7639923095703,197.5,205.85000610351562,186.3000030517578,204.0,2416443
2024-06-05,198.69708251953125,209.0,210.0,191.25,195.0,1295538
2024-06-06,195.1319580078125,205.25,209.85000610351562,203.3000030517578,209.0,1332433
2024-06-07,198.50694274902344,208.8000030517578,211.35000610351562,204.25,205.64999389648438,1373282
2024-06-10,206.9586944580078,217.69000244140625,221.9199981689453,209.0,209.89999389648438,6385208
2024-06-11,204.9146728515625,215.5399932861328,218.9499969482422,214.5500030517578,217.0,2200798
2024-06-12,210.77102661132812,221.6999969482422,223.35000610351562,216.11000061035156,218.08999633789062,2488029
2024-06-13,211.11328125,222.05999755859375,224.5,219.10000610351562,224.0,1165197
2024-06-14,205.85589599609375,216.52999877929688,221.99000549316406,213.60000610351562,221.0,3355880
2024-06-18,205.96995544433594,216.64999389648438,218.25,214.3000030517578,217.97999572753906,1474280
2024-06-19,204.2777099609375,214.8699951171875,217.64999389648438,212.1999969482422,217.0,951050
2024-06-20,205.6847686767578,216.35000610351562,217.4499969482422,212.50999450683594,215.83999633789062,1059448
2024-06-21,205.8463897705078,216.52000427246094,218.05999755859375,214.5,217.63999938964844,1430189
2024-06-24,206.0840606689453,216.77000427246094,217.75,213.25,216.97999572753906,1348160
2024-06-25,206.28370666503906,216.97999572753906,219.0,216.5,219.0,1256027
2024-06-26,203.4220733642578,213.97000122070312,219.4499969482422,213.5,216.97999572753906,1210404
2024-06-27,201.1784210205078,211.61000061035156,216.89999389648438,210.02000427246094,214.0,954665
2024-06-28,203.65975952148438,214.22000122070312,215.60000610351562,211.63999938964844,211.63999938964844,950463
2024-07-01,211.76925659179688,222.75,225.0,215.0,215.0,3672329
2024-07-02,207.9474334716797,218.72999572753906,225.89999389648438,218.10000610351562,224.3000030517578,1435038
2024-07-03,209.14532470703125,219.99000549316406,222.83999633789062,219.10000610351562,219.9199981689453,1554058
2024-07-04,209.4780731201172,220.33999633789062,223.38999938964844,219.30999755859375,221.0,2675339
2024-07-05,210.74977111816406,215.44000244140625,218.0,214.5,215.0500030517578,1787086
2024-07-08,205.0369110107422,209.60000610351562,216.0,208.10000610351562,215.69000244140625,1662376
2024-07-09,203.1978302001953,207.72000122070312,212.08999633789062,206.10000610351562,210.64999389648438,1492816
2024-07-10,204.71409606933594,209.27000427246094,210.32000732421875,205.8000030517578,209.0,1267250
2024-07-11,204.723876953125,209.27999877929688,211.0,204.52000427246094,211.0,1630623
2024-07-12,203.56956481933594,208.10000610351562,213.1999969482422,205.72000122070312,209.2899932861328,1519732
2024-07-15,203.62826538085938,208.16000366210938,210.49000549316406,206.25,208.10000610351562,1181004
2024-07-16,203.41305541992188,207.94000244140625,211.36000061035156,207.4499969482422,208.50999450683594,1527116
2024-07-18,201.63265991210938,206.1199951171875,208.8000030517578,205.0,208.0,2094012
2024-07-19,194.697021484375,199.02999877929688,207.92999267578125,198.00999450683594,207.9199981689453,1492584
2024-07-22,197.8762664794922,202.27999877929688,203.33999633789062,195.4600067138672,199.2899932861328,835517
2024-07-23,197.95452880859375,202.36000061035156,206.47999572753906,195.6199951171875,204.0800018310547,1219071
2024-07-24,206.03469848632812,210.6199951171875,211.5,203.39999389648438,203.39999389648438,1302633
2024-07-25,205.66297912597656,210.24000549316406,210.6999969482422,207.11000061035156,207.8300018310547,1206797
2024-07-26,207.89334106445312,212.52000427246094,214.89999389648438,209.10000610351562,209.10000610351562,987606
2024-07-29,208.16725158691406,212.8000030517578,219.49000549316406,211.85000610351562,214.5,1306121
2024-07-30,209.98675537109375,214.66000366210938,217.47999572753906,213.89999389648438,214.0,941657
2024-07-31,207.7074737548828,212.3300018310547,216.86000061035156,211.4600067138672,216.86000061035156,1141145
2024-08-01,198.8936309814453,203.32000732421875,209.9600067138672,202.0500030517578,208.0500030517578,2142202
2024-08-02,198.12081909179688,202.52999877929688,206.19000244140625,202.0,203.0,878390
2024-08-05,186.11795043945312,190.25999450683594,200.0,190.0,200.0,1594996
2024-08-06,186.5777130126953,190.72999572753906,197.30999755859375,189.10000610351562,192.97999572753906,784660
2024-08-07,188.52439880371094,192.72000122070312,194.0,188.6300048828125,193.89999389648438,782965
2024-08-08,184.34735107421875,188.4499969482422,194.8000030517578,187.5500030517578,192.72000122070312,880018
2024-08-09,186.0103302001953,190.14999389648438,191.5,188.64999389648438,190.0,793013
2024-08-12,195.06875610351562,199.41000366210938,203.6999969482422,190.3000030517578,191.0,1554059
2024-08-13,191.11669921875,195.3699951171875,202.94000244140625,194.4499969482422,200.10000610351562,908023
2024-08-14,195.68502807617188,200.0399932861328,201.3000030517578,194.50999450683594,196.0,1381363
2024-08-16,198.3066864013672,202.72000122070312,203.89999389648438,200.39999389648438,200.5500030517578,800253
2024-08-19,199.275146484375,203.7100067138672,204.9499969482422,201.4499969482422,203.5,531771
2024-08-20,204.20541381835938,208.75,209.64999389648438,204.10000610351562,204.89999389648438,1244059
2024-08-21,201.95547485351562,206.4499969482422,208.6999969482422,205.0,208.6999969482422,1038936
2024-08-22,204.81190490722656,209.3699951171875,210.25,205.5,207.0,2135392
2024-08-23,204.4890899658203,209.0399932861328,212.0,208.14999389648438,211.0,1028705
2024-08-26,198.07191467285156,202.47999572753906,209.85000610351562,202.00999450683594,209.10000610351562,935745
2024-08-27,198.58059692382812,203.0,205.14999389648438,201.10000610351562,204.1999969482422,789077
2024-08-28,200.40988159179688,204.8699951171875,207.8000030517578,202.75999450683594,203.05999755859375,1268626
2024-08-29,197.35780334472656,201.75,204.97000122070312,199.91000366210938,204.97000122070312,675587
2024-08-30,197.4556427001953,201.85000610351562,204.99000549316406,201.10000610351562,202.0,642195
2024-09-02,194.60897827148438,198.94000244140625,203.64999389648438,198.44000244140625,202.8000030517578,863700
2024-09-03,196.77085876464844,201.14999389648438,202.25,197.1999969482422,199.60000610351562,1659840
2024-09-04,194.32528686523438,198.64999389648438,200.82000732421875,198.00999450683594,200.0,784868
2024-09-05,194.64810180664062,198.97999572753906,200.44000244140625,198.0,198.85000610351562,343233
2024-09-06,194.19813537597656,198.52000427246094,202.6999969482422,197.14999389648438,197.64999389648438,1424223
2024-09-09,189.8547821044922,194.0800018310547,202.0,191.0,198.52000427246094,1626561
2024-09-10,190.4221649169922,194.66000366210938,196.42999267578125,193.1199951171875,194.6999969482422,808611
2024-09-11,187.80050659179688,191.97999572753906,196.9199981689453,190.5,195.0,568454
2024-09-12,187.78094482421875,191.9600067138672,193.8300018310547,190.39999389648438,193.61000061035156,451915
2024-09-13,186.7929229736328,190.9499969482422,192.9499969482422,190.6999969482422,192.5500030517578,777020
2024-09-16,185.30601501464844,189.42999267578125,192.60000610351562,189.0,192.39999389648438,858647
2024-09-17,188.88633728027344,193.08999633789062,194.77999877929688,186.0,191.0,1631556
2024-09-18,186.61685180664062,190.77000427246094,194.88999938964844,189.60000610351562,192.8000030517578,992335
2024-09-19,187.12551879882812,191.2899932861328,193.6699981689453,188.33999633789062,191.0,1380032
2024-09-20,185.3157958984375,189.44000244140625,193.1999969482422,189.0,192.89999389648438,1196032
2024-09-23,186.0103302001953,190.14999389648438,191.08999633789062,187.3000030517578,189.9199981689453,1496262
2024-09-24,183.57455444335938,187.66000366210938,191.83999633789062,187.02000427246094,191.83999633789062,760656
2024-09-25,182.25393676757812,186.30999755859375,189.35000610351562,182.22999572753906,188.75,1330117
2024-09-26,181.74525451660156,185.7899932861328,187.89999389648438,183.7100067138672,185.0,935670
2024-09-27,182.86044311523438,186.92999267578125,190.0,182.39999389648438,186.25,2015326
2024-09-30,180.64964294433594,184.6699981689453,187.86000061035156,183.25,187.86000061035156,821419
2024-10-01,181.7257080078125,185.77000427246094,192.64999389648438,185.0500030517578,186.0500030517578,2997709
2024-10-03,178.39971923828125,182.3699951171875,186.27000427246094,181.10000610351562,184.99000549316406,837134
2024-10-04,180.74746704101562,184.77000427246094,185.60000610351562,179.9499969482422,183.7899932861328,2317834
2024-10-07,180.52247619628906,184.5399932861328,187.49000549316406,180.4499969482422,185.99000549316406,1395977
2024-10-08,180.78659057617188,184.80999755859375,186.10000610351562,183.80999755859375,185.0,560822
2024-10-09,180.78659057617188,184.80999755859375,187.69000244140625,184.05999755859375,185.75,917366
2024-10-10,178.1453857421875,182.11000061035156,186.8300018310547,181.7899932861328,184.80999755859375,608427
2024-10-11,180.28770446777344,184.3000030517578,185.44000244140625,182.4199981689453,183.0,431556
2024-10-14,178.66383361816406,182.63999938964844,185.3000030517578,182.00999450683594,184.6999969482422,482324
2024-10-15,176.92259216308594,180.86000061035156,183.08999633789062,180.24000549316406,182.63999938964844,771359
2024-10-16,175.12265014648438,179.02000427246094,182.38999938964844,177.75,180.80999755859375,1729264
2024-10-17,170.29019165039062,174.0800018310547,181.10000610351562,173.0,179.6199951171875,729810
2024-10-18,171.0923309326172,174.89999389648438,175.74000549316406,171.0,174.3000030517578,536050
2024-10-21,170.64236450195312,174.44000244140625,177.3000030517578,172.75,175.89999389648438,793168
2024-10-22,165.760986328125,169.4499969482422,175.27999877929688,167.5399932861328,174.60000610351562,947773
2024-10-23,164.17626953125,167.8300018310547,171.10000610351562,164.6300048828125,169.64999389648438,678379
2024-10-24,163.2762908935547,166.91000366210938,169.11000061035156,165.25999450683594,167.8300018310547,625084
2024-10-25,156.98626708984375,160.47999572753906,167.08999633789062,158.61000061035156,166.91000366210938,1221689
2024-10-28,164.90992736816406,168.5800018310547,169.3800048828125,160.1699981689453,161.72999572753906,1360096
2024-10-29,162.9925994873047,166.6199951171875,169.3000030517578,163.25,169.3000030517578,776957
2024-10-30,178.791015625,182.77000427246094,185.8000030517578,169.11000061035156,171.5,17871228
2024-10-31,190.2265167236328,194.4600067138672,196.0,182.77000427246094,182.77000427246094,16212913
2024-11-01,189.0624237060547,193.27000427246094,197.9499969482422,190.0,196.0,781770
2024-11-04,184.953857421875,189.07000732421875,200.0,186.30999755859375,190.0,4759554
2024-11-05,192.84817504882812,197.13999938964844,198.82000732421875,187.0800018310547,187.75,10456547
2024-11-06,193.46446228027344,197.77000427246094,199.5500030517578,194.50999450683594,199.0,3043670
2024-11-07,192.38839721679688,196.6699981689453,202.72999572753906,194.3699951171875,198.63999938964844,2305662
2024-11-08,186.7048797607422,190.86000061035156,197.22000122070312,189.75999450683594,197.10000610351562,1175713
2024-11-11,187.23312377929688,191.39999389648438,194.6999969482422,186.6999969482422,189.86000061035156,1008712
2024-11-12,185.7853546142578,189.9199981689453,193.8300018310547,188.8000030517578,192.14999389648438,1195825
2024-11-13,182.12677001953125,186.17999267578125,187.8000030517578,182.36000061035156,187.0500030517578,1351488
2024-11-14,189.1602325439453,193.3699951171875,198.0,186.14999389648438,186.17999267578125,6865328
2024-11-18,187.06683349609375,191.22999572753906,194.88999938964844,189.86000061035156,193.0,1142125
2024-11-19,189.65914916992188,193.8800048828125,196.99000549316406,190.52999877929688,192.85000610351562,1174413
2024-11-21,187.08639526367188,191.25,195.0,190.5399932861328,195.0,786816
2024-11-22,190.45150756835938,194.69000244140625,198.64999389648438,191.25,191.33999633789062,2767633
2024-11-25,187.06683349609375,191.22999572753906,198.22999572753906,190.0,197.0800018310547,1171730
2024-11-26,193.65032958984375,197.9600067138672,198.75,191.0,191.0,3154319
2024-11-27,193.61119079589844,197.9199981689453,200.0,195.17999267578125,200.0,1333735
2024-11-28,191.7623291015625,196.02999877929688,198.8800048828125,195.16000366210938,196.11000061035156,812396
2024-11-29,193.32749938964844,197.6300048828125,198.5,192.86000061035156,196.83999633789062,772381
2024-12-02,197.12303161621094,201.50999450683594,204.39999389648438,196.50999450683594,197.60000610351562,2827385
2024-12-03,200.65443420410156,205.1199951171875,206.25,199.52000427246094,202.5,2352448
2024-12-04,201.94570922851562,206.44000244140625,208.0,202.66000366210938,206.14999389648438,2853098
2024-12-05,201.94570922851562,206.44000244140625,207.6999969482422,203.0,206.44000244140625,1337758
2024-12-06,203.1978302001953,207.72000122070312,208.44000244140625,202.58999633789062,206.9499969482422,1509778
2024-12-09,202.9630584716797,207.47999572753906,209.0,204.57000732421875,208.22999572753906,1251670
2024-12-10,201.8870086669922,206.3800048828125,212.39999389648438,205.14999389648438,208.8000030517578,3617003
2024-12-11,209.302001953125,213.9600067138672,214.5,206.75999450683594,207.8000030517578,2937986
2024-12-12,205.13473510742188,209.6999969482422,215.89999389648438,209.25,215.60000610351562,1461313
2024-12-13,206.10317993164062,210.69000244140625,212.0,206.63999938964844,209.0,1425817
2024-12-16,209.76174926757812,214.42999267578125,214.89999389648438,210.7100067138672,211.4499969482422,989662
2024-12-17,204.8412628173828,209.39999389648438,215.1699981689453,208.52000427246094,215.0,866298
2024-12-18,203.20761108398438,207.72999572753906,210.39999389648438,206.41000366210938,210.0,526024
2024-12-19,203.20761108398438,207.72999572753906,209.75,203.0,204.0,1179468
2024-12-20,201.20223999023438,205.67999267578125,211.0,203.61000061035156,207.72999572753906,1271954
2024-12-23,201.43702697753906,205.9199981689453,208.6199951171875,204.10000610351562,205.85000610351562,1010380
2024-12-24,204.1858367919922,208.72999572753906,210.33999633789062,205.05999755859375,207.0,843533
2024-12-26,202.51307678222656,207.02000427246094,209.6300048828125,206.00999450683594,208.0,719348
2024-12-27,198.0327911376953,202.44000244140625,208.64999389648438,201.5500030517578,207.27999877929688,459964
2024-12-30,183.8386688232422,187.92999267578125,205.89999389648438,185.0,202.44000244140625,3817445
2024-12-31,195.71438598632812,200.07000732421875,212.5,186.4499969482422,187.89999389648438,26803418
2025-01-01,195.38177490234375,199.72999572753906,200.89999389648438,195.75,198.6999969482422,1513415
2025-01-02,197.0349884033203,201.4199981689453,208.0,198.50999450683594,199.72999572753906,4084504
2025-01-03,197.269775390625,201.66000366210938,204.5,200.2100067138672,201.0,1076255
2025-01-06,191.01889038085938,195.27000427246094,202.97000122070312,194.22999572753906,201.5,1625266
2025-01-07,200.91856384277344,205.38999938964844,207.0,195.5,196.0,2095906
2025-01-08,197.88604736328125,202.2899932861328,210.60000610351562,200.64999389648438,206.6699981689453,2078247
2025-01-09,198.8251495361328,203.25,205.72000122070312,202.0,202.50999450683594,837927
2025-01-10,199.65664672851562,204.10000610351562,207.0,200.7100067138672,203.39999389648438,2245115
2025-01-13,200.3120574951172,204.77000427246094,208.67999267578125,200.05999755859375,202.5,3787570
2025-01-14,197.38714599609375,201.77999877929688,211.19000244140625,198.5800018310547,207.89999389648438,2900497
2025-01-15,202.22938537597656,206.72999572753906,208.8000030517578,202.0,202.08999633789062,2772982
2025-01-16,211.6693115234375,216.3800048828125,218.0,206.6199951171875,207.4499969482422,4856747
2025-01-17,204.61627197265625,209.1699981689453,217.4499969482422,207.5,217.39999389648438,2516317
2025-01-20,217.19630432128906,222.02999877929688,224.99000549316406,209.6300048828125,210.0,15594383
2025-01-21,214.17356872558594,218.94000244140625,229.0,217.2100067138672,223.0,4697410
2025-01-22,213.7529296875,218.50999450683594,230.89999389648438,216.64999389648438,220.0,31223172
2025-01-23,223.2515411376953,228.22000122070312,229.6999969482422,214.66000366210938,218.0,8412507
2025-01-24,218.41908264160156,223.27999877929688,228.8000030517578,221.1999969482422,227.8000030517578,3270137
2025-01-27,219.37774658203125,224.25999450683594,229.39999389648438,218.32000732421875,223.27999877929688,6707852
2025-01-28,198.48275756835938,202.89999389648438,224.0,201.0,222.97999572753906,7077048
2025-01-29,201.76962280273438,206.25999450683594,209.39999389648438,199.1999969482422,202.39999389648438,2765858
2025-01-30,207.00314331054688,211.61000061035156,215.0,204.5800018310547,206.60000610351562,1591574
2025-01-31,201.74026489257812,206.22999572753906,212.0500030517578,205.10000610351562,210.8000030517578,1615470
2025-02-01,199.57838439941406,204.02000427246094,209.25,202.5,204.66000366210938,736712
2025-02-03,199.16754150390625,203.60000610351562,209.1999969482422,200.80999755859375,203.1999969482422,1399099
2025-02-04,198.0425567626953,202.4499969482422,208.5,201.66000366210938,205.3000030517578,865398
2025-02-05,209.6737060546875,214.33999633789062,216.8000030517578,203.41000366210938,204.5500030517578,2346092
2025-02-06,223.0363311767578,228.0,231.6999969482422,213.00999450683594,224.0,25182216
2025-02-07,226.75360107421875,231.8000030517578,232.8000030517578,224.5,225.0,10665612
2025-02-10,236.6924285888672,241.9600067138672,244.8000030517578,229.39999389648438,233.0,34316102
2025-02-11,226.4503631591797,231.49000549316406,242.3699951171875,228.42999267578125,242.0,9036327
2025-02-12,224.05368041992188,229.0399932861328,230.61000061035156,222.5,227.5,5462453
2025-02-13,239.2260284423828,244.5500030517578,248.0,226.60000610351562,228.10000610351562,28447016
2025-02-14,239.92056274414062,245.25999450683594,247.69000244140625,238.6999969482422,247.0,11046406
2025-02-17,237.62173461914062,242.91000366210938,255.75999450683594,233.66000366210938,241.8000030517578,14350711
2025-02-18,222.84068298339844,227.8000030517578,243.1999969482422,225.5500030517578,242.8800048828125,5487500
2025-02-19,242.65960693359375,248.05999755859375,251.22999572753906,225.55999755859375,226.7100067138672,13274935
2025-02-20,244.02914428710938,249.4600067138672,250.77999877929688,242.5500030517578,245.0,7096771
2025-02-21,246.0345001220703,251.50999450683594,263.8900146484375,248.0,249.0,11923672
2025-02-24,244.80194091796875,250.25,256.8800048828125,246.35000610351562,248.77000427246094,6585491
2025-02-25,243.44219970703125,248.86000061035156,254.58999633789062,244.14999389648438,248.89999389648438,4002531
2025-02-27,245.56495666503906,251.02999877929688,254.0,243.10000610351562,249.35000610351562,4038717
2025-02-28,219.4364471435547,224.32000732421875,250.38999938964844,222.10000610351562,249.47999572753906,9842512
2025-03-03,227.16445922851562,232.22000122070312,235.0,222.55999755859375,227.61000061035156,6216719
2025-03-04,223.5645751953125,228.5399932861328,233.5,225.5399932861328,230.0,3040169
2025-03-05,241.6129150390625,246.99000549316406,252.24000549316406,229.00999450683594,229.75,21229458
2025-03-06,241.93572998046875,247.32000732421875,252.77999877929688,242.7899932861328,247.0,5686370
2025-03-07,245.64321899414062,251.11000061035156,256.989990234375,248.41000366210938,249.24000549316406,6068734
2025-03-10,239.5390625,244.8699951171875,254.89999389648438,242.5,252.0,2620220
2025-03-11,231.78170776367188,236.94000244140625,242.4199981689453,234.5,242.39999389648438,2903635
2025-03-12,229.3263397216797,234.42999267578125,241.60000610351562,228.64999389648438,239.39999389648438,3714005
2025-03-13,219.71035766601562,224.60000610351562,236.63999938964844,223.6199951171875,235.5800018310547,3448246
2025-03-17,220.6787872314453,225.58999633789062,228.1999969482422,223.14999389648438,226.5,3777112
2025-03-18,220.6787872314453,225.58999633789062,225.58999633789062,225.58999633789062,225.58999633789062,0
2025-03-19,221.74505615234375,226.67999267578125,229.39999389648438,223.19000244140625,228.5,3251893
2025-03-20,222.49830627441406,227.4499969482422,234.89999389648438,224.0500030517578,229.1999969482422,3962208
2025-03-21,244.73345947265625,250.17999267578125,257.5,229.05999755859375,229.8699951171875,39693276
2025-03-24,237.6315155029297,242.9199981689453,253.75,242.0,251.39999389648438,4240725
2025-03-25,238.65866088867188,243.97000122070312,248.36000061035156,238.35000610351562,244.8000030517578,3636699
2025-03-26,233.01426696777344,238.1999969482422,244.8000030517578,236.2100067138672,242.47000122070312,3604046
2025-03-27,238.2771453857422,243.5800018310547,255.5,237.0500030517578,239.35000610351562,6096655
2025-03-28,237.66085815429688,242.9499969482422,244.8800048828125,238.11000061035156,242.5,2452078
2025-04-01,224.7091064453125,229.7100067138672,242.7899932861328,227.49000549316406,241.9499969482422,4678369
2025-04-02,225.4525604248047,230.47000122070312,234.60000610351562,228.08999633789062,232.1999969482422,2656857
2025-04-03,223.29066467285156,228.25999450683594,230.5500030517578,222.0500030517578,228.9499969482422,3763823
2025-04-04,209.72262573242188,214.38999938964844,229.25999450683594,212.10000610351562,228.25999450683594,3169289
2025-04-07,198.991455078125,203.4199981689453,206.8000030517578,176.94000244140625,176.9499969482422,7581410
2025-04-08,196.85891723632812,201.24000549316406,209.52999877929688,198.5,207.0,4725046
2025-04-09,200.26315307617188,204.72000122070312,214.19000244140625,199.5500030517578,202.5500030517578,12404667
2025-04-11,210.7888946533203,215.47999572753906,217.72999572753906,209.11000061035156,214.00999450683594,10032476
2025-04-15,219.78860473632812,224.67999267578125,226.41000366210938,216.32000732421875,221.47999572753906,3463507
2025-04-16,221.4418182373047,226.3699951171875,229.19000244140625,222.0,225.39999389648438,3486775
2025-04-17,218.68321228027344,223.5500030517578,227.6999969482422,222.77000427246094,226.5,1684810
2025-04-21,224.0928192138672,229.0800018310547,231.5399932861328,221.69000244140625,223.5500030517578,2209804
2025-04-22,218.92776489257812,223.8000030517578,233.0,221.10000610351562,229.10000610351562,2183580
2025-04-23,232.9066619873047,238.08999633789062,240.0,225.0,225.0,11298116
2025-04-24,239.9401397705078,245.27999877929688,247.88999938964844,237.30999755859375,238.0,7860560
2025-04-25,240.09664916992188,245.44000244140625,250.5,237.55999755859375,245.0,6284851
2025-04-28,244.20521545410156,249.63999938964844,250.97000122070312,244.0500030517578,245.0,3719628
2025-04-29,242.99220275878906,248.39999389648438,252.99000549316406,245.3000030517578,249.64999389648438,2965698
2025-04-30,240.36077880859375,245.7100067138672,253.1699981689453,243.60000610351562,247.9499969482422,2793360
2025-05-02,245.5258331298828,250.99000549316406,255.47999572753906,243.55999755859375,245.1999969482422,3109906
2025-05-05,243.17807006835938,248.58999633789062,255.49000549316406,246.52000427246094,253.0,2020754
2025-05-06,244.7041015625,250.14999389648438,258.5,248.00999450683594,249.02000427246094,8472053
2025-05-07,246.68991088867188,252.17999267578125,253.64999389648438,243.82000732421875,244.0,2068031
2025-05-08,242.11180114746094,247.5,256.2799987792969,244.0,252.1199951171875,1915449
2025-05-09,253.70382690429688,259.3500061035156,264.79998779296875,240.5500030517578,240.55999755859375,7216394
2025-05-12,255.25921630859375,260.94000244140625,267.7900085449219,259.010009765625,264.5400085449219,4628903
2025-05-13,266.58709716796875,272.5199890136719,281.8999938964844,261.010009765625,261.1000061035156,17618708
2025-05-14,271.91845703125,277.9700012207031,279.0,271.1499938964844,273.20001220703125,5204037
2025-05-15,273.209716796875,279.2900085449219,280.45001220703125,276.0,277.9700012207031,2666313
2025-05-16,274.060791015625,280.1600036621094,281.5,276.5199890136719,279.29998779296875,1767396
2025-05-19,274.0705871582031,280.1700134277344,290.6499938964844,277.5,281.0,4056114
2025-05-20,276.49658203125,282.6499938964844,306.989990234375,280.2799987792969,300.010009765625,18143264
2025-05-21,283.5691833496094,289.8800048828125,297.0,281.29998779296875,286.1499938964844,7116531
2025-05-22,268.8957214355469,274.8800048828125,289.5,274.0,289.5,3607616
2025-05-23,265.8534240722656,271.7699890136719,278.5,270.9599914550781,275.9800109863281,2344501
2025-05-26,260.9525146484375,266.760009765625,273.5199890136719,264.54998779296875,271.7699890136719,2171657
2025-05-27,255.35704040527344,261.0400085449219,269.739990234375,259.0,268.0,2510998
2025-05-28,261.7937927246094,267.6199951171875,270.70001220703125,262.5,262.57000732421875,3633910
2025-05-29,258.90802001953125,264.6700134277344,270.25,263.2099914550781,269.0,1714747
2025-05-30,253.0386505126953,258.6700134277344,265.75,256.4599914550781,265.0,3363939
2025-06-02,263.9263000488281,269.79998779296875,270.1000061035156,258.0,258.6000061035156,3789877
2025-06-03,262.99700927734375,268.8500061035156,274.95001220703125,266.29998779296875,270.0,3944192
2025-06-04,261.3340148925781,267.1499938964844,276.0,265.20001220703125,270.20001220703125,2051637
2025-06-05,270.9206848144531,276.95001220703125,277.5,268.20001220703125,268.79998779296875,2691822
2025-06-06,276.5455017089844,282.70001220703125,285.0,274.0,277.8999938964844,3256548
2025-06-09,279.5290832519531,285.75,290.8999938964844,283.3500061035156,285.0,1947664
2025-06-10,286.3277893066406,292.70001220703125,295.0,286.0,287.45001220703125,3434742
2025-06-11,280.7518615722656,287.0,303.5,282.75,293.70001220703125,3692225
2025-06-12,292.7351989746094,299.25,304.0,286.1499938964844,286.75,10601489
2025-06-13,288.92010498046875,295.3500061035156,299.54998779296875,290.79998779296875,296.20001220703125,2917908
2025-06-16,290.5341796875,297.0,298.3500061035156,284.54998779296875,293.5,2303376
2025-06-17,288.968994140625,295.3999938964844,297.20001220703125,289.54998779296875,296.29998779296875,1899658
2025-06-18,289.99615478515625,296.45001220703125,309.95001220703125,294.3500061035156,294.8999938964844,7555799
2025-06-19,292.7351989746094,299.25,302.79998779296875,294.1000061035156,296.5,3573321
2025-06-20,286.81689453125,293.20001220703125,301.79998779296875,290.0,299.8999938964844,2892384
2025-06-23,283.3930969238281,289.70001220703125,292.04998779296875,285.6499938964844,291.95001220703125,2329066
2025-06-24,292.8819274902344,299.3999938964844,302.45001220703125,293.95001220703125,294.0,2398992
2025-06-25,300.267578125,306.95001220703125,308.79998779296875,299.20001220703125,300.8999938964844,3094983
2025-06-26,290.43634033203125,296.8999938964844,312.8999938964844,296.0,307.6499938964844,2834016
2025-06-27,315.038818359375,322.04998779296875,329.70001220703125,296.70001220703125,298.54998779296875,7389597
2025-06-30,318.2669677734375,325.3500061035156,334.79998779296875,320.75,322.5,7463289
2025-07-01,322.52227783203125,329.70001220703125,331.25,323.1499938964844,326.6000061035156,3016063
2025-07-02,305.2076110839844,312.0,329.20001220703125,310.79998779296875,329.0,4247051
2025-07-03,305.54998779296875,312.3500061035156,320.54998779296875,310.6000061035156,313.70001220703125,4308472
2025-07-04,312.0,312.0,313.3999938964844,306.45001220703125,308.0,1795602
2025-07-07,310.20001220703125,310.20001220703125,315.20001220703125,308.8500061035156,311.5,1501973
2025-07-08,307.75,307.75,312.1499938964844,306.04998779296875,312.1499938964844,1317003
2025-07-09,300.95001220703125,300.95001220703125,309.3999938964844,300.0,309.0,1816252
2025-07-10,297.54998779296875,297.54998779296875,303.54998779296875,296.45001220703125,303.54998779296875,1522947
2025-07-11,299.79998779296875,299.79998779296875,301.1000061035156,294.79998779296875,297.95001220703125,1689109
2025-07-14,307.95001220703125,307.95001220703125,309.79998779296875,297.0,300.0,2381790
2025-07-15,309.6000061035156,309.6000061035156,313.8999938964844,304.75,309.0,1538234
2025-07-16,307.0,307.0,311.6000061035156,305.6000061035156,311.45001220703125,1077335
2025-07-17,308.54998779296875,308.54998779296875,310.20001220703125,305.3999938964844,308.04998779296875,770253
2025-07-18,310.75,310.75,312.95001220703125,305.5,308.54998779296875,1231310
2025-07-21,303.75,303.75,310.3500061035156,301.0,310.0,1088361
2025-07-22,311.8999938964844,311.8999938964844,313.20001220703125,302.04998779296875,305.6000061035156,1465737
2025-07-23,311.1499938964844,311.1499938964844,313.5,307.1499938964844,313.5,1130803
2025-07-24,303.5,303.5,311.1499938964844,302.0,309.6000061035156,1173978
2025-07-25,294.20001220703125,294.20001220703125,306.29998779296875,292.6000061035156,304.5,1441082
2025-07-28,286.1000061035156,286.1000061035156,294.3500061035156,284.1499938964844,292.79998779296875,2174088
2025-07-29,287.8999938964844,287.8999938964844,297.1000061035156,284.45001220703125,286.04998779296875,1944094
2025-07-30,265.45001220703125,265.45001220703125,290.5,264.1499938964844,289.95001220703125,5896950
2025-07-31,250.1999969482422,250.1999969482422,262.3500061035156,248.0500030517578,259.95001220703125,4980076
2025-08-01,249.4499969482422,249.4499969482422,258.8500061035156,245.64999389648438,251.5,3279248
2025-08-04,251.89999389648438,251.89999389648438,255.89999389648438,239.0,248.1999969482422,3944705
2025-08-05,253.0,253.0,258.6000061035156,251.85000610351562,255.0,2130960
2025-08-06,239.1999969482422,239.1999969482422,254.0,237.6999969482422,254.0,3838274
2025-08-07,242.85000610351562,242.85000610351562,243.89999389648438,234.64999389648438,239.0,2002520
2025-08-08,241.10000610351562,241.10000610351562,245.0,236.5,242.5500030517578,2539216
2025-08-11,242.6999969482422,242.6999969482422,244.0,238.35000610351562,240.10000610351562,989054
2025-08-12,235.8000030517578,235.8000030517578,242.9499969482422,234.25,242.25,1605988
2025-08-13,240.14999389648438,240.14999389648438,241.25,235.0,237.1999969482422,1369644
2025-08-14,237.10000610351562,237.10000610351562,241.35000610351562,234.89999389648438,240.0,1213950
2025-08-18,239.85000610351562,239.85000610351562,241.9499969482422,235.35000610351562,240.0,1932884
2025-08-19,243.64999389648438,243.64999389648438,249.14999389648438,238.1999969482422,241.10000610351562,2760769
2025-08-20,246.4499969482422,246.4499969482422,248.14999389648438,240.85000610351562,243.39999389648438,2737710
2025-08-21,242.1999969482422,242.1999969482422,247.6999969482422,241.85000610351562,246.9499969482422,1425213
2025-08-22,243.3000030517578,243.3000030517578,245.1999969482422,238.4499969482422,241.14999389648438,1793596
2025-08-25,243.39999389648438,243.39999389648438,245.5,241.14999389648438,244.0,1193553
2025-08-26,233.5,233.5,244.0,229.8000030517578,242.5,2555996
2025-08-28,235.14999389648438,235.14999389648438,237.89999389648438,231.3000030517578,233.10000610351562,1265166
2025-08-29,240.85000610351562,240.85000610351562,241.9499969482422,233.0500030517578,234.5,1916842
2025-09-01,243.88999938964844,243.88999938964844,245.1999969482422,236.1999969482422,240.60000610351562,1214606
2025-09-02,240.80999755859375,240.80999755859375,246.8000030517578,240.2100067138672,245.1999969482422,1359371
2025-09-03,237.27999877929688,237.27999877929688,241.7100067138672,236.3000030517578,239.5500030517578,1750720
2025-09-04,242.5,242.5,246.72999572753906,238.10000610351562,240.89999389648438,2471295
2025-09-05,236.80999755859375,236.80999755859375,244.0,235.63999938964844,243.0,1332743
2025-09-08,242.80999755859375,242.80999755859375,245.89999389648438,237.02000427246094,237.99000549316406,2200813
2025-09-09,243.2899932861328,243.2899932861328,244.39999389648438,239.0,242.44000244140625,1142690
2025-09-10,244.1699981689453,244.1699981689453,249.1999969482422,242.39999389648438,244.5,1705711
2025-09-11,242.11000061035156,242.11000061035156,245.27000427246094,241.3300018310547,244.27000427246094,595308
2025-09-12,243.8000030517578,243.8000030517578,246.6999969482422,242.1999969482422,242.1999969482422,897760
2025-09-15,241.4199981689453,241.4199981689453,245.35000610351562,241.0,243.8000030517578,1036095
2025-09-16,289.29998779296875,289.29998779296875,289.70001220703125,242.1999969482422,242.1999969482422,109209967
2025-09-17,292.17999267578125,292.17999267578125,304.70001220703125,282.1000061035156,295.0,59510999
2025-09-18,288.1400146484375,288.1400146484375,291.29998779296875,284.1199951171875,290.0,8590924
2025-09-19,299.7300109863281,299.7300109863281,314.3999938964844,286.8599853515625,288.1400146484375,80255917
2025-09-22,290.20001220703125,290.20001220703125,302.2200012207031,288.0,299.5,10029149
2025-09-23,285.0299987792969,285.0299987792969,292.4800109863281,283.2699890136719,291.5,3327492
2025-09-24,274.05999755859375,274.05999755859375,285.0,272.9599914550781,285.0,3960191
2025-09-25,268.8299865722656,268.8299865722656,277.0,267.1099853515625,274.1000061035156,3789384
2025-09-26,264.8299865722656,264.8299865722656,270.5,260.0,270.1000061035156,2542719
2025-09-29,291.239990234375,291.239990234375,299.8900146484375,262.54998779296875,268.75,17615667
2025-09-30,283.42999267578125,283.42999267578125,296.7799987792969,281.6000061035156,296.7799987792969,15712755
2025-10-01,279.0,279.0,285.1000061035156,275.79998779296875,285.0,4006458
2025-10-03,279.8500061035156,279.8500061035156,282.45001220703125,277.20001220703125,279.0,2690560
2025-10-06,276.8999938964844,276.8999938964844,281.20001220703125,275.0,280.8999938964844,1265916
2025-10-07,274.75,274.75,279.8999938964844,273.5,279.04998779296875,1419368
2025-10-08,274.1499938964844,274.1499938964844,278.8999938964844,272.20001220703125,275.79998779296875,2106237
2025-10-09,268.6000061035156,268.6000061035156,275.29998779296875,266.70001220703125,274.3500061035156,1785776
2025-10-10,290.1000061035156,290.1000061035156,293.79998779296875,267.70001220703125,269.70001220703125,37530912
2025-10-13,279.3999938964844,279.3999938964844,286.95001220703125,278.0,286.0,4772640
2025-10-14,273.0,273.0,279.8500061035156,268.54998779296875,279.29998779296875,2796136
2025-10-15,276.6000061035156,276.6000061035156,278.95001220703125,272.95001220703125,274.5,2352910
2025-10-16,271.70001220703125,271.70001220703125,276.5,270.79998779296875,276.0,1507563
2025-10-17,268.8999938964844,268.8999938964844,274.3500061035156,267.1000061035156,272.45001220703125,1698221
2025-10-20,267.20001220703125,267.20001220703125,270.0,263.45001220703125,268.6499938964844,1641610
2025-10-21,268.5,268.5,272.0,267.1499938964844,270.3999938964844,445352
2025-10-23,265.3999938964844,265.3999938964844,271.20001220703125,264.95001220703125,269.0,2157072
2025-10-24,264.04998779296875,264.04998779296875,269.8500061035156,262.8999938964844,265.79998779296875,1815574
2025-10-27,261.95001220703125,261.95001220703125,266.0,261.0,265.1000061035156,1333276
2025-10-28,261.3500061035156,261.3500061035156,266.3999938964844,259.29998779296875,263.5,1423165
2025-10-29,263.04998779296875,263.04998779296875,266.3999938964844,259.8500061035156,263.29998779296875,1671602
2025-10-30,258.6000061035156,258.6000061035156,265.0,258.0,265.0,1377315
2025-10-31,253.75,253.75,261.79998779296875,253.0,258.70001220703125,2010497
2025-11-03,252.89999389648438,252.89999389648438,262.0,251.0,255.64999389648438,3071839
2025-11-04,250.25,250.25,255.10000610351562,249.5,254.14999389648438,1775688
2025-11-05,250.25,250.25,250.25,250.25,250.25,0
2025-11-06,289.95001220703125,289.95001220703125,293.29998779296875,265.0,265.1499938964844,88099906
2025-11-07,292.0,292.0,297.29998779296875,279.1499938964844,286.8500061035156,35767764
2025-11-10,287.5,287.5,300.8999938964844,285.0,289.0,10399997
2025-11-11,288.29998779296875,288.29998779296875,293.20001220703125,285.1499938964844,287.45001220703125,4653700
2025-11-12,294.79998779296875,294.79998779296875,304.5,288.0,288.29998779296875,13012610
2025-11-13,296.5,296.5,306.79998779296875,293.1499938964844,296.25,8199682
2025-11-14,294.70001220703125,294.70001220703125,298.29998779296875,290.25,296.5,2654238
2025-11-17,296.3999938964844,296.3999938964844,299.70001220703125,294.6000061035156,296.0,1831539
2025-11-18,290.3999938964844,290.3999938964844,297.6000061035156,289.3999938964844,297.6000061035156,1802744
2025-11-19,293.95001220703125,293.95001220703125,295.45001220703125,289.25,291.8999938964844,1651113
2025-11-20,295.04998779296875,295.04998779296875,299.3999938964844,292.6499938964844,294.25,1938380
2025-11-21,284.79998779296875,284.79998779296875,293.75,283.6499938964844,290.0,1874052
2025-11-24,291.0,291.0,299.5,288.1000061035156,295.0,17449691
2025-11-25,288.04998779296875,288.04998779296875,292.0,285.6499938964844,290.0,2050172
2025-11-26,287.5,287.5,291.6499938964844,286.0,290.1000061035156,1842172
2025-11-27,283.54998779296875,283.54998779296875,290.29998779296875,282.0,289.0,2264397
2025-11-28,281.1000061035156,281.1000061035156,285.20001220703125,277.54998779296875,283.79998779296875,2130909
2025-12-01,282.1499938964844,282.1499938964844,287.5,280.6499938964844,281.0,2103821
2025-12-02,280.3500061035156,280.3500061035156,284.54998779296875,278.0,282.1000061035156,1431130
2025-12-03,275.3999938964844,275.3999938964844,288.8999938964844,274.0,280.8999938964844,2931846
2025-12-04,278.6000061035156,278.6000061035156,280.3500061035156,275.25,276.3999938964844,1456989
2025-12-05,268.75,268.75,278.3500061035156,266.25,278.3500061035156,2898740
2025-12-08,267.8999938964844,267.8999938964844,269.54998779296875,261.6000061035156,268.75,2026692
2025-12-09,275.29998779296875,275.29998779296875,277.0,265.29998779296875,267.0,2999026
2025-12-10,275.8500061035156,275.8500061035156,278.0,270.5,277.0,1562824
2025-12-11,279.95001220703125,279.95001220703125,280.8999938964844,272.70001220703125,275.0,1534138
2025-12-12,280.6499938964844,280.6499938964844,283.5,277.54998779296875,281.0,1132333
2025-12-15,281.1000061035156,281.1000061035156,287.95001220703125,279.75,280.70001220703125,1871856
2025-12-16,271.29998779296875,271.29998779296875,281.45001220703125,270.29998779296875,281.1000061035156,1098994
2025-12-17,273.6000061035156,273.6000061035156,275.79998779296875,271.20001220703125,271.5,1587583
2025-12-18,269.04998779296875,269.04998779296875,274.6499938964844,268.0,273.6000061035156,758074
2025-12-19,272.20001220703125,272.20001220703125,274.20001220703125,266.75,270.0,1344398
2025-12-22,274.8500061035156,274.8500061035156,277.0,272.5,274.0,790614
2025-12-23,275.3500061035156,275.3500061035156,276.3500061035156,271.95001220703125,275.0,682961
2025-12-24,274.6499938964844,274.6499938964844,279.1499938964844,273.25,276.0,983807
2025-12-25,274.6499938964844,274.6499938964844,274.6499938964844,274.6499938964844,274.6499938964844,0
2025-12-26,270.95001220703125,270.95001220703125,275.45001220703125,270.04998779296875,275.0,504667
2025-12-29,268.1499938964844,268.1499938964844,274.5,267.0,270.79998779296875,685710
2025-12-30,268.3999938964844,268.3999938964844,277.0,261.0,268.0,6101105
2025-12-31,272.3500061035156,272.3500061035156,274.95001220703125,267.04998779296875,268.0,1841640
2026-01-01,274.95001220703125,274.95001220703125,275.70001220703125,269.1499938964844,270.54998779296875,899625
2026-01-02,276.29998779296875,276.29998779296875,278.3500061035156,274.75,274.79998779296875,776265
2026-01-05,278.45001220703125,278.45001220703125,281.5,275.3999938964844,276.3999938964844,1371997
2026-01-06,285.79998779296875,285.79998779296875,293.29998779296875,278.0,278.70001220703125,9727865
2026-01-07,284.20001220703125,284.20001220703125,292.45001220703125,283.25,287.95001220703125,2516816
2026-01-08,280.6499938964844,280.6499938964844,299.29998779296875,278.1499938964844,285.6000061035156,8931588
2026-01-09,273.29998779296875,273.29998779296875,282.3999938964844,271.95001220703125,280.1499938964844,1457919
2026-01-12,269.1499938964844,269.1499938964844,280.79998779296875,267.75,273.29998779296875,2261122
2026-01-13,273.04998779296875,273.04998779296875,274.3999938964844,268.54998779296875,272.0,1413673
2026-01-14,273.6499938964844,273.6499938964844,276.79998779296875,271.54998779296875,272.6000061035156,1055689
2026-01-15,273.6499938964844,273.6499938964844,273.6499938964844,273.6499938964844,273.6499938964844,0
2026-01-16,263.5,263.5,273.8999938964844,262.0,273.5,2324762
