date_,adj close_shyammetl.ns,close_shyammetl.ns,high_shyammetl.ns,low_shyammetl.ns,open_shyammetl.ns,volume_shyammetl.ns
2024-01-16,664.5167846679688,671.5499877929688,683.7999877929688,650.7000122070312,675.0,1466524
2024-01-17,643.5388793945312,650.3499755859375,665.4000244140625,646.2999877929688,660.5,1343951
2024-01-18,649.8718872070312,656.75,663.0,637.0,651.0999755859375,1074243
2024-01-19,670.1571655273438,677.25,682.4000244140625,654.0,661.2999877929688,1362418
2024-01-23,664.7642211914062,671.7999877929688,708.7999877929688,660.0999755859375,700.0,1529512
2024-01-24,668.9202270507812,676.0,678.7000122070312,655.5999755859375,672.9000244140625,720334
2024-01-25,670.0582275390625,677.1500244140625,683.3499755859375,672.0,676.0,353649
2024-01-29,703.7516479492188,711.2000122070312,716.9500122070312,679.5,680.0499877929688,2020717
2024-01-30,723.3441772460938,731.0,734.9000244140625,715.5,722.0,2612634
2024-01-31,697.4185791015625,704.7999877929688,737.7999877929688,690.0,737.7999877929688,2625792
2024-02-01,694.8953247070312,702.25,720.4500122070312,695.0,705.9000244140625,1195893
2024-02-02,697.9628295898438,705.3499755859375,720.0,698.0499877929688,705.4500122070312,1304936
2024-02-05,677.57861328125,684.75,719.9000244140625,675.1500244140625,710.0,929349
2024-02-06,689.9971313476562,697.2999877929688,704.6500244140625,681.4500122070312,685.4500122070312,550683
2024-02-07,684.9506225585938,692.2000122070312,710.8499755859375,690.0,704.5,452758
2024-02-08,680.3987426757812,687.5999755859375,700.4000244140625,685.0,695.9000244140625,627460
2024-02-09,674.9068603515625,682.0499877929688,689.7999877929688,651.6500244140625,685.0,1054114
2024-02-12,650.8119506835938,657.7000122070312,702.8499755859375,650.1500244140625,682.0499877929688,854405
2024-02-13,652.1972045898438,659.0999755859375,667.0,643.6500244140625,664.5499877929688,637688
2024-02-14,663.7252197265625,670.75,676.7000122070312,644.7999877929688,649.0,528411
2024-02-15,661.9441528320312,668.9500122070312,684.0,664.3499755859375,674.9000244140625,375653
2024-02-16,664.3684692382812,671.4000244140625,680.0,666.25,670.7999877929688,276016
2024-02-19,661.9441528320312,668.9500122070312,678.9500122070312,661.5,673.9000244140625,342836
2024-02-20,656.0068969726562,662.9500122070312,672.0,659.7000122070312,671.0,308942
2024-02-21,636.81005859375,643.5499877929688,674.0,640.7000122070312,663.0,663338
2024-02-22,640.2733764648438,647.0499877929688,651.7000122070312,630.1500244140625,651.0499877929688,538118
2024-02-23,657.6395874023438,664.5999755859375,670.5499877929688,643.5499877929688,649.4500122070312,675797
2024-02-26,649.6739501953125,656.5499877929688,671.9000244140625,653.5999755859375,665.1500244140625,399838
2024-02-27,641.708251953125,648.5,662.9500122070312,646.6500244140625,653.1500244140625,340307
2024-02-28,620.7302856445312,627.2999877929688,653.2999877929688,624.0,650.5999755859375,413154
2024-02-29,643.0935668945312,649.9000244140625,658.5999755859375,622.0,624.5,1363833
2024-03-01,664.4674072265625,671.5,682.9000244140625,634.2999877929688,656.0,2498858
2024-03-04,656.8975219726562,663.8499755859375,688.5,662.0,687.0,527510
2024-03-05,647.4969482421875,654.3499755859375,667.0499877929688,647.7999877929688,660.0,936834
2024-03-06,622.9071655273438,629.5,653.4000244140625,622.5499877929688,650.0999755859375,923041
2024-03-07,633.4952392578125,640.2000122070312,646.0,630.5,632.0499877929688,429643
2024-03-11,590.5991821289062,596.8499755859375,642.1500244140625,590.25,640.2000122070312,1452486
2024-03-12,581.3966064453125,587.5499877929688,608.0,584.0499877929688,596.8499755859375,1144829
2024-03-13,538.5995483398438,544.2999877929688,592.7999877929688,511.20001220703125,592.5,1965752
2024-03-14,541.6175537109375,547.3499755859375,566.0,530.9500122070312,541.0,1168295
2024-03-15,557.5490112304688,563.4500122070312,570.0,542.0499877929688,544.75,1061534
2024-03-18,573.282470703125,579.3499755859375,583.1500244140625,560.2000122070312,560.2000122070312,1479163
2024-03-19,567.9884643554688,574.0,583.2999877929688,566.5499877929688,579.0,521625
2024-03-20,566.3557739257812,572.3499755859375,582.0999755859375,564.0999755859375,572.2000122070312,937869
2024-03-21,583.0787963867188,589.25,600.0,571.3499755859375,571.3499755859375,1273409
2024-03-22,593.0235595703125,599.2999877929688,609.0,580.7000122070312,594.4000244140625,1089672
2024-03-26,593.5677490234375,599.8499755859375,607.0,597.75,606.4000244140625,481294
2024-03-27,599.0100708007812,605.3499755859375,624.0,601.8499755859375,612.0,1281009
2024-03-28,585.15673828125,591.3499755859375,612.6500244140625,583.8499755859375,611.9000244140625,566910
2024-04-01,616.623779296875,623.1500244140625,628.0,596.6500244140625,596.7000122070312,613359
2024-04-02,616.2774047851562,622.7999877929688,629.5,615.9500122070312,623.0,278456
2024-04-03,606.0852661132812,612.5,632.9000244140625,609.7000122070312,620.9500122070312,550996
2024-04-04,610.8350830078125,617.2999877929688,621.0999755859375,608.25,619.4000244140625,390973
2024-04-05,613.55615234375,620.0499877929688,629.7999877929688,609.6500244140625,617.2999877929688,455868
2024-04-08,611.8245239257812,618.2999877929688,633.5999755859375,615.0,625.0499877929688,423512
2024-04-09,612.7151489257812,619.2000122070312,631.9000244140625,615.0,619.75,327990
2024-04-10,623.5009155273438,630.0999755859375,658.9000244140625,625.0,640.0,2376276
2024-04-12,611.5771484375,618.0499877929688,630.5499877929688,615.9500122070312,630.0,469383
2024-04-15,593.0729370117188,599.3499755859375,611.4500122070312,590.0499877929688,611.0,420897
2024-04-16,590.8465576171875,597.0999755859375,606.9000244140625,592.0,593.2999877929688,241110
2024-04-18,595.84375,602.1500244140625,618.0,599.4500122070312,600.9500122070312,437334
2024-04-19,588.6200561523438,594.8499755859375,603.5499877929688,587.2999877929688,597.75,259851
2024-04-22,601.8797607421875,608.25,611.0,596.5999755859375,596.5999755859375,274246
2024-04-23,603.9083251953125,610.2999877929688,614.5,601.7000122070312,611.7999877929688,325530
2024-04-24,646.5569458007812,653.4000244140625,659.0,610.2999877929688,613.0,2107604
2024-04-25,636.9090576171875,643.6500244140625,661.0,638.3499755859375,655.0,576306
2024-04-26,635.4248046875,642.1500244140625,652.5999755859375,636.0,645.0,359699
2024-04-29,630.971923828125,637.6500244140625,647.4000244140625,632.0,642.1500244140625,204592
2024-04-30,622.4619140625,629.0499877929688,640.0,625.0,639.7999877929688,234410
2024-05-02,614.6447143554688,621.1500244140625,633.4000244140625,620.0,629.0,229301
2024-05-03,608.1138305664062,614.5499877929688,629.8499755859375,605.0999755859375,623.0,246853
2024-05-06,583.474609375,589.6500244140625,616.0,582.25,614.0,755464
2024-05-07,576.2509765625,582.3499755859375,598.0,577.0,593.7000122070312,590827
2024-05-08,585.9484252929688,592.1500244140625,597.3499755859375,578.0499877929688,582.4000244140625,372222
2024-05-09,561.111328125,567.0499877929688,593.75,563.2999877929688,592.1500244140625,327372
2024-05-10,577.7847900390625,583.9000244140625,587.1500244140625,561.4000244140625,570.5499877929688,381262
2024-05-13,573.9751586914062,580.0499877929688,585.8499755859375,563.0999755859375,577.5499877929688,338806
2024-05-14,597.6248168945312,603.9500122070312,612.2999877929688,584.6500244140625,584.6500244140625,655552
2024-05-15,597.7732543945312,604.0999755859375,616.25,598.0,613.0,383452
2024-05-16,582.0892333984375,588.25,605.0,585.0,604.0,329245
2024-05-17,618.0090942382812,624.5499877929688,629.2000122070312,590.0,594.2999877929688,1637040
2024-05-21,625.2821044921875,631.9000244140625,658.9000244140625,625.0,645.0,1388849
2024-05-22,641.5597534179688,648.3499755859375,655.0,628.0999755859375,635.0,992283
2024-05-23,640.2733764648438,647.0499877929688,668.2999877929688,641.3499755859375,650.5,1410472
2024-05-24,634.3363037109375,641.0499877929688,651.9500122070312,637.0499877929688,645.9500122070312,451117
2024-05-27,623.6494140625,630.25,646.7000122070312,625.25,644.9500122070312,410239
2024-05-28,617.16796875,623.7000122070312,632.4500122070312,617.3499755859375,630.0,391402
2024-05-29,617.6627197265625,624.2000122070312,631.9000244140625,615.5999755859375,623.0,239633
2024-05-30,613.5067138671875,620.0,629.5,612.8499755859375,626.9500122070312,581534
2024-05-31,603.3641357421875,609.75,624.1500244140625,604.0,622.4000244140625,514824
2024-06-03,615.1889038085938,621.7000122070312,640.9000244140625,614.2000122070312,635.0,358736
2024-06-04,546.5157470703125,552.2999877929688,624.5,524.2000122070312,624.5,971852
2024-06-05,561.5072021484375,567.4500122070312,574.0,538.5499877929688,555.0,388446
2024-06-06,598.7628173828125,605.0999755859375,618.3499755859375,572.5999755859375,574.75,652503
2024-06-07,618.6522827148438,625.2000122070312,639.75,600.0,602.0,371135
2024-06-10,619.8892211914062,626.4500122070312,642.7999877929688,620.1500244140625,625.2000122070312,436042
2024-06-11,628.250732421875,634.9000244140625,642.0,627.0,630.1500244140625,351271
2024-06-12,633.8414916992188,640.5499877929688,645.0,635.25,638.9500122070312,444789
2024-06-13,640.6692504882812,647.4500122070312,653.7999877929688,637.0,641.0,437096
2024-06-14,646.4085083007812,653.25,655.25,644.0,647.0,667912
2024-06-18,664.665283203125,671.7000122070312,675.9500122070312,651.5499877929688,653.25,1419376
2024-06-19,676.6386108398438,683.7999877929688,689.0,656.4000244140625,676.4500122070312,1200658
2024-06-20,671.8888549804688,679.0,686.0,669.9500122070312,679.9000244140625,553099
2024-06-21,652.048828125,658.9500122070312,678.0,657.5,674.0999755859375,332735
2024-06-24,646.9527587890625,653.7999877929688,658.0,643.0499877929688,657.9500122070312,339636
2024-06-25,654.522705078125,661.4500122070312,665.0,654.25,659.9000244140625,350725
2024-06-26,660.9050903320312,667.9000244140625,674.9500122070312,633.5999755859375,666.0999755859375,537715
2024-06-27,650.3665771484375,657.25,669.0,650.0,666.4500122070312,580028
2024-06-28,662.3893432617188,669.4000244140625,676.0,652.25,657.0,496053
2024-07-01,707.6107788085938,715.0999755859375,720.0,665.7000122070312,670.0,2961649
2024-07-02,697.0723266601562,704.4500122070312,728.1500244140625,700.2000122070312,720.9000244140625,1447272
2024-07-03,725.075927734375,732.75,737.1500244140625,706.0,706.0,1928307
2024-07-04,714.2900390625,721.8499755859375,732.9500122070312,717.0,732.9500122070312,1132760
2024-07-05,712.7562866210938,720.2999877929688,745.2999877929688,714.0499877929688,721.8499755859375,1598648
2024-07-08,705.0379638671875,712.5,725.0,708.0999755859375,725.0,615826
2024-07-09,694.49951171875,701.8499755859375,721.0,700.9000244140625,712.9500122070312,799976
2024-07-10,672.0867309570312,679.2000122070312,707.7999877929688,664.7999877929688,701.8499755859375,789726
2024-07-11,683.2683715820312,690.5,699.9000244140625,679.2000122070312,679.9500122070312,664960
2024-07-12,672.680419921875,679.7999877929688,697.3499755859375,674.3499755859375,692.0,312003
2024-07-15,683.61474609375,690.8499755859375,698.0,668.4500122070312,675.0,425487
2024-07-16,686.9791259765625,694.25,699.25,686.0499877929688,691.0,196010
2024-07-18,674.9068603515625,682.0499877929688,698.0,671.9500122070312,697.5999755859375,353523
2024-07-19,660.95458984375,667.9500122070312,676.7000122070312,651.0,675.0499877929688,395714
2024-07-22,665.50634765625,672.5499877929688,683.2000122070312,651.0,655.0999755859375,653174
2024-07-23,676.292236328125,683.4500122070312,686.9500122070312,646.7000122070312,670.9500122070312,506979
2024-07-24,684.604248046875,691.8499755859375,695.0,681.1500244140625,682.75,272255
2024-07-25,677.57861328125,684.75,691.0,677.6500244140625,690.0499877929688,191186
2024-07-26,683.76318359375,691.0,699.9000244140625,683.0,683.7999877929688,576702
2024-07-29,702.5147094726562,709.9500122070312,712.9000244140625,686.9500122070312,692.0,685084
2024-07-30,709.3424682617188,716.8499755859375,735.0,705.1500244140625,710.0,1421902
2024-07-31,732.3984985351562,740.1500244140625,744.0999755859375,707.5999755859375,728.5,2269582
2024-08-01,732.0026245117188,739.75,769.9500122070312,730.7000122070312,740.8499755859375,2160073
2024-08-02,719.2872314453125,726.9000244140625,738.4000244140625,720.0,730.0,500008
2024-08-05,689.1561279296875,696.4500122070312,719.7000122070312,673.0499877929688,700.0,1336581
2024-08-06,689.3540649414062,696.6500244140625,711.0,690.0,698.3499755859375,886482
2024-08-07,729.2813720703125,737.0,740.7999877929688,700.9500122070312,700.9500122070312,1700448
2024-08-08,712.6573486328125,720.2000122070312,734.0,716.0,733.9000244140625,621740
2024-08-09,736.6533813476562,744.4500122070312,764.5,722.3499755859375,722.3499755859375,2936398
2024-08-12,734.8226928710938,742.5999755859375,748.0,726.5499877929688,744.5999755859375,722267
2024-08-13,740.1661376953125,748.0,759.0,735.75,747.7000122070312,1134806
2024-08-14,726.0654296875,733.75,755.3499755859375,719.0999755859375,753.2000122070312,673604
2024-08-16,703.652587890625,711.0999755859375,740.0,706.0,736.6500244140625,1376789
2024-08-19,709.1445922851562,716.6500244140625,722.0,705.9000244140625,711.0999755859375,652529
2024-08-20,754.3659057617188,762.3499755859375,766.0,720.0,720.0,2855690
2024-08-21,755.2564697265625,763.25,769.8499755859375,745.2999877929688,767.7999877929688,1042703
2024-08-22,801.7147827148438,810.2000122070312,844.5,801.75,816.0,13837994
2024-08-23,795.9755859375,804.4000244140625,840.0,801.0,818.0,3872113
2024-08-26,816.6071166992188,825.25,836.9000244140625,812.3499755859375,816.0,3080102
2024-08-27,805.5739135742188,814.0999755859375,831.7999877929688,811.0499877929688,825.25,1096895
2024-08-28,784.0022583007812,792.2999877929688,822.0,788.9000244140625,815.4500122070312,1135428
2024-08-29,772.2269287109375,780.4000244140625,800.0,766.5999755859375,788.2999877929688,1146546
2024-08-30,791.738525390625,797.3499755859375,800.0,778.0,781.9500122070312,728254
2024-09-02,796.4054565429688,802.0499877929688,806.25,781.0999755859375,806.25,791246
2024-09-03,796.3062133789062,801.9500122070312,805.0,786.25,797.9000244140625,541001
2024-09-04,821.3784790039062,827.2000122070312,830.0,789.0,799.0499877929688,1790595
2024-09-05,824.357421875,830.2000122070312,841.7999877929688,827.9500122070312,827.9500122070312,842067
2024-09-06,792.0364990234375,797.6500244140625,837.5,792.5499877929688,837.5,939584
2024-09-09,808.42041015625,814.1500244140625,819.0,793.4000244140625,803.5,1324627
2024-09-10,818.5982055664062,824.4000244140625,830.0,814.75,818.9000244140625,628077
2024-09-11,821.6763916015625,827.5,833.9500122070312,815.5499877929688,822.0,711493
2024-09-12,838.40771484375,844.3499755859375,854.7999877929688,828.7999877929688,838.7999877929688,1261786
2024-09-13,865.0689086914062,871.2000122070312,879.0,846.0,852.0,2022651
2024-09-16,893.0206909179688,899.3499755859375,903.0,872.5999755859375,875.5,1220657
2024-09-17,885.8217163085938,892.0999755859375,908.9000244140625,877.5499877929688,908.9000244140625,819386
2024-09-18,884.2826538085938,890.5499877929688,896.3499755859375,881.2999877929688,882.75,466009
2024-09-19,864.7212524414062,870.8499755859375,895.7000122070312,850.0499877929688,895.7000122070312,703465
2024-09-20,913.6743774414062,920.1500244140625,932.75,867.0,882.0,3541261
2024-09-23,935.767822265625,942.4000244140625,948.9000244140625,917.5,927.9000244140625,889023
2024-09-24,930.2071533203125,936.7999877929688,956.9000244140625,930.1500244140625,942.4000244140625,631610
2024-09-25,916.9014892578125,923.4000244140625,939.2999877929688,920.0,935.0,385558
2024-09-26,910.7451782226562,917.2000122070312,934.9500122070312,905.9500122070312,923.0,611311
2024-09-27,893.9639892578125,900.2999877929688,925.0,891.2000122070312,917.2000122070312,394735
2024-09-30,901.5105590820312,907.9000244140625,927.0,900.0,900.0,807343
2024-10-01,897.1414794921875,903.5,918.0,891.0999755859375,910.0,401481
2024-10-03,905.7802734375,912.2000122070312,916.7000122070312,876.1500244140625,887.0499877929688,539030
2024-10-04,902.156005859375,908.5499877929688,926.9500122070312,891.0,916.7000122070312,383307
2024-10-07,893.1697387695312,899.5,916.6500244140625,861.5,909.5499877929688,929846
2024-10-08,890.3397827148438,896.6500244140625,914.3499755859375,877.2999877929688,894.9500122070312,358137
2024-10-09,924.1997680664062,930.75,941.0,899.3499755859375,908.0,599991
2024-10-10,922.5613403320312,929.0999755859375,945.0,920.0,934.0999755859375,235770
2024-10-11,904.489501953125,910.9000244140625,927.7000122070312,908.0,923.2999877929688,218958
2024-10-14,903.7447509765625,910.1500244140625,919.9000244140625,903.5999755859375,913.9500122070312,179046
2024-10-15,910.2982788085938,916.75,921.9500122070312,904.0,907.0999755859375,213299
2024-10-16,919.036376953125,925.5499877929688,931.75,907.3499755859375,912.0499877929688,249546
2024-10-17,916.2560424804688,922.75,939.0,909.5499877929688,930.0,298224
2024-10-18,893.4675903320312,899.7999877929688,914.5999755859375,881.7999877929688,908.9000244140625,661739
2024-10-21,873.5090942382812,879.7000122070312,890.0,871.0,890.0,432702
2024-10-22,815.2221069335938,821.0,878.9500122070312,811.2999877929688,875.2000122070312,801132
2024-10-23,820.6834106445312,826.5,838.9000244140625,794.7999877929688,820.0,553117
2024-10-24,824.4070434570312,830.25,833.0999755859375,816.5,825.0,233543
2024-10-25,791.837890625,797.4500122070312,824.0,775.0,821.0,646106
2024-10-28,798.6892700195312,804.3499755859375,809.9500122070312,787.0,800.0,277941
2024-10-29,829.222900390625,835.0999755859375,848.6500244140625,790.0,804.9500122070312,349861
2024-10-30,831.8045654296875,837.7000122070312,846.7999877929688,826.0999755859375,835.0999755859375,224321
2024-10-31,842.4789428710938,848.4500122070312,852.0,829.2000122070312,832.75,172308
2024-11-01,834.6841430664062,840.5999755859375,873.9000244140625,835.0,851.75,102906
2024-11-04,833.6415405273438,839.5499877929688,847.0,817.4500122070312,839.7999877929688,300432
2024-11-05,865.4660034179688,871.5999755859375,875.0,835.0499877929688,835.0499877929688,709231
2024-11-06,876.0410766601562,882.25,886.9500122070312,865.3499755859375,872.4500122070312,248209
2024-11-07,852.5574951171875,858.5999755859375,889.2999877929688,840.0,889.2999877929688,708675
2024-11-08,809.0657348632812,814.7999877929688,857.9500122070312,805.0,852.0999755859375,425748
2024-11-11,795.2139282226562,800.8499755859375,816.3499755859375,790.1500244140625,814.8499755859375,417850
2024-11-12,804.448486328125,810.1500244140625,827.75,799.9500122070312,803.25,419757
2024-11-13,790.6463012695312,796.25,811.25,778.6500244140625,796.0,433815
2024-11-14,807.079833984375,812.7999877929688,823.0499877929688,790.2999877929688,793.0,360847
2024-11-18,798.391357421875,804.0499877929688,829.0,799.1500244140625,809.0,277112
2024-11-19,816.0165405273438,821.7999877929688,827.4500122070312,805.0499877929688,805.0499877929688,252045
2024-11-21,796.3062133789062,801.9500122070312,828.0,798.1500244140625,819.9000244140625,340807
2024-11-22,807.3280029296875,813.0499877929688,815.9500122070312,794.9500122070312,800.0499877929688,172116
2024-11-25,815.9668579101562,821.75,834.6500244140625,816.3499755859375,817.0999755859375,239315
2024-11-26,832.2017211914062,838.0999755859375,840.7999877929688,811.0,821.75,212175
2024-11-27,838.75537109375,844.7000122070312,846.0,838.2000122070312,840.0,181945
2024-11-28,830.315185546875,836.2000122070312,849.7000122070312,831.2000122070312,844.9500122070312,99715
2024-11-29,828.7263793945312,834.5999755859375,841.0,830.5499877929688,836.2000122070312,89666
2024-12-02,812.2432250976562,818.0,842.5,815.4500122070312,839.7000122070312,150716
2024-12-03,824.0595092773438,829.9000244140625,836.7999877929688,816.0,825.0,172175
2024-12-04,836.86865234375,842.7999877929688,845.0,822.0499877929688,825.0,146493
2024-12-05,839.1525268554688,845.0999755859375,859.8499755859375,840.0,848.2999877929688,229822
2024-12-06,846.79833984375,852.7999877929688,856.9500122070312,847.0999755859375,848.5999755859375,130223
2024-12-09,842.3300170898438,848.2999877929688,854.4500122070312,835.5,852.7999877929688,204127
2024-12-10,862.28857421875,868.4000244140625,872.0,846.7000122070312,852.0,440589
2024-12-11,848.9828491210938,855.0,874.0,846.8499755859375,870.0,230246
2024-12-12,831.30810546875,837.2000122070312,851.9500122070312,835.0,851.9500122070312,85921
2024-12-13,828.4781494140625,834.3499755859375,838.3499755859375,820.0,830.0,165145
2024-12-16,817.6549072265625,823.4500122070312,839.9000244140625,821.0,831.9000244140625,134505
2024-12-17,807.228759765625,812.9500122070312,830.7999877929688,810.8499755859375,823.5,170682
2024-12-18,786.873046875,792.4500122070312,816.2999877929688,789.9000244140625,810.25,203438
2024-12-19,793.4265747070312,799.0499877929688,807.0499877929688,775.25,784.0,148492
2024-12-20,763.0419921875,768.4500122070312,803.5,761.9500122070312,799.2000122070312,173748
2024-12-23,736.4802856445312,741.7000122070312,777.0,737.75,769.0,313636
2024-12-24,744.523193359375,749.7999877929688,757.9000244140625,738.9000244140625,741.7000122070312,116387
2024-12-26,731.3167724609375,736.5,753.0,734.2999877929688,749.7999877929688,124805
2024-12-27,741.0974731445312,746.3499755859375,748.9000244140625,732.0499877929688,735.0,85023
2024-12-30,712.2022705078125,717.25,742.4000244140625,711.0999755859375,737.0,134420
2024-12-31,724.2667846679688,729.4000244140625,750.0,703.0,715.0999755859375,690430
2025-01-01,740.6506958007812,745.9000244140625,750.5,718.5499877929688,726.7999877929688,217284
2025-01-02,737.2745971679688,742.5,748.0,732.0,745.9000244140625,507046
2025-01-03,771.3828125,776.8499755859375,802.0,740.0,740.0,4575916
2025-01-06,756.68701171875,762.0499877929688,784.0,749.25,784.0,447084
2025-01-07,775.5532836914062,781.0499877929688,786.0,757.5499877929688,757.5499877929688,418092
2025-01-08,778.1349487304688,783.6500244140625,792.0,771.3499755859375,779.0499877929688,520065
2025-01-09,779.7733764648438,785.2999877929688,791.8499755859375,771.5,780.4500122070312,214829
2025-01-10,778.8797607421875,784.4000244140625,812.4000244140625,628.25,787.0,1188582
2025-01-13,760.2119750976562,765.5999755859375,782.5999755859375,750.0999755859375,779.7000122070312,456169
2025-01-14,744.8707885742188,750.1500244140625,775.9500122070312,734.0,775.9500122070312,614778
2025-01-15,740.4520263671875,745.7000122070312,752.7999877929688,737.0,744.9500122070312,277742
2025-01-16,760.3113403320312,765.7000122070312,768.9000244140625,750.0,750.0,112498
2025-01-17,765.5740356445312,771.0,774.7000122070312,760.0,765.0,89957
2025-01-20,798.9375610351562,804.5999755859375,814.0,766.5999755859375,771.0,649172
2025-01-21,812.3921508789062,818.1500244140625,830.4500122070312,800.5,812.0,398041
2025-01-22,795.313232421875,800.9500122070312,827.0,782.6500244140625,825.0499877929688,405197
2025-01-23,791.142822265625,796.75,804.4500122070312,789.25,801.0499877929688,110289
2025-01-24,770.2905883789062,775.75,803.5,769.2999877929688,792.0,311006
2025-01-27,730.125244140625,735.2999877929688,775.0,725.7999877929688,775.0,494783
2025-01-28,712.5001220703125,717.5499877929688,750.4500122070312,696.3499755859375,736.0,812805
2025-01-29,734.0474853515625,739.25,743.75,715.1500244140625,720.0,210374
2025-01-30,774.1134643554688,779.5999755859375,790.5999755859375,739.3499755859375,740.1500244140625,667912
2025-01-31,758.0275268554688,763.4000244140625,783.0,748.9500122070312,776.25,720522
2025-02-01,773.964599609375,779.4500122070312,782.0,738.7000122070312,760.0499877929688,354083
2025-02-03,759.1197509765625,764.5,774.0499877929688,748.7999877929688,769.7000122070312,387459
2025-02-04,762.197998046875,767.5999755859375,776.9000244140625,757.5999755859375,764.5,296283
2025-02-05,777.6881103515625,783.2000122070312,787.2999877929688,771.4000244140625,778.7999877929688,147511
2025-02-06,777.7378540039062,783.25,790.0999755859375,773.0,784.0,99692
2025-02-07,778.1859130859375,781.4500122070312,794.7999877929688,762.2000122070312,783.0,459928
2025-02-10,757.6221313476562,760.7999877929688,781.0,752.5499877929688,770.0,140562
2025-02-11,735.614501953125,738.7000122070312,753.0999755859375,730.0999755859375,752.0,193210
2025-02-12,726.7516479492188,729.7999877929688,735.2999877929688,699.5499877929688,735.0,333906
2025-02-13,736.7098999023438,739.7999877929688,743.4500122070312,723.2999877929688,733.7000122070312,111574
2025-02-14,730.6353759765625,733.7000122070312,745.0,706.75,735.1500244140625,222351
2025-02-17,719.6315307617188,722.6500244140625,732.5,707.9000244140625,722.7000122070312,168755
2025-02-18,720.1792602539062,723.2000122070312,726.0,691.6500244140625,723.0,327815
2025-02-19,689.9061889648438,692.7999877929688,726.9000244140625,673.5,715.0,377286
2025-02-20,713.3577880859375,716.3499755859375,717.7999877929688,689.8499755859375,699.0,278263
2025-02-21,725.6065063476562,728.6500244140625,731.25,706.7000122070312,715.5999755859375,272927
2025-02-24,718.7352905273438,721.75,727.8499755859375,711.2000122070312,725.4500122070312,127970
2025-02-25,710.2708129882812,713.25,724.7999877929688,700.0499877929688,713.9000244140625,233406
2025-02-27,709.52392578125,712.5,716.0,699.5999755859375,710.5,169382
2025-02-28,708.378662109375,711.3499755859375,716.0,696.5,705.0,219360
2025-03-03,699.5657348632812,702.5,712.5999755859375,690.0499877929688,705.0499877929688,428411
2025-03-04,721.0256958007812,724.0499877929688,728.1500244140625,688.5,698.5,194422
2025-03-05,741.4400634765625,744.5499877929688,746.9000244140625,722.1500244140625,730.9000244140625,165170
2025-03-06,755.132568359375,758.2999877929688,767.0499877929688,744.9000244140625,745.0,227177
2025-03-07,820.7573852539062,824.2000122070312,829.0,755.4000244140625,758.2999877929688,1986889
2025-03-10,812.790771484375,816.2000122070312,841.9500122070312,808.25,827.9500122070312,825596
2025-03-11,799.24755859375,802.5999755859375,810.5499877929688,785.0,805.0,474240
2025-03-12,815.529296875,818.9500122070312,821.0,801.0,806.6500244140625,272592
2025-03-13,821.9025268554688,825.3499755859375,831.0,810.0,821.0,278253
2025-03-17,813.63720703125,817.0499877929688,836.0,801.0,829.75,320149
2025-03-18,813.63720703125,817.0499877929688,817.0499877929688,817.0499877929688,817.0499877929688,0
2025-03-19,856.0094604492188,859.5999755859375,865.2999877929688,839.2999877929688,860.0,482052
2025-03-20,848.7897338867188,852.3499755859375,871.7999877929688,844.7000122070312,863.0,363580
2025-03-21,865.6689453125,869.2999877929688,874.7999877929688,844.5,855.0,598456
2025-03-24,859.9927978515625,863.5999755859375,905.0,858.5,905.0,921746
2025-03-25,850.8312377929688,854.4000244140625,872.0,843.0499877929688,872.0,361088
2025-03-26,851.8768310546875,855.4500122070312,865.25,849.1500244140625,855.0499877929688,201601
2025-03-27,850.383056640625,853.9500122070312,858.7999877929688,838.8499755859375,852.7000122070312,312527
2025-03-28,849.7357788085938,853.2999877929688,873.0499877929688,845.0499877929688,853.9500122070312,675770
2025-04-01,856.90576171875,860.5,877.0,840.0499877929688,844.9500122070312,408769
2025-04-02,910.5806274414062,914.4000244140625,920.0,861.5499877929688,876.7000122070312,2339645
2025-04-03,904.9044189453125,908.7000122070312,924.0,900.0,908.7999877929688,471707
2025-04-04,854.7149047851562,858.2999877929688,904.0499877929688,841.0,901.0,553710
2025-04-07,808.8074951171875,812.2000122070312,824.0,745.0,755.2999877929688,385896
2025-04-08,832.458251953125,835.9500122070312,845.0,812.4000244140625,815.2000122070312,344469
2025-04-09,831.3130493164062,834.7999877929688,848.0,806.5,839.0,283443
2025-04-11,840.3252563476562,843.8499755859375,852.0,832.2000122070312,844.0,210032
2025-04-15,871.8431396484375,875.5,879.2999877929688,847.0499877929688,849.9000244140625,156925
2025-04-16,895.1951293945312,898.9500122070312,901.0,870.3499755859375,875.0499877929688,430253
2025-04-17,896.29052734375,900.0499877929688,904.5,880.7000122070312,898.0999755859375,236626
2025-04-21,906.99560546875,910.7999877929688,917.9000244140625,888.5,896.0499877929688,259893
2025-04-22,906.2985229492188,910.0999755859375,919.9000244140625,903.0999755859375,910.7999877929688,348354
2025-04-23,895.444091796875,899.2000122070312,915.9000244140625,886.9000244140625,911.0,197567
2025-04-24,899.029052734375,902.7999877929688,909.4000244140625,895.3499755859375,901.0,144454
2025-04-25,882.3988037109375,886.0999755859375,914.75,865.0,910.0,216186
2025-04-28,867.6605834960938,871.2999877929688,891.4000244140625,862.7000122070312,886.5,266150
2025-04-29,871.4447631835938,875.0999755859375,882.5,863.5,872.0,176387
2025-04-30,857.2542114257812,860.8499755859375,880.8499755859375,855.9000244140625,880.8499755859375,280689
2025-05-02,851.6776733398438,855.25,867.5,848.0,860.0,98888
2025-05-05,877.2703247070312,880.9500122070312,887.0999755859375,856.0,856.0,230729
2025-05-06,876.3242797851562,880.0,886.75,871.5499877929688,880.9500122070312,220773
2025-05-07,872.8887329101562,876.5499877929688,883.0499877929688,852.0,874.0,330106
2025-05-08,876.2247314453125,879.9000244140625,909.0,872.3499755859375,872.7999877929688,477343
2025-05-09,862.18359375,865.7999877929688,872.7999877929688,843.1500244140625,864.9500122070312,561240
2025-05-12,888.4733276367188,892.2000122070312,901.7999877929688,867.0,901.7999877929688,457705
2025-05-13,909.9332885742188,913.75,918.0,887.7000122070312,899.3499755859375,596816
2025-05-14,904.1575317382812,907.9500122070312,922.7999877929688,891.4000244140625,920.0,717640
2025-05-15,932.936767578125,936.8499755859375,945.0,903.0,905.0,1169387
2025-05-16,933.8330688476562,937.75,950.0,925.5,944.4500122070312,807105
2025-05-19,903.1616821289062,906.9500122070312,941.8499755859375,889.7000122070312,937.9000244140625,862467
2025-05-20,907.34423828125,911.1500244140625,920.0,899.25,915.0,673979
2025-05-21,904.6056518554688,908.4000244140625,918.0,891.1500244140625,918.0,557998
2025-05-22,900.0746459960938,903.8499755859375,912.7999877929688,892.0,912.7999877929688,220070
2025-05-23,899.7759399414062,903.5499877929688,909.4500122070312,891.4000244140625,905.0,223430
2025-05-26,867.9593505859375,871.5999755859375,900.0499877929688,862.0499877929688,900.0,695935
2025-05-27,869.5029296875,873.1500244140625,875.75,856.25,865.0,629703
2025-05-28,866.864013671875,870.5,875.0,865.0,873.1500244140625,283137
2025-05-29,866.7145385742188,870.3499755859375,876.4500122070312,859.0,875.0,534982
2025-05-30,839.5784301757812,843.0999755859375,873.6500244140625,818.5,865.25,2613873
2025-06-02,866.864013671875,870.5,878.0,840.0,840.0,715062
2025-06-03,853.0718383789062,856.6500244140625,879.4500122070312,851.25,877.8499755859375,226499
2025-06-04,848.7897338867188,852.3499755859375,860.0,847.0,860.0,147437
2025-06-05,861.9346313476562,865.5499877929688,871.25,848.9500122070312,856.0,315777
2025-06-06,866.3660888671875,870.0,875.5499877929688,864.7000122070312,865.5499877929688,306041
2025-06-09,875.9259643554688,879.5999755859375,881.9000244140625,867.1500244140625,870.0,266754
2025-06-10,875.0795288085938,878.75,894.5499877929688,875.0,883.75,388799
2025-06-11,854.5157470703125,858.0999755859375,880.3499755859375,854.5499877929688,878.4000244140625,369537
2025-06-12,843.8106079101562,847.3499755859375,863.7999877929688,840.2000122070312,858.0,333695
2025-06-13,832.9064331054688,836.4000244140625,844.4000244140625,830.0,835.0,156206
2025-06-16,835.2963256835938,838.7999877929688,848.0499877929688,821.5,829.0999755859375,211741
2025-06-17,831.9603271484375,835.4500122070312,851.6500244140625,832.2000122070312,833.0,181880
2025-06-18,824.2427368164062,827.7000122070312,841.75,824.5999755859375,831.0,129615
2025-06-19,815.1309814453125,818.5499877929688,834.4000244140625,805.5999755859375,829.0,388287
2025-06-20,822.8983154296875,826.3499755859375,829.4500122070312,810.3499755859375,810.3499755859375,181087
2025-06-23,829.9686889648438,833.4500122070312,840.0,810.25,810.25,175781
2025-06-24,830.3172607421875,833.7999877929688,845.0,831.25,843.7999877929688,121682
2025-06-25,840.8231811523438,844.3499755859375,853.5499877929688,830.3499755859375,833.7999877929688,371672
2025-06-26,860.44091796875,864.0499877929688,867.2000122070312,838.2000122070312,841.5499877929688,361205
2025-06-27,852.0261840820312,855.5999755859375,876.0,852.4000244140625,872.2000122070312,344600
2025-06-30,866.764404296875,870.4000244140625,878.0,855.5999755859375,855.5999755859375,282771
2025-07-01,870.9468383789062,874.5999755859375,877.0,862.5,870.0499877929688,174107
2025-07-02,875.2786865234375,878.9500122070312,896.0,872.0999755859375,880.0,813971
2025-07-03,873.4862060546875,877.1500244140625,892.9500122070312,875.0,884.7999877929688,236890
2025-07-04,874.88037109375,878.5499877929688,889.7000122070312,875.0,875.0,224930
2025-07-07,869.1045532226562,872.75,877.5,865.0,871.5999755859375,132073
2025-07-08,866.1171264648438,869.75,873.7999877929688,857.5499877929688,868.7999877929688,105492
2025-07-09,856.6069946289062,860.2000122070312,875.75,858.0,867.0999755859375,67243
2025-07-10,854.9638671875,858.5499877929688,865.0,852.5999755859375,859.0,94973
2025-07-11,846.997314453125,850.5499877929688,858.5499877929688,844.9500122070312,856.9500122070312,95254
2025-07-14,851.7274169921875,855.2999877929688,858.4000244140625,839.0,845.0,127506
2025-07-15,868.3079223632812,871.9500122070312,875.0,853.4000244140625,855.2999877929688,295893
2025-07-16,898.6307373046875,902.4000244140625,905.0999755859375,865.0,868.0,829217
2025-07-17,915.9580078125,919.7999877929688,929.0,902.4000244140625,904.4500122070312,1017702
2025-07-18,907.09521484375,910.9000244140625,924.0,902.0,924.0,284998
2025-07-21,916.107421875,919.9500122070312,928.0,912.0499877929688,918.0,1080659
2025-07-22,931.8911743164062,935.7999877929688,942.0,923.2999877929688,924.0,1324596
2025-07-23,921.8831787109375,925.75,948.7999877929688,915.0,939.2000122070312,977050
2025-07-24,947.9239501953125,951.9000244140625,962.9000244140625,927.7999877929688,932.25,2310531
2025-07-25,964.9525146484375,969.0,974.4000244140625,948.7999877929688,954.25,1030500
2025-07-28,955.474609375,957.7000122070312,984.9000244140625,932.5999755859375,975.0,868778
2025-07-29,989.8446044921875,992.1500244140625,999.9000244140625,952.0499877929688,963.5499877929688,796516
2025-07-30,983.3097534179688,985.5999755859375,999.0,980.0,992.1500244140625,364483
2025-07-31,984.3074340820312,986.5999755859375,1001.0,961.0,983.0,352494
2025-08-01,976.3259887695312,978.5999755859375,989.9000244140625,972.0,986.4000244140625,244945
2025-08-04,975.3782958984375,977.6500244140625,996.7000122070312,965.0,965.0,285348
2025-08-05,979.81787109375,982.0999755859375,986.9000244140625,969.1500244140625,975.0,153030
2025-08-06,948.4410400390625,950.6500244140625,988.75,938.9500122070312,985.0,341613
2025-08-07,966.1996459960938,968.4500122070312,975.0,945.0999755859375,950.0,363048
2025-08-08,950.1370239257812,952.3499755859375,969.75,945.0,966.0499877929688,156797
2025-08-11,950.9351806640625,953.1500244140625,965.0,941.1500244140625,942.0,242446
2025-08-12,947.0442504882812,949.25,956.25,943.5,950.0999755859375,89211
2025-08-13,961.8596801757812,964.0999755859375,974.2000122070312,935.0,935.0,299004
2025-08-14,955.0755004882812,957.2999877929688,969.0,947.5999755859375,964.2000122070312,103126
2025-08-18,966.0499877929688,968.2999877929688,980.0,951.7999877929688,963.9500122070312,363916
2025-08-19,946.0499877929688,946.0499877929688,968.0,941.0,968.0,212466
2025-08-20,947.0999755859375,947.0999755859375,956.0,934.9500122070312,942.0,141758
2025-08-21,949.0499877929688,949.0499877929688,959.0,937.9500122070312,946.7999877929688,238519
2025-08-22,940.0,940.0,951.7000122070312,935.0,948.7999877929688,145266
2025-08-25,947.8499755859375,947.8499755859375,955.0,939.0,949.7000122070312,137232
2025-08-26,941.4500122070312,941.4500122070312,949.4500122070312,931.0,941.0,227417
2025-08-28,905.9000244140625,905.9000244140625,938.0,900.5999755859375,934.9500122070312,195299
2025-08-29,905.2999877929688,905.2999877929688,916.2999877929688,897.7999877929688,905.9000244140625,200418
2025-09-01,902.5,902.5,911.0,896.0,904.0,208988
2025-09-02,902.2999877929688,902.2999877929688,918.4000244140625,900.0999755859375,909.0,278458
2025-09-03,934.5999755859375,934.5999755859375,939.0,902.5,904.9000244140625,196868
2025-09-04,922.6500244140625,922.6500244140625,939.0,920.0,935.0,217407
2025-09-05,928.8499755859375,928.8499755859375,936.0,916.5,922.0,70116
2025-09-08,945.3499755859375,945.3499755859375,950.0,925.0,928.8499755859375,219425
2025-09-09,930.1500244140625,930.1500244140625,948.9000244140625,926.0,945.0,152283
2025-09-10,919.0499877929688,919.0499877929688,941.5,916.2000122070312,934.7999877929688,117818
2025-09-11,920.3499755859375,920.3499755859375,935.9000244140625,909.5,926.0,127325
2025-09-12,917.75,917.75,925.2999877929688,906.2000122070312,920.3499755859375,97829
2025-09-15,922.9000244140625,922.9000244140625,931.5499877929688,907.0,908.0,129988
2025-09-16,924.8499755859375,924.8499755859375,934.2000122070312,921.2000122070312,922.9500122070312,63562
2025-09-17,913.5499877929688,913.5499877929688,925.2000122070312,910.0,925.0,150454
2025-09-18,915.25,915.25,918.9500122070312,909.0,914.4000244140625,75439
2025-09-19,908.2000122070312,908.2000122070312,916.9500122070312,899.2999877929688,915.0,179161
2025-09-22,918.3499755859375,918.3499755859375,929.5999755859375,897.2999877929688,908.0,153494
2025-09-23,902.8499755859375,902.8499755859375,917.0,901.0,917.0,91819
2025-09-24,918.7999877929688,918.7999877929688,939.0,879.3499755859375,895.0,594226
2025-09-25,920.3499755859375,920.3499755859375,930.2000122070312,911.0,911.0,147171
2025-09-26,907.25,907.25,919.9500122070312,902.0999755859375,915.0499877929688,148322
2025-09-29,908.9000244140625,908.9000244140625,931.4000244140625,905.0,912.7999877929688,199243
2025-09-30,913.2999877929688,913.2999877929688,920.0,905.0,907.2999877929688,92336
2025-10-01,924.3499755859375,924.3499755859375,930.0999755859375,907.0,919.9500122070312,83325
2025-10-03,970.7999877929688,970.7999877929688,978.9000244140625,920.0,920.0,987823
2025-10-06,959.3499755859375,959.3499755859375,988.0,955.0,975.5999755859375,262825
2025-10-07,927.3499755859375,927.3499755859375,965.5499877929688,916.4500122070312,945.0,317994
2025-10-08,931.4500122070312,931.4500122070312,935.2000122070312,923.0,933.0,382839
2025-10-09,945.7000122070312,945.7000122070312,956.5,930.0,931.2000122070312,200273
2025-10-10,931.6500244140625,931.6500244140625,946.6500244140625,923.0,944.4500122070312,159558
2025-10-13,925.8499755859375,925.8499755859375,932.0,909.4500122070312,915.0,140422
2025-10-14,928.4000244140625,928.4000244140625,934.8499755859375,913.5999755859375,934.8499755859375,181859
2025-10-15,915.5999755859375,915.5999755859375,928.4000244140625,902.2999877929688,928.4000244140625,182896
2025-10-16,916.0999755859375,916.0999755859375,928.7000122070312,915.0,916.0,90004
2025-10-17,918.0,918.0,929.0,913.9000244140625,922.0999755859375,104470
2025-10-20,924.75,924.75,931.5499877929688,906.0999755859375,917.25,204858
2025-10-21,927.0999755859375,927.0999755859375,933.3499755859375,921.6500244140625,926.0,22145
2025-10-23,908.2999877929688,908.2999877929688,926.5999755859375,906.0499877929688,923.0999755859375,154110
2025-10-24,903.6500244140625,903.6500244140625,911.0,895.0,908.0,159719
2025-10-27,897.0999755859375,897.0999755859375,909.0,893.4000244140625,904.0,99736
2025-10-28,905.1500244140625,905.1500244140625,912.0,888.6500244140625,903.0,136955
2025-10-29,915.7000122070312,915.7000122070312,927.75,897.5999755859375,897.5999755859375,269867
2025-10-30,906.25,906.25,918.0,903.0,916.0,56835
2025-10-31,877.8499755859375,877.8499755859375,906.0,874.2000122070312,903.0,168812
2025-11-03,901.2000122070312,901.2000122070312,915.0,870.5,876.0,320022
2025-11-04,886.7999877929688,886.7999877929688,907.2000122070312,875.0,901.2000122070312,236628
2025-11-06,839.2999877929688,839.2999877929688,894.9500122070312,835.5,875.5,357821
2025-11-07,860.5499877929688,860.5499877929688,895.0,840.2999877929688,843.75,1052163
2025-11-10,851.2999877929688,851.2999877929688,864.2999877929688,841.9000244140625,852.0,212523
2025-11-11,854.7999877929688,854.7999877929688,859.4500122070312,839.7999877929688,847.0,105826
2025-11-12,863.6500244140625,863.6500244140625,873.9500122070312,846.9000244140625,854.7999877929688,204911
2025-11-13,852.5499877929688,852.5499877929688,870.0999755859375,850.7000122070312,864.0,60070
2025-11-14,855.7999877929688,855.7999877929688,860.0,844.9500122070312,845.0,84715
2025-11-17,856.0,856.0,862.5,850.5,850.7000122070312,83050
2025-11-18,847.5499877929688,847.5499877929688,857.2000122070312,840.0499877929688,855.5,72516
2025-11-19,836.7000122070312,836.7000122070312,848.9500122070312,831.0,840.0499877929688,66261
2025-11-20,835.0,835.0,840.0,821.0,835.1500244140625,129296
2025-11-21,826.2000122070312,826.2000122070312,834.2000122070312,818.0,829.4000244140625,75415
2025-11-24,811.8499755859375,811.8499755859375,871.8499755859375,803.25,866.7000122070312,1346170
2025-11-25,818.4000244140625,818.4000244140625,840.0,803.2000122070312,814.4000244140625,152363
2025-11-26,827.0999755859375,827.0999755859375,837.5499877929688,812.75,825.0,93354
2025-11-27,818.9500122070312,818.9500122070312,834.0999755859375,814.7999877929688,826.5,64561
2025-11-28,813.9000244140625,813.9000244140625,819.7000122070312,808.0,818.9500122070312,59287
2025-12-01,820.1500244140625,820.1500244140625,826.7999877929688,810.5999755859375,813.9000244140625,149993
2025-12-02,808.5999755859375,808.5999755859375,821.0499877929688,806.2999877929688,820.1500244140625,55718
2025-12-03,804.75,804.75,810.3499755859375,796.4000244140625,808.0,135642
2025-12-04,801.2000122070312,801.2000122070312,806.0,795.1500244140625,804.0,57805
2025-12-05,802.9000244140625,802.9000244140625,815.5499877929688,783.8499755859375,815.5,296604
2025-12-08,799.7999877929688,799.7999877929688,809.5999755859375,789.0499877929688,796.1500244140625,149796
2025-12-09,816.4500122070312,816.4500122070312,824.2999877929688,776.4000244140625,798.1500244140625,166194
2025-12-10,789.3499755859375,789.3499755859375,817.75,780.7000122070312,815.9500122070312,218561
2025-12-11,794.5999755859375,794.5999755859375,803.9500122070312,785.5499877929688,786.0499877929688,148017
2025-12-12,800.9500122070312,800.9500122070312,805.0,796.4000244140625,796.5499877929688,53340
2025-12-15,809.1500244140625,809.1500244140625,812.4500122070312,796.5999755859375,800.0,113224
2025-12-16,807.0999755859375,807.0999755859375,813.9500122070312,799.4500122070312,812.5,481349
2025-12-17,804.3499755859375,804.3499755859375,808.5999755859375,801.8499755859375,808.0,45494
2025-12-18,800.8499755859375,800.8499755859375,806.7000122070312,795.7999877929688,805.0,82000
2025-12-19,818.0499877929688,818.0499877929688,824.4000244140625,797.0,797.0,78681
2025-12-22,815.2000122070312,815.2000122070312,830.0,811.0,820.9500122070312,88362
2025-12-23,826.25,826.25,839.7999877929688,817.1500244140625,823.4000244140625,211166
2025-12-24,823.75,823.75,833.75,821.9000244140625,827.0,600271
2025-12-25,823.75,823.75,823.75,823.75,823.75,0
2025-12-26,818.2000122070312,818.2000122070312,829.3499755859375,816.0499877929688,824.0,44637
2025-12-29,819.4000244140625,819.4000244140625,832.7000122070312,816.2000122070312,819.5,97414
2025-12-30,833.6500244140625,833.6500244140625,842.0,816.0,823.0,137129
2025-12-31,847.6500244140625,847.6500244140625,855.0,835.6500244140625,840.0,227186
2026-01-01,841.8499755859375,841.8499755859375,854.0,836.0,842.0,72162
2026-01-02,850.2999877929688,850.2999877929688,852.0,840.0,840.0,42944
2026-01-05,845.7999877929688,845.7999877929688,858.0,840.8499755859375,850.4500122070312,73555
2026-01-06,833.0499877929688,833.0499877929688,850.0,828.0,845.75,118892
2026-01-07,827.0999755859375,827.0999755859375,839.9500122070312,824.0,834.0,36021
2026-01-08,802.4000244140625,802.4000244140625,833.0,796.9500122070312,833.0,141964
2026-01-09,801.75,801.75,814.2000122070312,795.5,806.9000244140625,110467
2026-01-12,805.5999755859375,805.5999755859375,809.4000244140625,792.9000244140625,802.0,100595
2026-01-13,812.9500122070312,812.9500122070312,816.3499755859375,802.0,805.5999755859375,308984
2026-01-14,836.75,836.75,845.0,810.7999877929688,818.0,173634
2026-01-16,813.4500122070312,813.4500122070312,838.5999755859375,809.5499877929688,835.0,141839
